img1,img2,pair_type
augmented/calc_p1_s1/calc_p1_s1_aug1.jpg,sections/calc_p1_s1.jpg,augmentation_positive
augmented/calc_p1_s1/calc_p1_s1_aug1.jpg,augmented/calc_p1_s1/calc_p1_s1_aug2.jpg,augmentation_positive
augmented/calc_p1_s1/calc_p1_s1_aug1.jpg,augmented/calc_p1_s1/calc_p1_s1_aug3.jpg,augmentation_positive
augmented/calc_p1_s1/calc_p1_s1_aug1.jpg,augmented/calc_p1_s1/calc_p1_s1_aug4.jpg,augmentation_positive
augmented/calc_p1_s1/calc_p1_s1_aug2.jpg,sections/calc_p1_s1.jpg,augmentation_positive
augmented/calc_p1_s1/calc_p1_s1_aug2.jpg,augmented/calc_p1_s1/calc_p1_s1_aug3.jpg,augmentation_positive
augmented/calc_p1_s1/calc_p1_s1_aug2.jpg,augmented/calc_p1_s1/calc_p1_s1_aug4.jpg,augmentation_positive
augmented/calc_p1_s1/calc_p1_s1_aug3.jpg,sections/calc_p1_s1.jpg,augmentation_positive
augmented/calc_p1_s1/calc_p1_s1_aug3.jpg,augmented/calc_p1_s1/calc_p1_s1_aug4.jpg,augmentation_positive
augmented/calc_p1_s1/calc_p1_s1_aug4.jpg,sections/calc_p1_s1.jpg,augmentation_positive
augmented/calc_p1_s2/calc_p1_s2_aug1.jpg,sections/calc_p1_s2.jpg,augmentation_positive
augmented/calc_p1_s2/calc_p1_s2_aug1.jpg,augmented/calc_p1_s2/calc_p1_s2_aug2.jpg,augmentation_positive
augmented/calc_p1_s2/calc_p1_s2_aug1.jpg,augmented/calc_p1_s2/calc_p1_s2_aug3.jpg,augmentation_positive
augmented/calc_p1_s2/calc_p1_s2_aug1.jpg,augmented/calc_p1_s2/calc_p1_s2_aug4.jpg,augmentation_positive
augmented/calc_p1_s2/calc_p1_s2_aug2.jpg,sections/calc_p1_s2.jpg,augmentation_positive
augmented/calc_p1_s2/calc_p1_s2_aug2.jpg,augmented/calc_p1_s2/calc_p1_s2_aug3.jpg,augmentation_positive
augmented/calc_p1_s2/calc_p1_s2_aug2.jpg,augmented/calc_p1_s2/calc_p1_s2_aug4.jpg,augmentation_positive
augmented/calc_p1_s2/calc_p1_s2_aug3.jpg,sections/calc_p1_s2.jpg,augmentation_positive
augmented/calc_p1_s2/calc_p1_s2_aug3.jpg,augmented/calc_p1_s2/calc_p1_s2_aug4.jpg,augmentation_positive
augmented/calc_p1_s2/calc_p1_s2_aug4.jpg,sections/calc_p1_s2.jpg,augmentation_positive
augmented/calc_p1_s3/calc_p1_s3_aug1.jpg,sections/calc_p1_s3.jpg,augmentation_positive
augmented/calc_p1_s3/calc_p1_s3_aug1.jpg,augmented/calc_p1_s3/calc_p1_s3_aug2.jpg,augmentation_positive
augmented/calc_p1_s3/calc_p1_s3_aug1.jpg,augmented/calc_p1_s3/calc_p1_s3_aug3.jpg,augmentation_positive
augmented/calc_p1_s3/calc_p1_s3_aug1.jpg,augmented/calc_p1_s3/calc_p1_s3_aug4.jpg,augmentation_positive
augmented/calc_p1_s3/calc_p1_s3_aug2.jpg,sections/calc_p1_s3.jpg,augmentation_positive
augmented/calc_p1_s3/calc_p1_s3_aug2.jpg,augmented/calc_p1_s3/calc_p1_s3_aug3.jpg,augmentation_positive
augmented/calc_p1_s3/calc_p1_s3_aug2.jpg,augmented/calc_p1_s3/calc_p1_s3_aug4.jpg,augmentation_positive
augmented/calc_p1_s3/calc_p1_s3_aug3.jpg,sections/calc_p1_s3.jpg,augmentation_positive
augmented/calc_p1_s3/calc_p1_s3_aug3.jpg,augmented/calc_p1_s3/calc_p1_s3_aug4.jpg,augmentation_positive
augmented/calc_p1_s3/calc_p1_s3_aug4.jpg,sections/calc_p1_s3.jpg,augmentation_positive
augmented/calc_p1_s4/calc_p1_s4_aug1.jpg,sections/calc_p1_s4.jpg,augmentation_positive
augmented/calc_p1_s4/calc_p1_s4_aug1.jpg,augmented/calc_p1_s4/calc_p1_s4_aug2.jpg,augmentation_positive
augmented/calc_p1_s4/calc_p1_s4_aug1.jpg,augmented/calc_p1_s4/calc_p1_s4_aug3.jpg,augmentation_positive
augmented/calc_p1_s4/calc_p1_s4_aug1.jpg,augmented/calc_p1_s4/calc_p1_s4_aug4.jpg,augmentation_positive
augmented/calc_p1_s4/calc_p1_s4_aug2.jpg,sections/calc_p1_s4.jpg,augmentation_positive
augmented/calc_p1_s4/calc_p1_s4_aug2.jpg,augmented/calc_p1_s4/calc_p1_s4_aug3.jpg,augmentation_positive
augmented/calc_p1_s4/calc_p1_s4_aug2.jpg,augmented/calc_p1_s4/calc_p1_s4_aug4.jpg,augmentation_positive
augmented/calc_p1_s4/calc_p1_s4_aug3.jpg,sections/calc_p1_s4.jpg,augmentation_positive
augmented/calc_p1_s4/calc_p1_s4_aug3.jpg,augmented/calc_p1_s4/calc_p1_s4_aug4.jpg,augmentation_positive
augmented/calc_p1_s4/calc_p1_s4_aug4.jpg,sections/calc_p1_s4.jpg,augmentation_positive
augmented/calc_p1_s5/calc_p1_s5_aug1.jpg,sections/calc_p1_s5.jpg,augmentation_positive
augmented/calc_p1_s5/calc_p1_s5_aug1.jpg,augmented/calc_p1_s5/calc_p1_s5_aug2.jpg,augmentation_positive
augmented/calc_p1_s5/calc_p1_s5_aug1.jpg,augmented/calc_p1_s5/calc_p1_s5_aug3.jpg,augmentation_positive
augmented/calc_p1_s5/calc_p1_s5_aug1.jpg,augmented/calc_p1_s5/calc_p1_s5_aug4.jpg,augmentation_positive
augmented/calc_p1_s5/calc_p1_s5_aug2.jpg,sections/calc_p1_s5.jpg,augmentation_positive
augmented/calc_p1_s5/calc_p1_s5_aug2.jpg,augmented/calc_p1_s5/calc_p1_s5_aug3.jpg,augmentation_positive
augmented/calc_p1_s5/calc_p1_s5_aug2.jpg,augmented/calc_p1_s5/calc_p1_s5_aug4.jpg,augmentation_positive
augmented/calc_p1_s5/calc_p1_s5_aug3.jpg,sections/calc_p1_s5.jpg,augmentation_positive
augmented/calc_p1_s5/calc_p1_s5_aug3.jpg,augmented/calc_p1_s5/calc_p1_s5_aug4.jpg,augmentation_positive
augmented/calc_p1_s5/calc_p1_s5_aug4.jpg,sections/calc_p1_s5.jpg,augmentation_positive
augmented/calc_p1_s6/calc_p1_s6_aug1.jpg,sections/calc_p1_s6.jpg,augmentation_positive
augmented/calc_p1_s6/calc_p1_s6_aug1.jpg,augmented/calc_p1_s6/calc_p1_s6_aug2.jpg,augmentation_positive
augmented/calc_p1_s6/calc_p1_s6_aug1.jpg,augmented/calc_p1_s6/calc_p1_s6_aug3.jpg,augmentation_positive
augmented/calc_p1_s6/calc_p1_s6_aug1.jpg,augmented/calc_p1_s6/calc_p1_s6_aug4.jpg,augmentation_positive
augmented/calc_p1_s6/calc_p1_s6_aug2.jpg,sections/calc_p1_s6.jpg,augmentation_positive
augmented/calc_p1_s6/calc_p1_s6_aug2.jpg,augmented/calc_p1_s6/calc_p1_s6_aug3.jpg,augmentation_positive
augmented/calc_p1_s6/calc_p1_s6_aug2.jpg,augmented/calc_p1_s6/calc_p1_s6_aug4.jpg,augmentation_positive
augmented/calc_p1_s6/calc_p1_s6_aug3.jpg,sections/calc_p1_s6.jpg,augmentation_positive
augmented/calc_p1_s6/calc_p1_s6_aug3.jpg,augmented/calc_p1_s6/calc_p1_s6_aug4.jpg,augmentation_positive
augmented/calc_p1_s6/calc_p1_s6_aug4.jpg,sections/calc_p1_s6.jpg,augmentation_positive
augmented/calc_p2_s1/calc_p2_s1_aug1.jpg,sections/calc_p2_s1.jpg,augmentation_positive
augmented/calc_p2_s1/calc_p2_s1_aug1.jpg,augmented/calc_p2_s1/calc_p2_s1_aug2.jpg,augmentation_positive
augmented/calc_p2_s1/calc_p2_s1_aug1.jpg,augmented/calc_p2_s1/calc_p2_s1_aug3.jpg,augmentation_positive
augmented/calc_p2_s1/calc_p2_s1_aug1.jpg,augmented/calc_p2_s1/calc_p2_s1_aug4.jpg,augmentation_positive
augmented/calc_p2_s1/calc_p2_s1_aug2.jpg,sections/calc_p2_s1.jpg,augmentation_positive
augmented/calc_p2_s1/calc_p2_s1_aug2.jpg,augmented/calc_p2_s1/calc_p2_s1_aug3.jpg,augmentation_positive
augmented/calc_p2_s1/calc_p2_s1_aug2.jpg,augmented/calc_p2_s1/calc_p2_s1_aug4.jpg,augmentation_positive
augmented/calc_p2_s1/calc_p2_s1_aug3.jpg,sections/calc_p2_s1.jpg,augmentation_positive
augmented/calc_p2_s1/calc_p2_s1_aug3.jpg,augmented/calc_p2_s1/calc_p2_s1_aug4.jpg,augmentation_positive
augmented/calc_p2_s1/calc_p2_s1_aug4.jpg,sections/calc_p2_s1.jpg,augmentation_positive
augmented/calc_p2_s2/calc_p2_s2_aug1.jpg,sections/calc_p2_s2.jpg,augmentation_positive
augmented/calc_p2_s2/calc_p2_s2_aug1.jpg,augmented/calc_p2_s2/calc_p2_s2_aug2.jpg,augmentation_positive
augmented/calc_p2_s2/calc_p2_s2_aug1.jpg,augmented/calc_p2_s2/calc_p2_s2_aug3.jpg,augmentation_positive
augmented/calc_p2_s2/calc_p2_s2_aug1.jpg,augmented/calc_p2_s2/calc_p2_s2_aug4.jpg,augmentation_positive
augmented/calc_p2_s2/calc_p2_s2_aug2.jpg,sections/calc_p2_s2.jpg,augmentation_positive
augmented/calc_p2_s2/calc_p2_s2_aug2.jpg,augmented/calc_p2_s2/calc_p2_s2_aug3.jpg,augmentation_positive
augmented/calc_p2_s2/calc_p2_s2_aug2.jpg,augmented/calc_p2_s2/calc_p2_s2_aug4.jpg,augmentation_positive
augmented/calc_p2_s2/calc_p2_s2_aug3.jpg,sections/calc_p2_s2.jpg,augmentation_positive
augmented/calc_p2_s2/calc_p2_s2_aug3.jpg,augmented/calc_p2_s2/calc_p2_s2_aug4.jpg,augmentation_positive
augmented/calc_p2_s2/calc_p2_s2_aug4.jpg,sections/calc_p2_s2.jpg,augmentation_positive
augmented/calc_p2_s3/calc_p2_s3_aug1.jpg,sections/calc_p2_s3.jpg,augmentation_positive
augmented/calc_p2_s3/calc_p2_s3_aug1.jpg,augmented/calc_p2_s3/calc_p2_s3_aug2.jpg,augmentation_positive
augmented/calc_p2_s3/calc_p2_s3_aug1.jpg,augmented/calc_p2_s3/calc_p2_s3_aug3.jpg,augmentation_positive
augmented/calc_p2_s3/calc_p2_s3_aug1.jpg,augmented/calc_p2_s3/calc_p2_s3_aug4.jpg,augmentation_positive
augmented/calc_p2_s3/calc_p2_s3_aug2.jpg,sections/calc_p2_s3.jpg,augmentation_positive
augmented/calc_p2_s3/calc_p2_s3_aug2.jpg,augmented/calc_p2_s3/calc_p2_s3_aug3.jpg,augmentation_positive
augmented/calc_p2_s3/calc_p2_s3_aug2.jpg,augmented/calc_p2_s3/calc_p2_s3_aug4.jpg,augmentation_positive
augmented/calc_p2_s3/calc_p2_s3_aug3.jpg,sections/calc_p2_s3.jpg,augmentation_positive
augmented/calc_p2_s3/calc_p2_s3_aug3.jpg,augmented/calc_p2_s3/calc_p2_s3_aug4.jpg,augmentation_positive
augmented/calc_p2_s3/calc_p2_s3_aug4.jpg,sections/calc_p2_s3.jpg,augmentation_positive
augmented/calc_p4_s1/calc_p4_s1_aug1.jpg,sections/calc_p4_s1.jpg,augmentation_positive
augmented/calc_p4_s1/calc_p4_s1_aug1.jpg,augmented/calc_p4_s1/calc_p4_s1_aug2.jpg,augmentation_positive
augmented/calc_p4_s1/calc_p4_s1_aug1.jpg,augmented/calc_p4_s1/calc_p4_s1_aug3.jpg,augmentation_positive
augmented/calc_p4_s1/calc_p4_s1_aug1.jpg,augmented/calc_p4_s1/calc_p4_s1_aug4.jpg,augmentation_positive
augmented/calc_p4_s1/calc_p4_s1_aug2.jpg,sections/calc_p4_s1.jpg,augmentation_positive
augmented/calc_p4_s1/calc_p4_s1_aug2.jpg,augmented/calc_p4_s1/calc_p4_s1_aug3.jpg,augmentation_positive
augmented/calc_p4_s1/calc_p4_s1_aug2.jpg,augmented/calc_p4_s1/calc_p4_s1_aug4.jpg,augmentation_positive
augmented/calc_p4_s1/calc_p4_s1_aug3.jpg,sections/calc_p4_s1.jpg,augmentation_positive
augmented/calc_p4_s1/calc_p4_s1_aug3.jpg,augmented/calc_p4_s1/calc_p4_s1_aug4.jpg,augmentation_positive
augmented/calc_p4_s1/calc_p4_s1_aug4.jpg,sections/calc_p4_s1.jpg,augmentation_positive
augmented/calc_p4_s2/calc_p4_s2_aug1.jpg,sections/calc_p4_s2.jpg,augmentation_positive
augmented/calc_p4_s2/calc_p4_s2_aug1.jpg,augmented/calc_p4_s2/calc_p4_s2_aug2.jpg,augmentation_positive
augmented/calc_p4_s2/calc_p4_s2_aug1.jpg,augmented/calc_p4_s2/calc_p4_s2_aug3.jpg,augmentation_positive
augmented/calc_p4_s2/calc_p4_s2_aug1.jpg,augmented/calc_p4_s2/calc_p4_s2_aug4.jpg,augmentation_positive
augmented/calc_p4_s2/calc_p4_s2_aug2.jpg,sections/calc_p4_s2.jpg,augmentation_positive
augmented/calc_p4_s2/calc_p4_s2_aug2.jpg,augmented/calc_p4_s2/calc_p4_s2_aug3.jpg,augmentation_positive
augmented/calc_p4_s2/calc_p4_s2_aug2.jpg,augmented/calc_p4_s2/calc_p4_s2_aug4.jpg,augmentation_positive
augmented/calc_p4_s2/calc_p4_s2_aug3.jpg,sections/calc_p4_s2.jpg,augmentation_positive
augmented/calc_p4_s2/calc_p4_s2_aug3.jpg,augmented/calc_p4_s2/calc_p4_s2_aug4.jpg,augmentation_positive
augmented/calc_p4_s2/calc_p4_s2_aug4.jpg,sections/calc_p4_s2.jpg,augmentation_positive
augmented/calc_p4_s3/calc_p4_s3_aug1.jpg,sections/calc_p4_s3.jpg,augmentation_positive
augmented/calc_p4_s3/calc_p4_s3_aug1.jpg,augmented/calc_p4_s3/calc_p4_s3_aug2.jpg,augmentation_positive
augmented/calc_p4_s3/calc_p4_s3_aug1.jpg,augmented/calc_p4_s3/calc_p4_s3_aug3.jpg,augmentation_positive
augmented/calc_p4_s3/calc_p4_s3_aug1.jpg,augmented/calc_p4_s3/calc_p4_s3_aug4.jpg,augmentation_positive
augmented/calc_p4_s3/calc_p4_s3_aug2.jpg,sections/calc_p4_s3.jpg,augmentation_positive
augmented/calc_p4_s3/calc_p4_s3_aug2.jpg,augmented/calc_p4_s3/calc_p4_s3_aug3.jpg,augmentation_positive
augmented/calc_p4_s3/calc_p4_s3_aug2.jpg,augmented/calc_p4_s3/calc_p4_s3_aug4.jpg,augmentation_positive
augmented/calc_p4_s3/calc_p4_s3_aug3.jpg,sections/calc_p4_s3.jpg,augmentation_positive
augmented/calc_p4_s3/calc_p4_s3_aug3.jpg,augmented/calc_p4_s3/calc_p4_s3_aug4.jpg,augmentation_positive
augmented/calc_p4_s3/calc_p4_s3_aug4.jpg,sections/calc_p4_s3.jpg,augmentation_positive
augmented/calc_p4_s4/calc_p4_s4_aug1.jpg,sections/calc_p4_s4.jpg,augmentation_positive
augmented/calc_p4_s4/calc_p4_s4_aug1.jpg,augmented/calc_p4_s4/calc_p4_s4_aug2.jpg,augmentation_positive
augmented/calc_p4_s4/calc_p4_s4_aug1.jpg,augmented/calc_p4_s4/calc_p4_s4_aug3.jpg,augmentation_positive
augmented/calc_p4_s4/calc_p4_s4_aug1.jpg,augmented/calc_p4_s4/calc_p4_s4_aug4.jpg,augmentation_positive
augmented/calc_p4_s4/calc_p4_s4_aug2.jpg,sections/calc_p4_s4.jpg,augmentation_positive
augmented/calc_p4_s4/calc_p4_s4_aug2.jpg,augmented/calc_p4_s4/calc_p4_s4_aug3.jpg,augmentation_positive
augmented/calc_p4_s4/calc_p4_s4_aug2.jpg,augmented/calc_p4_s4/calc_p4_s4_aug4.jpg,augmentation_positive
augmented/calc_p4_s4/calc_p4_s4_aug3.jpg,sections/calc_p4_s4.jpg,augmentation_positive
augmented/calc_p4_s4/calc_p4_s4_aug3.jpg,augmented/calc_p4_s4/calc_p4_s4_aug4.jpg,augmentation_positive
augmented/calc_p4_s4/calc_p4_s4_aug4.jpg,sections/calc_p4_s4.jpg,augmentation_positive
augmented/calc_p4_s6/calc_p4_s6_aug1.jpg,sections/calc_p4_s6.jpg,augmentation_positive
augmented/calc_p4_s6/calc_p4_s6_aug1.jpg,augmented/calc_p4_s6/calc_p4_s6_aug2.jpg,augmentation_positive
augmented/calc_p4_s6/calc_p4_s6_aug1.jpg,augmented/calc_p4_s6/calc_p4_s6_aug3.jpg,augmentation_positive
augmented/calc_p4_s6/calc_p4_s6_aug1.jpg,augmented/calc_p4_s6/calc_p4_s6_aug4.jpg,augmentation_positive
augmented/calc_p4_s6/calc_p4_s6_aug2.jpg,sections/calc_p4_s6.jpg,augmentation_positive
augmented/calc_p4_s6/calc_p4_s6_aug2.jpg,augmented/calc_p4_s6/calc_p4_s6_aug3.jpg,augmentation_positive
augmented/calc_p4_s6/calc_p4_s6_aug2.jpg,augmented/calc_p4_s6/calc_p4_s6_aug4.jpg,augmentation_positive
augmented/calc_p4_s6/calc_p4_s6_aug3.jpg,sections/calc_p4_s6.jpg,augmentation_positive
augmented/calc_p4_s6/calc_p4_s6_aug3.jpg,augmented/calc_p4_s6/calc_p4_s6_aug4.jpg,augmentation_positive
augmented/calc_p4_s6/calc_p4_s6_aug4.jpg,sections/calc_p4_s6.jpg,augmentation_positive
augmented/calc_p5_s1/calc_p5_s1_aug1.jpg,sections/calc_p5_s1.jpg,augmentation_positive
augmented/calc_p5_s1/calc_p5_s1_aug1.jpg,augmented/calc_p5_s1/calc_p5_s1_aug2.jpg,augmentation_positive
augmented/calc_p5_s1/calc_p5_s1_aug1.jpg,augmented/calc_p5_s1/calc_p5_s1_aug3.jpg,augmentation_positive
augmented/calc_p5_s1/calc_p5_s1_aug1.jpg,augmented/calc_p5_s1/calc_p5_s1_aug4.jpg,augmentation_positive
augmented/calc_p5_s1/calc_p5_s1_aug2.jpg,sections/calc_p5_s1.jpg,augmentation_positive
augmented/calc_p5_s1/calc_p5_s1_aug2.jpg,augmented/calc_p5_s1/calc_p5_s1_aug3.jpg,augmentation_positive
augmented/calc_p5_s1/calc_p5_s1_aug2.jpg,augmented/calc_p5_s1/calc_p5_s1_aug4.jpg,augmentation_positive
augmented/calc_p5_s1/calc_p5_s1_aug3.jpg,sections/calc_p5_s1.jpg,augmentation_positive
augmented/calc_p5_s1/calc_p5_s1_aug3.jpg,augmented/calc_p5_s1/calc_p5_s1_aug4.jpg,augmentation_positive
augmented/calc_p5_s1/calc_p5_s1_aug4.jpg,sections/calc_p5_s1.jpg,augmentation_positive
augmented/calc_p5_s2/calc_p5_s2_aug1.jpg,sections/calc_p5_s2.jpg,augmentation_positive
augmented/calc_p5_s2/calc_p5_s2_aug1.jpg,augmented/calc_p5_s2/calc_p5_s2_aug2.jpg,augmentation_positive
augmented/calc_p5_s2/calc_p5_s2_aug1.jpg,augmented/calc_p5_s2/calc_p5_s2_aug3.jpg,augmentation_positive
augmented/calc_p5_s2/calc_p5_s2_aug1.jpg,augmented/calc_p5_s2/calc_p5_s2_aug4.jpg,augmentation_positive
augmented/calc_p5_s2/calc_p5_s2_aug2.jpg,sections/calc_p5_s2.jpg,augmentation_positive
augmented/calc_p5_s2/calc_p5_s2_aug2.jpg,augmented/calc_p5_s2/calc_p5_s2_aug3.jpg,augmentation_positive
augmented/calc_p5_s2/calc_p5_s2_aug2.jpg,augmented/calc_p5_s2/calc_p5_s2_aug4.jpg,augmentation_positive
augmented/calc_p5_s2/calc_p5_s2_aug3.jpg,sections/calc_p5_s2.jpg,augmentation_positive
augmented/calc_p5_s2/calc_p5_s2_aug3.jpg,augmented/calc_p5_s2/calc_p5_s2_aug4.jpg,augmentation_positive
augmented/calc_p5_s2/calc_p5_s2_aug4.jpg,sections/calc_p5_s2.jpg,augmentation_positive
augmented/calc_p5_s3/calc_p5_s3_aug1.jpg,sections/calc_p5_s3.jpg,augmentation_positive
augmented/calc_p5_s3/calc_p5_s3_aug1.jpg,augmented/calc_p5_s3/calc_p5_s3_aug2.jpg,augmentation_positive
augmented/calc_p5_s3/calc_p5_s3_aug1.jpg,augmented/calc_p5_s3/calc_p5_s3_aug3.jpg,augmentation_positive
augmented/calc_p5_s3/calc_p5_s3_aug1.jpg,augmented/calc_p5_s3/calc_p5_s3_aug4.jpg,augmentation_positive
augmented/calc_p5_s3/calc_p5_s3_aug2.jpg,sections/calc_p5_s3.jpg,augmentation_positive
augmented/calc_p5_s3/calc_p5_s3_aug2.jpg,augmented/calc_p5_s3/calc_p5_s3_aug3.jpg,augmentation_positive
augmented/calc_p5_s3/calc_p5_s3_aug2.jpg,augmented/calc_p5_s3/calc_p5_s3_aug4.jpg,augmentation_positive
augmented/calc_p5_s3/calc_p5_s3_aug3.jpg,sections/calc_p5_s3.jpg,augmentation_positive
augmented/calc_p5_s3/calc_p5_s3_aug3.jpg,augmented/calc_p5_s3/calc_p5_s3_aug4.jpg,augmentation_positive
augmented/calc_p5_s3/calc_p5_s3_aug4.jpg,sections/calc_p5_s3.jpg,augmentation_positive
augmented/calc_p5_s5/calc_p5_s5_aug1.jpg,sections/calc_p5_s5.jpg,augmentation_positive
augmented/calc_p5_s5/calc_p5_s5_aug1.jpg,augmented/calc_p5_s5/calc_p5_s5_aug2.jpg,augmentation_positive
augmented/calc_p5_s5/calc_p5_s5_aug1.jpg,augmented/calc_p5_s5/calc_p5_s5_aug3.jpg,augmentation_positive
augmented/calc_p5_s5/calc_p5_s5_aug1.jpg,augmented/calc_p5_s5/calc_p5_s5_aug4.jpg,augmentation_positive
augmented/calc_p5_s5/calc_p5_s5_aug2.jpg,sections/calc_p5_s5.jpg,augmentation_positive
augmented/calc_p5_s5/calc_p5_s5_aug2.jpg,augmented/calc_p5_s5/calc_p5_s5_aug3.jpg,augmentation_positive
augmented/calc_p5_s5/calc_p5_s5_aug2.jpg,augmented/calc_p5_s5/calc_p5_s5_aug4.jpg,augmentation_positive
augmented/calc_p5_s5/calc_p5_s5_aug3.jpg,sections/calc_p5_s5.jpg,augmentation_positive
augmented/calc_p5_s5/calc_p5_s5_aug3.jpg,augmented/calc_p5_s5/calc_p5_s5_aug4.jpg,augmentation_positive
augmented/calc_p5_s5/calc_p5_s5_aug4.jpg,sections/calc_p5_s5.jpg,augmentation_positive
augmented/calc_p6_s1/calc_p6_s1_aug1.jpg,sections/calc_p6_s1.jpg,augmentation_positive
augmented/calc_p6_s1/calc_p6_s1_aug1.jpg,augmented/calc_p6_s1/calc_p6_s1_aug2.jpg,augmentation_positive
augmented/calc_p6_s1/calc_p6_s1_aug1.jpg,augmented/calc_p6_s1/calc_p6_s1_aug3.jpg,augmentation_positive
augmented/calc_p6_s1/calc_p6_s1_aug1.jpg,augmented/calc_p6_s1/calc_p6_s1_aug4.jpg,augmentation_positive
augmented/calc_p6_s1/calc_p6_s1_aug2.jpg,sections/calc_p6_s1.jpg,augmentation_positive
augmented/calc_p6_s1/calc_p6_s1_aug2.jpg,augmented/calc_p6_s1/calc_p6_s1_aug3.jpg,augmentation_positive
augmented/calc_p6_s1/calc_p6_s1_aug2.jpg,augmented/calc_p6_s1/calc_p6_s1_aug4.jpg,augmentation_positive
augmented/calc_p6_s1/calc_p6_s1_aug3.jpg,sections/calc_p6_s1.jpg,augmentation_positive
augmented/calc_p6_s1/calc_p6_s1_aug3.jpg,augmented/calc_p6_s1/calc_p6_s1_aug4.jpg,augmentation_positive
augmented/calc_p6_s1/calc_p6_s1_aug4.jpg,sections/calc_p6_s1.jpg,augmentation_positive
augmented/calc_p6_s2/calc_p6_s2_aug1.jpg,sections/calc_p6_s2.jpg,augmentation_positive
augmented/calc_p6_s2/calc_p6_s2_aug1.jpg,augmented/calc_p6_s2/calc_p6_s2_aug2.jpg,augmentation_positive
augmented/calc_p6_s2/calc_p6_s2_aug1.jpg,augmented/calc_p6_s2/calc_p6_s2_aug3.jpg,augmentation_positive
augmented/calc_p6_s2/calc_p6_s2_aug1.jpg,augmented/calc_p6_s2/calc_p6_s2_aug4.jpg,augmentation_positive
augmented/calc_p6_s2/calc_p6_s2_aug2.jpg,sections/calc_p6_s2.jpg,augmentation_positive
augmented/calc_p6_s2/calc_p6_s2_aug2.jpg,augmented/calc_p6_s2/calc_p6_s2_aug3.jpg,augmentation_positive
augmented/calc_p6_s2/calc_p6_s2_aug2.jpg,augmented/calc_p6_s2/calc_p6_s2_aug4.jpg,augmentation_positive
augmented/calc_p6_s2/calc_p6_s2_aug3.jpg,sections/calc_p6_s2.jpg,augmentation_positive
augmented/calc_p6_s2/calc_p6_s2_aug3.jpg,augmented/calc_p6_s2/calc_p6_s2_aug4.jpg,augmentation_positive
augmented/calc_p6_s2/calc_p6_s2_aug4.jpg,sections/calc_p6_s2.jpg,augmentation_positive
augmented/calc_p6_s3/calc_p6_s3_aug1.jpg,sections/calc_p6_s3.jpg,augmentation_positive
augmented/calc_p6_s3/calc_p6_s3_aug1.jpg,augmented/calc_p6_s3/calc_p6_s3_aug2.jpg,augmentation_positive
augmented/calc_p6_s3/calc_p6_s3_aug1.jpg,augmented/calc_p6_s3/calc_p6_s3_aug3.jpg,augmentation_positive
augmented/calc_p6_s3/calc_p6_s3_aug1.jpg,augmented/calc_p6_s3/calc_p6_s3_aug4.jpg,augmentation_positive
augmented/calc_p6_s3/calc_p6_s3_aug2.jpg,sections/calc_p6_s3.jpg,augmentation_positive
augmented/calc_p6_s3/calc_p6_s3_aug2.jpg,augmented/calc_p6_s3/calc_p6_s3_aug3.jpg,augmentation_positive
augmented/calc_p6_s3/calc_p6_s3_aug2.jpg,augmented/calc_p6_s3/calc_p6_s3_aug4.jpg,augmentation_positive
augmented/calc_p6_s3/calc_p6_s3_aug3.jpg,sections/calc_p6_s3.jpg,augmentation_positive
augmented/calc_p6_s3/calc_p6_s3_aug3.jpg,augmented/calc_p6_s3/calc_p6_s3_aug4.jpg,augmentation_positive
augmented/calc_p6_s3/calc_p6_s3_aug4.jpg,sections/calc_p6_s3.jpg,augmentation_positive
augmented/calc_p6_s4/calc_p6_s4_aug1.jpg,sections/calc_p6_s4.jpg,augmentation_positive
augmented/calc_p6_s4/calc_p6_s4_aug1.jpg,augmented/calc_p6_s4/calc_p6_s4_aug2.jpg,augmentation_positive
augmented/calc_p6_s4/calc_p6_s4_aug1.jpg,augmented/calc_p6_s4/calc_p6_s4_aug3.jpg,augmentation_positive
augmented/calc_p6_s4/calc_p6_s4_aug1.jpg,augmented/calc_p6_s4/calc_p6_s4_aug4.jpg,augmentation_positive
augmented/calc_p6_s4/calc_p6_s4_aug2.jpg,sections/calc_p6_s4.jpg,augmentation_positive
augmented/calc_p6_s4/calc_p6_s4_aug2.jpg,augmented/calc_p6_s4/calc_p6_s4_aug3.jpg,augmentation_positive
augmented/calc_p6_s4/calc_p6_s4_aug2.jpg,augmented/calc_p6_s4/calc_p6_s4_aug4.jpg,augmentation_positive
augmented/calc_p6_s4/calc_p6_s4_aug3.jpg,sections/calc_p6_s4.jpg,augmentation_positive
augmented/calc_p6_s4/calc_p6_s4_aug3.jpg,augmented/calc_p6_s4/calc_p6_s4_aug4.jpg,augmentation_positive
augmented/calc_p6_s4/calc_p6_s4_aug4.jpg,sections/calc_p6_s4.jpg,augmentation_positive
augmented/calc_p7_s1/calc_p7_s1_aug1.jpg,sections/calc_p7_s1.jpg,augmentation_positive
augmented/calc_p7_s1/calc_p7_s1_aug1.jpg,augmented/calc_p7_s1/calc_p7_s1_aug2.jpg,augmentation_positive
augmented/calc_p7_s1/calc_p7_s1_aug1.jpg,augmented/calc_p7_s1/calc_p7_s1_aug3.jpg,augmentation_positive
augmented/calc_p7_s1/calc_p7_s1_aug1.jpg,augmented/calc_p7_s1/calc_p7_s1_aug4.jpg,augmentation_positive
augmented/calc_p7_s1/calc_p7_s1_aug2.jpg,sections/calc_p7_s1.jpg,augmentation_positive
augmented/calc_p7_s1/calc_p7_s1_aug2.jpg,augmented/calc_p7_s1/calc_p7_s1_aug3.jpg,augmentation_positive
augmented/calc_p7_s1/calc_p7_s1_aug2.jpg,augmented/calc_p7_s1/calc_p7_s1_aug4.jpg,augmentation_positive
augmented/calc_p7_s1/calc_p7_s1_aug3.jpg,sections/calc_p7_s1.jpg,augmentation_positive
augmented/calc_p7_s1/calc_p7_s1_aug3.jpg,augmented/calc_p7_s1/calc_p7_s1_aug4.jpg,augmentation_positive
augmented/calc_p7_s1/calc_p7_s1_aug4.jpg,sections/calc_p7_s1.jpg,augmentation_positive
augmented/calc_p7_s2/calc_p7_s2_aug1.jpg,sections/calc_p7_s2.jpg,augmentation_positive
augmented/calc_p7_s2/calc_p7_s2_aug1.jpg,augmented/calc_p7_s2/calc_p7_s2_aug2.jpg,augmentation_positive
augmented/calc_p7_s2/calc_p7_s2_aug1.jpg,augmented/calc_p7_s2/calc_p7_s2_aug3.jpg,augmentation_positive
augmented/calc_p7_s2/calc_p7_s2_aug1.jpg,augmented/calc_p7_s2/calc_p7_s2_aug4.jpg,augmentation_positive
augmented/calc_p7_s2/calc_p7_s2_aug2.jpg,sections/calc_p7_s2.jpg,augmentation_positive
augmented/calc_p7_s2/calc_p7_s2_aug2.jpg,augmented/calc_p7_s2/calc_p7_s2_aug3.jpg,augmentation_positive
augmented/calc_p7_s2/calc_p7_s2_aug2.jpg,augmented/calc_p7_s2/calc_p7_s2_aug4.jpg,augmentation_positive
augmented/calc_p7_s2/calc_p7_s2_aug3.jpg,sections/calc_p7_s2.jpg,augmentation_positive
augmented/calc_p7_s2/calc_p7_s2_aug3.jpg,augmented/calc_p7_s2/calc_p7_s2_aug4.jpg,augmentation_positive
augmented/calc_p7_s2/calc_p7_s2_aug4.jpg,sections/calc_p7_s2.jpg,augmentation_positive
augmented/calc_p7_s4/calc_p7_s4_aug1.jpg,sections/calc_p7_s4.jpg,augmentation_positive
augmented/calc_p7_s4/calc_p7_s4_aug1.jpg,augmented/calc_p7_s4/calc_p7_s4_aug2.jpg,augmentation_positive
augmented/calc_p7_s4/calc_p7_s4_aug1.jpg,augmented/calc_p7_s4/calc_p7_s4_aug3.jpg,augmentation_positive
augmented/calc_p7_s4/calc_p7_s4_aug1.jpg,augmented/calc_p7_s4/calc_p7_s4_aug4.jpg,augmentation_positive
augmented/calc_p7_s4/calc_p7_s4_aug2.jpg,sections/calc_p7_s4.jpg,augmentation_positive
augmented/calc_p7_s4/calc_p7_s4_aug2.jpg,augmented/calc_p7_s4/calc_p7_s4_aug3.jpg,augmentation_positive
augmented/calc_p7_s4/calc_p7_s4_aug2.jpg,augmented/calc_p7_s4/calc_p7_s4_aug4.jpg,augmentation_positive
augmented/calc_p7_s4/calc_p7_s4_aug3.jpg,sections/calc_p7_s4.jpg,augmentation_positive
augmented/calc_p7_s4/calc_p7_s4_aug3.jpg,augmented/calc_p7_s4/calc_p7_s4_aug4.jpg,augmentation_positive
augmented/calc_p7_s4/calc_p7_s4_aug4.jpg,sections/calc_p7_s4.jpg,augmentation_positive
augmented/calc_p7_s5/calc_p7_s5_aug1.jpg,sections/calc_p7_s5.jpg,augmentation_positive
augmented/calc_p7_s5/calc_p7_s5_aug1.jpg,augmented/calc_p7_s5/calc_p7_s5_aug2.jpg,augmentation_positive
augmented/calc_p7_s5/calc_p7_s5_aug1.jpg,augmented/calc_p7_s5/calc_p7_s5_aug3.jpg,augmentation_positive
augmented/calc_p7_s5/calc_p7_s5_aug1.jpg,augmented/calc_p7_s5/calc_p7_s5_aug4.jpg,augmentation_positive
augmented/calc_p7_s5/calc_p7_s5_aug2.jpg,sections/calc_p7_s5.jpg,augmentation_positive
augmented/calc_p7_s5/calc_p7_s5_aug2.jpg,augmented/calc_p7_s5/calc_p7_s5_aug3.jpg,augmentation_positive
augmented/calc_p7_s5/calc_p7_s5_aug2.jpg,augmented/calc_p7_s5/calc_p7_s5_aug4.jpg,augmentation_positive
augmented/calc_p7_s5/calc_p7_s5_aug3.jpg,sections/calc_p7_s5.jpg,augmentation_positive
augmented/calc_p7_s5/calc_p7_s5_aug3.jpg,augmented/calc_p7_s5/calc_p7_s5_aug4.jpg,augmentation_positive
augmented/calc_p7_s5/calc_p7_s5_aug4.jpg,sections/calc_p7_s5.jpg,augmentation_positive
augmented/calc_p8_s1/calc_p8_s1_aug1.jpg,sections/calc_p8_s1.jpg,augmentation_positive
augmented/calc_p8_s1/calc_p8_s1_aug1.jpg,augmented/calc_p8_s1/calc_p8_s1_aug2.jpg,augmentation_positive
augmented/calc_p8_s1/calc_p8_s1_aug1.jpg,augmented/calc_p8_s1/calc_p8_s1_aug3.jpg,augmentation_positive
augmented/calc_p8_s1/calc_p8_s1_aug1.jpg,augmented/calc_p8_s1/calc_p8_s1_aug4.jpg,augmentation_positive
augmented/calc_p8_s1/calc_p8_s1_aug2.jpg,sections/calc_p8_s1.jpg,augmentation_positive
augmented/calc_p8_s1/calc_p8_s1_aug2.jpg,augmented/calc_p8_s1/calc_p8_s1_aug3.jpg,augmentation_positive
augmented/calc_p8_s1/calc_p8_s1_aug2.jpg,augmented/calc_p8_s1/calc_p8_s1_aug4.jpg,augmentation_positive
augmented/calc_p8_s1/calc_p8_s1_aug3.jpg,sections/calc_p8_s1.jpg,augmentation_positive
augmented/calc_p8_s1/calc_p8_s1_aug3.jpg,augmented/calc_p8_s1/calc_p8_s1_aug4.jpg,augmentation_positive
augmented/calc_p8_s1/calc_p8_s1_aug4.jpg,sections/calc_p8_s1.jpg,augmentation_positive
augmented/calc_p8_s2/calc_p8_s2_aug1.jpg,sections/calc_p8_s2.jpg,augmentation_positive
augmented/calc_p8_s2/calc_p8_s2_aug1.jpg,augmented/calc_p8_s2/calc_p8_s2_aug2.jpg,augmentation_positive
augmented/calc_p8_s2/calc_p8_s2_aug1.jpg,augmented/calc_p8_s2/calc_p8_s2_aug3.jpg,augmentation_positive
augmented/calc_p8_s2/calc_p8_s2_aug1.jpg,augmented/calc_p8_s2/calc_p8_s2_aug4.jpg,augmentation_positive
augmented/calc_p8_s2/calc_p8_s2_aug2.jpg,sections/calc_p8_s2.jpg,augmentation_positive
augmented/calc_p8_s2/calc_p8_s2_aug2.jpg,augmented/calc_p8_s2/calc_p8_s2_aug3.jpg,augmentation_positive
augmented/calc_p8_s2/calc_p8_s2_aug2.jpg,augmented/calc_p8_s2/calc_p8_s2_aug4.jpg,augmentation_positive
augmented/calc_p8_s2/calc_p8_s2_aug3.jpg,sections/calc_p8_s2.jpg,augmentation_positive
augmented/calc_p8_s2/calc_p8_s2_aug3.jpg,augmented/calc_p8_s2/calc_p8_s2_aug4.jpg,augmentation_positive
augmented/calc_p8_s2/calc_p8_s2_aug4.jpg,sections/calc_p8_s2.jpg,augmentation_positive
augmented/calc_p8_s3/calc_p8_s3_aug1.jpg,sections/calc_p8_s3.jpg,augmentation_positive
augmented/calc_p8_s3/calc_p8_s3_aug1.jpg,augmented/calc_p8_s3/calc_p8_s3_aug2.jpg,augmentation_positive
augmented/calc_p8_s3/calc_p8_s3_aug1.jpg,augmented/calc_p8_s3/calc_p8_s3_aug3.jpg,augmentation_positive
augmented/calc_p8_s3/calc_p8_s3_aug1.jpg,augmented/calc_p8_s3/calc_p8_s3_aug4.jpg,augmentation_positive
augmented/calc_p8_s3/calc_p8_s3_aug2.jpg,sections/calc_p8_s3.jpg,augmentation_positive
augmented/calc_p8_s3/calc_p8_s3_aug2.jpg,augmented/calc_p8_s3/calc_p8_s3_aug3.jpg,augmentation_positive
augmented/calc_p8_s3/calc_p8_s3_aug2.jpg,augmented/calc_p8_s3/calc_p8_s3_aug4.jpg,augmentation_positive
augmented/calc_p8_s3/calc_p8_s3_aug3.jpg,sections/calc_p8_s3.jpg,augmentation_positive
augmented/calc_p8_s3/calc_p8_s3_aug3.jpg,augmented/calc_p8_s3/calc_p8_s3_aug4.jpg,augmentation_positive
augmented/calc_p8_s3/calc_p8_s3_aug4.jpg,sections/calc_p8_s3.jpg,augmentation_positive
augmented/calc_p8_s5/calc_p8_s5_aug1.jpg,sections/calc_p8_s5.jpg,augmentation_positive
augmented/calc_p8_s5/calc_p8_s5_aug1.jpg,augmented/calc_p8_s5/calc_p8_s5_aug2.jpg,augmentation_positive
augmented/calc_p8_s5/calc_p8_s5_aug1.jpg,augmented/calc_p8_s5/calc_p8_s5_aug3.jpg,augmentation_positive
augmented/calc_p8_s5/calc_p8_s5_aug1.jpg,augmented/calc_p8_s5/calc_p8_s5_aug4.jpg,augmentation_positive
augmented/calc_p8_s5/calc_p8_s5_aug2.jpg,sections/calc_p8_s5.jpg,augmentation_positive
augmented/calc_p8_s5/calc_p8_s5_aug2.jpg,augmented/calc_p8_s5/calc_p8_s5_aug3.jpg,augmentation_positive
augmented/calc_p8_s5/calc_p8_s5_aug2.jpg,augmented/calc_p8_s5/calc_p8_s5_aug4.jpg,augmentation_positive
augmented/calc_p8_s5/calc_p8_s5_aug3.jpg,sections/calc_p8_s5.jpg,augmentation_positive
augmented/calc_p8_s5/calc_p8_s5_aug3.jpg,augmented/calc_p8_s5/calc_p8_s5_aug4.jpg,augmentation_positive
augmented/calc_p8_s5/calc_p8_s5_aug4.jpg,sections/calc_p8_s5.jpg,augmentation_positive
augmented/calc_p9_s1/calc_p9_s1_aug1.jpg,sections/calc_p9_s1.jpg,augmentation_positive
augmented/calc_p9_s1/calc_p9_s1_aug1.jpg,augmented/calc_p9_s1/calc_p9_s1_aug2.jpg,augmentation_positive
augmented/calc_p9_s1/calc_p9_s1_aug1.jpg,augmented/calc_p9_s1/calc_p9_s1_aug3.jpg,augmentation_positive
augmented/calc_p9_s1/calc_p9_s1_aug1.jpg,augmented/calc_p9_s1/calc_p9_s1_aug4.jpg,augmentation_positive
augmented/calc_p9_s1/calc_p9_s1_aug2.jpg,sections/calc_p9_s1.jpg,augmentation_positive
augmented/calc_p9_s1/calc_p9_s1_aug2.jpg,augmented/calc_p9_s1/calc_p9_s1_aug3.jpg,augmentation_positive
augmented/calc_p9_s1/calc_p9_s1_aug2.jpg,augmented/calc_p9_s1/calc_p9_s1_aug4.jpg,augmentation_positive
augmented/calc_p9_s1/calc_p9_s1_aug3.jpg,sections/calc_p9_s1.jpg,augmentation_positive
augmented/calc_p9_s1/calc_p9_s1_aug3.jpg,augmented/calc_p9_s1/calc_p9_s1_aug4.jpg,augmentation_positive
augmented/calc_p9_s1/calc_p9_s1_aug4.jpg,sections/calc_p9_s1.jpg,augmentation_positive
augmented/calc_p9_s2/calc_p9_s2_aug1.jpg,sections/calc_p9_s2.jpg,augmentation_positive
augmented/calc_p9_s2/calc_p9_s2_aug1.jpg,augmented/calc_p9_s2/calc_p9_s2_aug2.jpg,augmentation_positive
augmented/calc_p9_s2/calc_p9_s2_aug1.jpg,augmented/calc_p9_s2/calc_p9_s2_aug3.jpg,augmentation_positive
augmented/calc_p9_s2/calc_p9_s2_aug1.jpg,augmented/calc_p9_s2/calc_p9_s2_aug4.jpg,augmentation_positive
augmented/calc_p9_s2/calc_p9_s2_aug2.jpg,sections/calc_p9_s2.jpg,augmentation_positive
augmented/calc_p9_s2/calc_p9_s2_aug2.jpg,augmented/calc_p9_s2/calc_p9_s2_aug3.jpg,augmentation_positive
augmented/calc_p9_s2/calc_p9_s2_aug2.jpg,augmented/calc_p9_s2/calc_p9_s2_aug4.jpg,augmentation_positive
augmented/calc_p9_s2/calc_p9_s2_aug3.jpg,sections/calc_p9_s2.jpg,augmentation_positive
augmented/calc_p9_s2/calc_p9_s2_aug3.jpg,augmented/calc_p9_s2/calc_p9_s2_aug4.jpg,augmentation_positive
augmented/calc_p9_s2/calc_p9_s2_aug4.jpg,sections/calc_p9_s2.jpg,augmentation_positive
augmented/calc_p9_s3/calc_p9_s3_aug1.jpg,sections/calc_p9_s3.jpg,augmentation_positive
augmented/calc_p9_s3/calc_p9_s3_aug1.jpg,augmented/calc_p9_s3/calc_p9_s3_aug2.jpg,augmentation_positive
augmented/calc_p9_s3/calc_p9_s3_aug1.jpg,augmented/calc_p9_s3/calc_p9_s3_aug3.jpg,augmentation_positive
augmented/calc_p9_s3/calc_p9_s3_aug1.jpg,augmented/calc_p9_s3/calc_p9_s3_aug4.jpg,augmentation_positive
augmented/calc_p9_s3/calc_p9_s3_aug2.jpg,sections/calc_p9_s3.jpg,augmentation_positive
augmented/calc_p9_s3/calc_p9_s3_aug2.jpg,augmented/calc_p9_s3/calc_p9_s3_aug3.jpg,augmentation_positive
augmented/calc_p9_s3/calc_p9_s3_aug2.jpg,augmented/calc_p9_s3/calc_p9_s3_aug4.jpg,augmentation_positive
augmented/calc_p9_s3/calc_p9_s3_aug3.jpg,sections/calc_p9_s3.jpg,augmentation_positive
augmented/calc_p9_s3/calc_p9_s3_aug3.jpg,augmented/calc_p9_s3/calc_p9_s3_aug4.jpg,augmentation_positive
augmented/calc_p9_s3/calc_p9_s3_aug4.jpg,sections/calc_p9_s3.jpg,augmentation_positive
augmented/calc_p9_s4/calc_p9_s4_aug1.jpg,sections/calc_p9_s4.jpg,augmentation_positive
augmented/calc_p9_s4/calc_p9_s4_aug1.jpg,augmented/calc_p9_s4/calc_p9_s4_aug2.jpg,augmentation_positive
augmented/calc_p9_s4/calc_p9_s4_aug1.jpg,augmented/calc_p9_s4/calc_p9_s4_aug3.jpg,augmentation_positive
augmented/calc_p9_s4/calc_p9_s4_aug1.jpg,augmented/calc_p9_s4/calc_p9_s4_aug4.jpg,augmentation_positive
augmented/calc_p9_s4/calc_p9_s4_aug2.jpg,sections/calc_p9_s4.jpg,augmentation_positive
augmented/calc_p9_s4/calc_p9_s4_aug2.jpg,augmented/calc_p9_s4/calc_p9_s4_aug3.jpg,augmentation_positive
augmented/calc_p9_s4/calc_p9_s4_aug2.jpg,augmented/calc_p9_s4/calc_p9_s4_aug4.jpg,augmentation_positive
augmented/calc_p9_s4/calc_p9_s4_aug3.jpg,sections/calc_p9_s4.jpg,augmentation_positive
augmented/calc_p9_s4/calc_p9_s4_aug3.jpg,augmented/calc_p9_s4/calc_p9_s4_aug4.jpg,augmentation_positive
augmented/calc_p9_s4/calc_p9_s4_aug4.jpg,sections/calc_p9_s4.jpg,augmentation_positive
augmented/calc_p9_s5/calc_p9_s5_aug1.jpg,sections/calc_p9_s5.jpg,augmentation_positive
augmented/calc_p9_s5/calc_p9_s5_aug1.jpg,augmented/calc_p9_s5/calc_p9_s5_aug2.jpg,augmentation_positive
augmented/calc_p9_s5/calc_p9_s5_aug1.jpg,augmented/calc_p9_s5/calc_p9_s5_aug3.jpg,augmentation_positive
augmented/calc_p9_s5/calc_p9_s5_aug1.jpg,augmented/calc_p9_s5/calc_p9_s5_aug4.jpg,augmentation_positive
augmented/calc_p9_s5/calc_p9_s5_aug2.jpg,sections/calc_p9_s5.jpg,augmentation_positive
augmented/calc_p9_s5/calc_p9_s5_aug2.jpg,augmented/calc_p9_s5/calc_p9_s5_aug3.jpg,augmentation_positive
augmented/calc_p9_s5/calc_p9_s5_aug2.jpg,augmented/calc_p9_s5/calc_p9_s5_aug4.jpg,augmentation_positive
augmented/calc_p9_s5/calc_p9_s5_aug3.jpg,sections/calc_p9_s5.jpg,augmentation_positive
augmented/calc_p9_s5/calc_p9_s5_aug3.jpg,augmented/calc_p9_s5/calc_p9_s5_aug4.jpg,augmentation_positive
augmented/calc_p9_s5/calc_p9_s5_aug4.jpg,sections/calc_p9_s5.jpg,augmentation_positive
augmented/calc_p10_s1/calc_p10_s1_aug1.jpg,sections/calc_p10_s1.jpg,augmentation_positive
augmented/calc_p10_s1/calc_p10_s1_aug1.jpg,augmented/calc_p10_s1/calc_p10_s1_aug2.jpg,augmentation_positive
augmented/calc_p10_s1/calc_p10_s1_aug1.jpg,augmented/calc_p10_s1/calc_p10_s1_aug3.jpg,augmentation_positive
augmented/calc_p10_s1/calc_p10_s1_aug1.jpg,augmented/calc_p10_s1/calc_p10_s1_aug4.jpg,augmentation_positive
augmented/calc_p10_s1/calc_p10_s1_aug2.jpg,sections/calc_p10_s1.jpg,augmentation_positive
augmented/calc_p10_s1/calc_p10_s1_aug2.jpg,augmented/calc_p10_s1/calc_p10_s1_aug3.jpg,augmentation_positive
augmented/calc_p10_s1/calc_p10_s1_aug2.jpg,augmented/calc_p10_s1/calc_p10_s1_aug4.jpg,augmentation_positive
augmented/calc_p10_s1/calc_p10_s1_aug3.jpg,sections/calc_p10_s1.jpg,augmentation_positive
augmented/calc_p10_s1/calc_p10_s1_aug3.jpg,augmented/calc_p10_s1/calc_p10_s1_aug4.jpg,augmentation_positive
augmented/calc_p10_s1/calc_p10_s1_aug4.jpg,sections/calc_p10_s1.jpg,augmentation_positive
augmented/calc_p10_s2/calc_p10_s2_aug1.jpg,sections/calc_p10_s2.jpg,augmentation_positive
augmented/calc_p10_s2/calc_p10_s2_aug1.jpg,augmented/calc_p10_s2/calc_p10_s2_aug2.jpg,augmentation_positive
augmented/calc_p10_s2/calc_p10_s2_aug1.jpg,augmented/calc_p10_s2/calc_p10_s2_aug3.jpg,augmentation_positive
augmented/calc_p10_s2/calc_p10_s2_aug1.jpg,augmented/calc_p10_s2/calc_p10_s2_aug4.jpg,augmentation_positive
augmented/calc_p10_s2/calc_p10_s2_aug2.jpg,sections/calc_p10_s2.jpg,augmentation_positive
augmented/calc_p10_s2/calc_p10_s2_aug2.jpg,augmented/calc_p10_s2/calc_p10_s2_aug3.jpg,augmentation_positive
augmented/calc_p10_s2/calc_p10_s2_aug2.jpg,augmented/calc_p10_s2/calc_p10_s2_aug4.jpg,augmentation_positive
augmented/calc_p10_s2/calc_p10_s2_aug3.jpg,sections/calc_p10_s2.jpg,augmentation_positive
augmented/calc_p10_s2/calc_p10_s2_aug3.jpg,augmented/calc_p10_s2/calc_p10_s2_aug4.jpg,augmentation_positive
augmented/calc_p10_s2/calc_p10_s2_aug4.jpg,sections/calc_p10_s2.jpg,augmentation_positive
augmented/calc_p10_s3/calc_p10_s3_aug1.jpg,sections/calc_p10_s3.jpg,augmentation_positive
augmented/calc_p10_s3/calc_p10_s3_aug1.jpg,augmented/calc_p10_s3/calc_p10_s3_aug2.jpg,augmentation_positive
augmented/calc_p10_s3/calc_p10_s3_aug1.jpg,augmented/calc_p10_s3/calc_p10_s3_aug3.jpg,augmentation_positive
augmented/calc_p10_s3/calc_p10_s3_aug1.jpg,augmented/calc_p10_s3/calc_p10_s3_aug4.jpg,augmentation_positive
augmented/calc_p10_s3/calc_p10_s3_aug2.jpg,sections/calc_p10_s3.jpg,augmentation_positive
augmented/calc_p10_s3/calc_p10_s3_aug2.jpg,augmented/calc_p10_s3/calc_p10_s3_aug3.jpg,augmentation_positive
augmented/calc_p10_s3/calc_p10_s3_aug2.jpg,augmented/calc_p10_s3/calc_p10_s3_aug4.jpg,augmentation_positive
augmented/calc_p10_s3/calc_p10_s3_aug3.jpg,sections/calc_p10_s3.jpg,augmentation_positive
augmented/calc_p10_s3/calc_p10_s3_aug3.jpg,augmented/calc_p10_s3/calc_p10_s3_aug4.jpg,augmentation_positive
augmented/calc_p10_s3/calc_p10_s3_aug4.jpg,sections/calc_p10_s3.jpg,augmentation_positive
augmented/calc_p10_s4/calc_p10_s4_aug1.jpg,sections/calc_p10_s4.jpg,augmentation_positive
augmented/calc_p10_s4/calc_p10_s4_aug1.jpg,augmented/calc_p10_s4/calc_p10_s4_aug2.jpg,augmentation_positive
augmented/calc_p10_s4/calc_p10_s4_aug1.jpg,augmented/calc_p10_s4/calc_p10_s4_aug3.jpg,augmentation_positive
augmented/calc_p10_s4/calc_p10_s4_aug1.jpg,augmented/calc_p10_s4/calc_p10_s4_aug4.jpg,augmentation_positive
augmented/calc_p10_s4/calc_p10_s4_aug2.jpg,sections/calc_p10_s4.jpg,augmentation_positive
augmented/calc_p10_s4/calc_p10_s4_aug2.jpg,augmented/calc_p10_s4/calc_p10_s4_aug3.jpg,augmentation_positive
augmented/calc_p10_s4/calc_p10_s4_aug2.jpg,augmented/calc_p10_s4/calc_p10_s4_aug4.jpg,augmentation_positive
augmented/calc_p10_s4/calc_p10_s4_aug3.jpg,sections/calc_p10_s4.jpg,augmentation_positive
augmented/calc_p10_s4/calc_p10_s4_aug3.jpg,augmented/calc_p10_s4/calc_p10_s4_aug4.jpg,augmentation_positive
augmented/calc_p10_s4/calc_p10_s4_aug4.jpg,sections/calc_p10_s4.jpg,augmentation_positive
augmented/calc_p10_s5/calc_p10_s5_aug1.jpg,sections/calc_p10_s5.jpg,augmentation_positive
augmented/calc_p10_s5/calc_p10_s5_aug1.jpg,augmented/calc_p10_s5/calc_p10_s5_aug2.jpg,augmentation_positive
augmented/calc_p10_s5/calc_p10_s5_aug1.jpg,augmented/calc_p10_s5/calc_p10_s5_aug3.jpg,augmentation_positive
augmented/calc_p10_s5/calc_p10_s5_aug1.jpg,augmented/calc_p10_s5/calc_p10_s5_aug4.jpg,augmentation_positive
augmented/calc_p10_s5/calc_p10_s5_aug2.jpg,sections/calc_p10_s5.jpg,augmentation_positive
augmented/calc_p10_s5/calc_p10_s5_aug2.jpg,augmented/calc_p10_s5/calc_p10_s5_aug3.jpg,augmentation_positive
augmented/calc_p10_s5/calc_p10_s5_aug2.jpg,augmented/calc_p10_s5/calc_p10_s5_aug4.jpg,augmentation_positive
augmented/calc_p10_s5/calc_p10_s5_aug3.jpg,sections/calc_p10_s5.jpg,augmentation_positive
augmented/calc_p10_s5/calc_p10_s5_aug3.jpg,augmented/calc_p10_s5/calc_p10_s5_aug4.jpg,augmentation_positive
augmented/calc_p10_s5/calc_p10_s5_aug4.jpg,sections/calc_p10_s5.jpg,augmentation_positive
augmented/calc_p11_s3/calc_p11_s3_aug1.jpg,sections/calc_p11_s3.jpg,augmentation_positive
augmented/calc_p11_s3/calc_p11_s3_aug1.jpg,augmented/calc_p11_s3/calc_p11_s3_aug2.jpg,augmentation_positive
augmented/calc_p11_s3/calc_p11_s3_aug1.jpg,augmented/calc_p11_s3/calc_p11_s3_aug3.jpg,augmentation_positive
augmented/calc_p11_s3/calc_p11_s3_aug1.jpg,augmented/calc_p11_s3/calc_p11_s3_aug4.jpg,augmentation_positive
augmented/calc_p11_s3/calc_p11_s3_aug2.jpg,sections/calc_p11_s3.jpg,augmentation_positive
augmented/calc_p11_s3/calc_p11_s3_aug2.jpg,augmented/calc_p11_s3/calc_p11_s3_aug3.jpg,augmentation_positive
augmented/calc_p11_s3/calc_p11_s3_aug2.jpg,augmented/calc_p11_s3/calc_p11_s3_aug4.jpg,augmentation_positive
augmented/calc_p11_s3/calc_p11_s3_aug3.jpg,sections/calc_p11_s3.jpg,augmentation_positive
augmented/calc_p11_s3/calc_p11_s3_aug3.jpg,augmented/calc_p11_s3/calc_p11_s3_aug4.jpg,augmentation_positive
augmented/calc_p11_s3/calc_p11_s3_aug4.jpg,sections/calc_p11_s3.jpg,augmentation_positive
augmented/calc_p11_s4/calc_p11_s4_aug1.jpg,sections/calc_p11_s4.jpg,augmentation_positive
augmented/calc_p11_s4/calc_p11_s4_aug1.jpg,augmented/calc_p11_s4/calc_p11_s4_aug2.jpg,augmentation_positive
augmented/calc_p11_s4/calc_p11_s4_aug1.jpg,augmented/calc_p11_s4/calc_p11_s4_aug3.jpg,augmentation_positive
augmented/calc_p11_s4/calc_p11_s4_aug1.jpg,augmented/calc_p11_s4/calc_p11_s4_aug4.jpg,augmentation_positive
augmented/calc_p11_s4/calc_p11_s4_aug2.jpg,sections/calc_p11_s4.jpg,augmentation_positive
augmented/calc_p11_s4/calc_p11_s4_aug2.jpg,augmented/calc_p11_s4/calc_p11_s4_aug3.jpg,augmentation_positive
augmented/calc_p11_s4/calc_p11_s4_aug2.jpg,augmented/calc_p11_s4/calc_p11_s4_aug4.jpg,augmentation_positive
augmented/calc_p11_s4/calc_p11_s4_aug3.jpg,sections/calc_p11_s4.jpg,augmentation_positive
augmented/calc_p11_s4/calc_p11_s4_aug3.jpg,augmented/calc_p11_s4/calc_p11_s4_aug4.jpg,augmentation_positive
augmented/calc_p11_s4/calc_p11_s4_aug4.jpg,sections/calc_p11_s4.jpg,augmentation_positive
augmented/calc_p12_s1/calc_p12_s1_aug1.jpg,sections/calc_p12_s1.jpg,augmentation_positive
augmented/calc_p12_s1/calc_p12_s1_aug1.jpg,augmented/calc_p12_s1/calc_p12_s1_aug2.jpg,augmentation_positive
augmented/calc_p12_s1/calc_p12_s1_aug1.jpg,augmented/calc_p12_s1/calc_p12_s1_aug3.jpg,augmentation_positive
augmented/calc_p12_s1/calc_p12_s1_aug1.jpg,augmented/calc_p12_s1/calc_p12_s1_aug4.jpg,augmentation_positive
augmented/calc_p12_s1/calc_p12_s1_aug2.jpg,sections/calc_p12_s1.jpg,augmentation_positive
augmented/calc_p12_s1/calc_p12_s1_aug2.jpg,augmented/calc_p12_s1/calc_p12_s1_aug3.jpg,augmentation_positive
augmented/calc_p12_s1/calc_p12_s1_aug2.jpg,augmented/calc_p12_s1/calc_p12_s1_aug4.jpg,augmentation_positive
augmented/calc_p12_s1/calc_p12_s1_aug3.jpg,sections/calc_p12_s1.jpg,augmentation_positive
augmented/calc_p12_s1/calc_p12_s1_aug3.jpg,augmented/calc_p12_s1/calc_p12_s1_aug4.jpg,augmentation_positive
augmented/calc_p12_s1/calc_p12_s1_aug4.jpg,sections/calc_p12_s1.jpg,augmentation_positive
augmented/calc_p12_s2/calc_p12_s2_aug1.jpg,sections/calc_p12_s2.jpg,augmentation_positive
augmented/calc_p12_s2/calc_p12_s2_aug1.jpg,augmented/calc_p12_s2/calc_p12_s2_aug2.jpg,augmentation_positive
augmented/calc_p12_s2/calc_p12_s2_aug1.jpg,augmented/calc_p12_s2/calc_p12_s2_aug3.jpg,augmentation_positive
augmented/calc_p12_s2/calc_p12_s2_aug1.jpg,augmented/calc_p12_s2/calc_p12_s2_aug4.jpg,augmentation_positive
augmented/calc_p12_s2/calc_p12_s2_aug2.jpg,sections/calc_p12_s2.jpg,augmentation_positive
augmented/calc_p12_s2/calc_p12_s2_aug2.jpg,augmented/calc_p12_s2/calc_p12_s2_aug3.jpg,augmentation_positive
augmented/calc_p12_s2/calc_p12_s2_aug2.jpg,augmented/calc_p12_s2/calc_p12_s2_aug4.jpg,augmentation_positive
augmented/calc_p12_s2/calc_p12_s2_aug3.jpg,sections/calc_p12_s2.jpg,augmentation_positive
augmented/calc_p12_s2/calc_p12_s2_aug3.jpg,augmented/calc_p12_s2/calc_p12_s2_aug4.jpg,augmentation_positive
augmented/calc_p12_s2/calc_p12_s2_aug4.jpg,sections/calc_p12_s2.jpg,augmentation_positive
augmented/calc_p12_s3/calc_p12_s3_aug1.jpg,sections/calc_p12_s3.jpg,augmentation_positive
augmented/calc_p12_s3/calc_p12_s3_aug1.jpg,augmented/calc_p12_s3/calc_p12_s3_aug2.jpg,augmentation_positive
augmented/calc_p12_s3/calc_p12_s3_aug1.jpg,augmented/calc_p12_s3/calc_p12_s3_aug3.jpg,augmentation_positive
augmented/calc_p12_s3/calc_p12_s3_aug1.jpg,augmented/calc_p12_s3/calc_p12_s3_aug4.jpg,augmentation_positive
augmented/calc_p12_s3/calc_p12_s3_aug2.jpg,sections/calc_p12_s3.jpg,augmentation_positive
augmented/calc_p12_s3/calc_p12_s3_aug2.jpg,augmented/calc_p12_s3/calc_p12_s3_aug3.jpg,augmentation_positive
augmented/calc_p12_s3/calc_p12_s3_aug2.jpg,augmented/calc_p12_s3/calc_p12_s3_aug4.jpg,augmentation_positive
augmented/calc_p12_s3/calc_p12_s3_aug3.jpg,sections/calc_p12_s3.jpg,augmentation_positive
augmented/calc_p12_s3/calc_p12_s3_aug3.jpg,augmented/calc_p12_s3/calc_p12_s3_aug4.jpg,augmentation_positive
augmented/calc_p12_s3/calc_p12_s3_aug4.jpg,sections/calc_p12_s3.jpg,augmentation_positive
augmented/calc_p13_s1/calc_p13_s1_aug1.jpg,sections/calc_p13_s1.jpg,augmentation_positive
augmented/calc_p13_s1/calc_p13_s1_aug1.jpg,augmented/calc_p13_s1/calc_p13_s1_aug2.jpg,augmentation_positive
augmented/calc_p13_s1/calc_p13_s1_aug1.jpg,augmented/calc_p13_s1/calc_p13_s1_aug3.jpg,augmentation_positive
augmented/calc_p13_s1/calc_p13_s1_aug1.jpg,augmented/calc_p13_s1/calc_p13_s1_aug4.jpg,augmentation_positive
augmented/calc_p13_s1/calc_p13_s1_aug2.jpg,sections/calc_p13_s1.jpg,augmentation_positive
augmented/calc_p13_s1/calc_p13_s1_aug2.jpg,augmented/calc_p13_s1/calc_p13_s1_aug3.jpg,augmentation_positive
augmented/calc_p13_s1/calc_p13_s1_aug2.jpg,augmented/calc_p13_s1/calc_p13_s1_aug4.jpg,augmentation_positive
augmented/calc_p13_s1/calc_p13_s1_aug3.jpg,sections/calc_p13_s1.jpg,augmentation_positive
augmented/calc_p13_s1/calc_p13_s1_aug3.jpg,augmented/calc_p13_s1/calc_p13_s1_aug4.jpg,augmentation_positive
augmented/calc_p13_s1/calc_p13_s1_aug4.jpg,sections/calc_p13_s1.jpg,augmentation_positive
augmented/calc_p13_s2/calc_p13_s2_aug1.jpg,sections/calc_p13_s2.jpg,augmentation_positive
augmented/calc_p13_s2/calc_p13_s2_aug1.jpg,augmented/calc_p13_s2/calc_p13_s2_aug2.jpg,augmentation_positive
augmented/calc_p13_s2/calc_p13_s2_aug1.jpg,augmented/calc_p13_s2/calc_p13_s2_aug3.jpg,augmentation_positive
augmented/calc_p13_s2/calc_p13_s2_aug1.jpg,augmented/calc_p13_s2/calc_p13_s2_aug4.jpg,augmentation_positive
augmented/calc_p13_s2/calc_p13_s2_aug2.jpg,sections/calc_p13_s2.jpg,augmentation_positive
augmented/calc_p13_s2/calc_p13_s2_aug2.jpg,augmented/calc_p13_s2/calc_p13_s2_aug3.jpg,augmentation_positive
augmented/calc_p13_s2/calc_p13_s2_aug2.jpg,augmented/calc_p13_s2/calc_p13_s2_aug4.jpg,augmentation_positive
augmented/calc_p13_s2/calc_p13_s2_aug3.jpg,sections/calc_p13_s2.jpg,augmentation_positive
augmented/calc_p13_s2/calc_p13_s2_aug3.jpg,augmented/calc_p13_s2/calc_p13_s2_aug4.jpg,augmentation_positive
augmented/calc_p13_s2/calc_p13_s2_aug4.jpg,sections/calc_p13_s2.jpg,augmentation_positive
augmented/calc_p13_s3/calc_p13_s3_aug1.jpg,sections/calc_p13_s3.jpg,augmentation_positive
augmented/calc_p13_s3/calc_p13_s3_aug1.jpg,augmented/calc_p13_s3/calc_p13_s3_aug2.jpg,augmentation_positive
augmented/calc_p13_s3/calc_p13_s3_aug1.jpg,augmented/calc_p13_s3/calc_p13_s3_aug3.jpg,augmentation_positive
augmented/calc_p13_s3/calc_p13_s3_aug1.jpg,augmented/calc_p13_s3/calc_p13_s3_aug4.jpg,augmentation_positive
augmented/calc_p13_s3/calc_p13_s3_aug2.jpg,sections/calc_p13_s3.jpg,augmentation_positive
augmented/calc_p13_s3/calc_p13_s3_aug2.jpg,augmented/calc_p13_s3/calc_p13_s3_aug3.jpg,augmentation_positive
augmented/calc_p13_s3/calc_p13_s3_aug2.jpg,augmented/calc_p13_s3/calc_p13_s3_aug4.jpg,augmentation_positive
augmented/calc_p13_s3/calc_p13_s3_aug3.jpg,sections/calc_p13_s3.jpg,augmentation_positive
augmented/calc_p13_s3/calc_p13_s3_aug3.jpg,augmented/calc_p13_s3/calc_p13_s3_aug4.jpg,augmentation_positive
augmented/calc_p13_s3/calc_p13_s3_aug4.jpg,sections/calc_p13_s3.jpg,augmentation_positive
augmented/calc_p13_s4/calc_p13_s4_aug1.jpg,sections/calc_p13_s4.jpg,augmentation_positive
augmented/calc_p13_s4/calc_p13_s4_aug1.jpg,augmented/calc_p13_s4/calc_p13_s4_aug2.jpg,augmentation_positive
augmented/calc_p13_s4/calc_p13_s4_aug1.jpg,augmented/calc_p13_s4/calc_p13_s4_aug3.jpg,augmentation_positive
augmented/calc_p13_s4/calc_p13_s4_aug1.jpg,augmented/calc_p13_s4/calc_p13_s4_aug4.jpg,augmentation_positive
augmented/calc_p13_s4/calc_p13_s4_aug2.jpg,sections/calc_p13_s4.jpg,augmentation_positive
augmented/calc_p13_s4/calc_p13_s4_aug2.jpg,augmented/calc_p13_s4/calc_p13_s4_aug3.jpg,augmentation_positive
augmented/calc_p13_s4/calc_p13_s4_aug2.jpg,augmented/calc_p13_s4/calc_p13_s4_aug4.jpg,augmentation_positive
augmented/calc_p13_s4/calc_p13_s4_aug3.jpg,sections/calc_p13_s4.jpg,augmentation_positive
augmented/calc_p13_s4/calc_p13_s4_aug3.jpg,augmented/calc_p13_s4/calc_p13_s4_aug4.jpg,augmentation_positive
augmented/calc_p13_s4/calc_p13_s4_aug4.jpg,sections/calc_p13_s4.jpg,augmentation_positive
augmented/calc_p13_s5/calc_p13_s5_aug1.jpg,sections/calc_p13_s5.jpg,augmentation_positive
augmented/calc_p13_s5/calc_p13_s5_aug1.jpg,augmented/calc_p13_s5/calc_p13_s5_aug2.jpg,augmentation_positive
augmented/calc_p13_s5/calc_p13_s5_aug1.jpg,augmented/calc_p13_s5/calc_p13_s5_aug3.jpg,augmentation_positive
augmented/calc_p13_s5/calc_p13_s5_aug1.jpg,augmented/calc_p13_s5/calc_p13_s5_aug4.jpg,augmentation_positive
augmented/calc_p13_s5/calc_p13_s5_aug2.jpg,sections/calc_p13_s5.jpg,augmentation_positive
augmented/calc_p13_s5/calc_p13_s5_aug2.jpg,augmented/calc_p13_s5/calc_p13_s5_aug3.jpg,augmentation_positive
augmented/calc_p13_s5/calc_p13_s5_aug2.jpg,augmented/calc_p13_s5/calc_p13_s5_aug4.jpg,augmentation_positive
augmented/calc_p13_s5/calc_p13_s5_aug3.jpg,sections/calc_p13_s5.jpg,augmentation_positive
augmented/calc_p13_s5/calc_p13_s5_aug3.jpg,augmented/calc_p13_s5/calc_p13_s5_aug4.jpg,augmentation_positive
augmented/calc_p13_s5/calc_p13_s5_aug4.jpg,sections/calc_p13_s5.jpg,augmentation_positive
augmented/calc_p13_s6/calc_p13_s6_aug1.jpg,sections/calc_p13_s6.jpg,augmentation_positive
augmented/calc_p13_s6/calc_p13_s6_aug1.jpg,augmented/calc_p13_s6/calc_p13_s6_aug2.jpg,augmentation_positive
augmented/calc_p13_s6/calc_p13_s6_aug1.jpg,augmented/calc_p13_s6/calc_p13_s6_aug3.jpg,augmentation_positive
augmented/calc_p13_s6/calc_p13_s6_aug1.jpg,augmented/calc_p13_s6/calc_p13_s6_aug4.jpg,augmentation_positive
augmented/calc_p13_s6/calc_p13_s6_aug2.jpg,sections/calc_p13_s6.jpg,augmentation_positive
augmented/calc_p13_s6/calc_p13_s6_aug2.jpg,augmented/calc_p13_s6/calc_p13_s6_aug3.jpg,augmentation_positive
augmented/calc_p13_s6/calc_p13_s6_aug2.jpg,augmented/calc_p13_s6/calc_p13_s6_aug4.jpg,augmentation_positive
augmented/calc_p13_s6/calc_p13_s6_aug3.jpg,sections/calc_p13_s6.jpg,augmentation_positive
augmented/calc_p13_s6/calc_p13_s6_aug3.jpg,augmented/calc_p13_s6/calc_p13_s6_aug4.jpg,augmentation_positive
augmented/calc_p13_s6/calc_p13_s6_aug4.jpg,sections/calc_p13_s6.jpg,augmentation_positive
augmented/calc_p14_s1/calc_p14_s1_aug1.jpg,sections/calc_p14_s1.jpg,augmentation_positive
augmented/calc_p14_s1/calc_p14_s1_aug1.jpg,augmented/calc_p14_s1/calc_p14_s1_aug2.jpg,augmentation_positive
augmented/calc_p14_s1/calc_p14_s1_aug1.jpg,augmented/calc_p14_s1/calc_p14_s1_aug3.jpg,augmentation_positive
augmented/calc_p14_s1/calc_p14_s1_aug1.jpg,augmented/calc_p14_s1/calc_p14_s1_aug4.jpg,augmentation_positive
augmented/calc_p14_s1/calc_p14_s1_aug2.jpg,sections/calc_p14_s1.jpg,augmentation_positive
augmented/calc_p14_s1/calc_p14_s1_aug2.jpg,augmented/calc_p14_s1/calc_p14_s1_aug3.jpg,augmentation_positive
augmented/calc_p14_s1/calc_p14_s1_aug2.jpg,augmented/calc_p14_s1/calc_p14_s1_aug4.jpg,augmentation_positive
augmented/calc_p14_s1/calc_p14_s1_aug3.jpg,sections/calc_p14_s1.jpg,augmentation_positive
augmented/calc_p14_s1/calc_p14_s1_aug3.jpg,augmented/calc_p14_s1/calc_p14_s1_aug4.jpg,augmentation_positive
augmented/calc_p14_s1/calc_p14_s1_aug4.jpg,sections/calc_p14_s1.jpg,augmentation_positive
augmented/calc_p14_s2/calc_p14_s2_aug1.jpg,sections/calc_p14_s2.jpg,augmentation_positive
augmented/calc_p14_s2/calc_p14_s2_aug1.jpg,augmented/calc_p14_s2/calc_p14_s2_aug2.jpg,augmentation_positive
augmented/calc_p14_s2/calc_p14_s2_aug1.jpg,augmented/calc_p14_s2/calc_p14_s2_aug3.jpg,augmentation_positive
augmented/calc_p14_s2/calc_p14_s2_aug1.jpg,augmented/calc_p14_s2/calc_p14_s2_aug4.jpg,augmentation_positive
augmented/calc_p14_s2/calc_p14_s2_aug2.jpg,sections/calc_p14_s2.jpg,augmentation_positive
augmented/calc_p14_s2/calc_p14_s2_aug2.jpg,augmented/calc_p14_s2/calc_p14_s2_aug3.jpg,augmentation_positive
augmented/calc_p14_s2/calc_p14_s2_aug2.jpg,augmented/calc_p14_s2/calc_p14_s2_aug4.jpg,augmentation_positive
augmented/calc_p14_s2/calc_p14_s2_aug3.jpg,sections/calc_p14_s2.jpg,augmentation_positive
augmented/calc_p14_s2/calc_p14_s2_aug3.jpg,augmented/calc_p14_s2/calc_p14_s2_aug4.jpg,augmentation_positive
augmented/calc_p14_s2/calc_p14_s2_aug4.jpg,sections/calc_p14_s2.jpg,augmentation_positive
augmented/calc_p14_s3/calc_p14_s3_aug1.jpg,sections/calc_p14_s3.jpg,augmentation_positive
augmented/calc_p14_s3/calc_p14_s3_aug1.jpg,augmented/calc_p14_s3/calc_p14_s3_aug2.jpg,augmentation_positive
augmented/calc_p14_s3/calc_p14_s3_aug1.jpg,augmented/calc_p14_s3/calc_p14_s3_aug3.jpg,augmentation_positive
augmented/calc_p14_s3/calc_p14_s3_aug1.jpg,augmented/calc_p14_s3/calc_p14_s3_aug4.jpg,augmentation_positive
augmented/calc_p14_s3/calc_p14_s3_aug2.jpg,sections/calc_p14_s3.jpg,augmentation_positive
augmented/calc_p14_s3/calc_p14_s3_aug2.jpg,augmented/calc_p14_s3/calc_p14_s3_aug3.jpg,augmentation_positive
augmented/calc_p14_s3/calc_p14_s3_aug2.jpg,augmented/calc_p14_s3/calc_p14_s3_aug4.jpg,augmentation_positive
augmented/calc_p14_s3/calc_p14_s3_aug3.jpg,sections/calc_p14_s3.jpg,augmentation_positive
augmented/calc_p14_s3/calc_p14_s3_aug3.jpg,augmented/calc_p14_s3/calc_p14_s3_aug4.jpg,augmentation_positive
augmented/calc_p14_s3/calc_p14_s3_aug4.jpg,sections/calc_p14_s3.jpg,augmentation_positive
augmented/calc_p15_s1/calc_p15_s1_aug1.jpg,sections/calc_p15_s1.jpg,augmentation_positive
augmented/calc_p15_s1/calc_p15_s1_aug1.jpg,augmented/calc_p15_s1/calc_p15_s1_aug2.jpg,augmentation_positive
augmented/calc_p15_s1/calc_p15_s1_aug1.jpg,augmented/calc_p15_s1/calc_p15_s1_aug3.jpg,augmentation_positive
augmented/calc_p15_s1/calc_p15_s1_aug1.jpg,augmented/calc_p15_s1/calc_p15_s1_aug4.jpg,augmentation_positive
augmented/calc_p15_s1/calc_p15_s1_aug2.jpg,sections/calc_p15_s1.jpg,augmentation_positive
augmented/calc_p15_s1/calc_p15_s1_aug2.jpg,augmented/calc_p15_s1/calc_p15_s1_aug3.jpg,augmentation_positive
augmented/calc_p15_s1/calc_p15_s1_aug2.jpg,augmented/calc_p15_s1/calc_p15_s1_aug4.jpg,augmentation_positive
augmented/calc_p15_s1/calc_p15_s1_aug3.jpg,sections/calc_p15_s1.jpg,augmentation_positive
augmented/calc_p15_s1/calc_p15_s1_aug3.jpg,augmented/calc_p15_s1/calc_p15_s1_aug4.jpg,augmentation_positive
augmented/calc_p15_s1/calc_p15_s1_aug4.jpg,sections/calc_p15_s1.jpg,augmentation_positive
augmented/calc_p15_s2/calc_p15_s2_aug1.jpg,sections/calc_p15_s2.jpg,augmentation_positive
augmented/calc_p15_s2/calc_p15_s2_aug1.jpg,augmented/calc_p15_s2/calc_p15_s2_aug2.jpg,augmentation_positive
augmented/calc_p15_s2/calc_p15_s2_aug1.jpg,augmented/calc_p15_s2/calc_p15_s2_aug3.jpg,augmentation_positive
augmented/calc_p15_s2/calc_p15_s2_aug1.jpg,augmented/calc_p15_s2/calc_p15_s2_aug4.jpg,augmentation_positive
augmented/calc_p15_s2/calc_p15_s2_aug2.jpg,sections/calc_p15_s2.jpg,augmentation_positive
augmented/calc_p15_s2/calc_p15_s2_aug2.jpg,augmented/calc_p15_s2/calc_p15_s2_aug3.jpg,augmentation_positive
augmented/calc_p15_s2/calc_p15_s2_aug2.jpg,augmented/calc_p15_s2/calc_p15_s2_aug4.jpg,augmentation_positive
augmented/calc_p15_s2/calc_p15_s2_aug3.jpg,sections/calc_p15_s2.jpg,augmentation_positive
augmented/calc_p15_s2/calc_p15_s2_aug3.jpg,augmented/calc_p15_s2/calc_p15_s2_aug4.jpg,augmentation_positive
augmented/calc_p15_s2/calc_p15_s2_aug4.jpg,sections/calc_p15_s2.jpg,augmentation_positive
augmented/calc_p17_s1/calc_p17_s1_aug1.jpg,sections/calc_p17_s1.jpg,augmentation_positive
augmented/calc_p17_s1/calc_p17_s1_aug1.jpg,augmented/calc_p17_s1/calc_p17_s1_aug2.jpg,augmentation_positive
augmented/calc_p17_s1/calc_p17_s1_aug1.jpg,augmented/calc_p17_s1/calc_p17_s1_aug3.jpg,augmentation_positive
augmented/calc_p17_s1/calc_p17_s1_aug1.jpg,augmented/calc_p17_s1/calc_p17_s1_aug4.jpg,augmentation_positive
augmented/calc_p17_s1/calc_p17_s1_aug2.jpg,sections/calc_p17_s1.jpg,augmentation_positive
augmented/calc_p17_s1/calc_p17_s1_aug2.jpg,augmented/calc_p17_s1/calc_p17_s1_aug3.jpg,augmentation_positive
augmented/calc_p17_s1/calc_p17_s1_aug2.jpg,augmented/calc_p17_s1/calc_p17_s1_aug4.jpg,augmentation_positive
augmented/calc_p17_s1/calc_p17_s1_aug3.jpg,sections/calc_p17_s1.jpg,augmentation_positive
augmented/calc_p17_s1/calc_p17_s1_aug3.jpg,augmented/calc_p17_s1/calc_p17_s1_aug4.jpg,augmentation_positive
augmented/calc_p17_s1/calc_p17_s1_aug4.jpg,sections/calc_p17_s1.jpg,augmentation_positive
augmented/calc_p17_s2/calc_p17_s2_aug1.jpg,sections/calc_p17_s2.jpg,augmentation_positive
augmented/calc_p17_s2/calc_p17_s2_aug1.jpg,augmented/calc_p17_s2/calc_p17_s2_aug2.jpg,augmentation_positive
augmented/calc_p17_s2/calc_p17_s2_aug1.jpg,augmented/calc_p17_s2/calc_p17_s2_aug3.jpg,augmentation_positive
augmented/calc_p17_s2/calc_p17_s2_aug1.jpg,augmented/calc_p17_s2/calc_p17_s2_aug4.jpg,augmentation_positive
augmented/calc_p17_s2/calc_p17_s2_aug2.jpg,sections/calc_p17_s2.jpg,augmentation_positive
augmented/calc_p17_s2/calc_p17_s2_aug2.jpg,augmented/calc_p17_s2/calc_p17_s2_aug3.jpg,augmentation_positive
augmented/calc_p17_s2/calc_p17_s2_aug2.jpg,augmented/calc_p17_s2/calc_p17_s2_aug4.jpg,augmentation_positive
augmented/calc_p17_s2/calc_p17_s2_aug3.jpg,sections/calc_p17_s2.jpg,augmentation_positive
augmented/calc_p17_s2/calc_p17_s2_aug3.jpg,augmented/calc_p17_s2/calc_p17_s2_aug4.jpg,augmentation_positive
augmented/calc_p17_s2/calc_p17_s2_aug4.jpg,sections/calc_p17_s2.jpg,augmentation_positive
augmented/calc_p17_s3/calc_p17_s3_aug1.jpg,sections/calc_p17_s3.jpg,augmentation_positive
augmented/calc_p17_s3/calc_p17_s3_aug1.jpg,augmented/calc_p17_s3/calc_p17_s3_aug2.jpg,augmentation_positive
augmented/calc_p17_s3/calc_p17_s3_aug1.jpg,augmented/calc_p17_s3/calc_p17_s3_aug3.jpg,augmentation_positive
augmented/calc_p17_s3/calc_p17_s3_aug1.jpg,augmented/calc_p17_s3/calc_p17_s3_aug4.jpg,augmentation_positive
augmented/calc_p17_s3/calc_p17_s3_aug2.jpg,sections/calc_p17_s3.jpg,augmentation_positive
augmented/calc_p17_s3/calc_p17_s3_aug2.jpg,augmented/calc_p17_s3/calc_p17_s3_aug3.jpg,augmentation_positive
augmented/calc_p17_s3/calc_p17_s3_aug2.jpg,augmented/calc_p17_s3/calc_p17_s3_aug4.jpg,augmentation_positive
augmented/calc_p17_s3/calc_p17_s3_aug3.jpg,sections/calc_p17_s3.jpg,augmentation_positive
augmented/calc_p17_s3/calc_p17_s3_aug3.jpg,augmented/calc_p17_s3/calc_p17_s3_aug4.jpg,augmentation_positive
augmented/calc_p17_s3/calc_p17_s3_aug4.jpg,sections/calc_p17_s3.jpg,augmentation_positive
augmented/calc_p17_s4/calc_p17_s4_aug1.jpg,sections/calc_p17_s4.jpg,augmentation_positive
augmented/calc_p17_s4/calc_p17_s4_aug1.jpg,augmented/calc_p17_s4/calc_p17_s4_aug2.jpg,augmentation_positive
augmented/calc_p17_s4/calc_p17_s4_aug1.jpg,augmented/calc_p17_s4/calc_p17_s4_aug3.jpg,augmentation_positive
augmented/calc_p17_s4/calc_p17_s4_aug1.jpg,augmented/calc_p17_s4/calc_p17_s4_aug4.jpg,augmentation_positive
augmented/calc_p17_s4/calc_p17_s4_aug2.jpg,sections/calc_p17_s4.jpg,augmentation_positive
augmented/calc_p17_s4/calc_p17_s4_aug2.jpg,augmented/calc_p17_s4/calc_p17_s4_aug3.jpg,augmentation_positive
augmented/calc_p17_s4/calc_p17_s4_aug2.jpg,augmented/calc_p17_s4/calc_p17_s4_aug4.jpg,augmentation_positive
augmented/calc_p17_s4/calc_p17_s4_aug3.jpg,sections/calc_p17_s4.jpg,augmentation_positive
augmented/calc_p17_s4/calc_p17_s4_aug3.jpg,augmented/calc_p17_s4/calc_p17_s4_aug4.jpg,augmentation_positive
augmented/calc_p17_s4/calc_p17_s4_aug4.jpg,sections/calc_p17_s4.jpg,augmentation_positive
augmented/calc_p18_s2/calc_p18_s2_aug1.jpg,sections/calc_p18_s2.jpg,augmentation_positive
augmented/calc_p18_s2/calc_p18_s2_aug1.jpg,augmented/calc_p18_s2/calc_p18_s2_aug2.jpg,augmentation_positive
augmented/calc_p18_s2/calc_p18_s2_aug1.jpg,augmented/calc_p18_s2/calc_p18_s2_aug3.jpg,augmentation_positive
augmented/calc_p18_s2/calc_p18_s2_aug1.jpg,augmented/calc_p18_s2/calc_p18_s2_aug4.jpg,augmentation_positive
augmented/calc_p18_s2/calc_p18_s2_aug2.jpg,sections/calc_p18_s2.jpg,augmentation_positive
augmented/calc_p18_s2/calc_p18_s2_aug2.jpg,augmented/calc_p18_s2/calc_p18_s2_aug3.jpg,augmentation_positive
augmented/calc_p18_s2/calc_p18_s2_aug2.jpg,augmented/calc_p18_s2/calc_p18_s2_aug4.jpg,augmentation_positive
augmented/calc_p18_s2/calc_p18_s2_aug3.jpg,sections/calc_p18_s2.jpg,augmentation_positive
augmented/calc_p18_s2/calc_p18_s2_aug3.jpg,augmented/calc_p18_s2/calc_p18_s2_aug4.jpg,augmentation_positive
augmented/calc_p18_s2/calc_p18_s2_aug4.jpg,sections/calc_p18_s2.jpg,augmentation_positive
augmented/calc_p18_s3/calc_p18_s3_aug1.jpg,sections/calc_p18_s3.jpg,augmentation_positive
augmented/calc_p18_s3/calc_p18_s3_aug1.jpg,augmented/calc_p18_s3/calc_p18_s3_aug2.jpg,augmentation_positive
augmented/calc_p18_s3/calc_p18_s3_aug1.jpg,augmented/calc_p18_s3/calc_p18_s3_aug3.jpg,augmentation_positive
augmented/calc_p18_s3/calc_p18_s3_aug1.jpg,augmented/calc_p18_s3/calc_p18_s3_aug4.jpg,augmentation_positive
augmented/calc_p18_s3/calc_p18_s3_aug2.jpg,sections/calc_p18_s3.jpg,augmentation_positive
augmented/calc_p18_s3/calc_p18_s3_aug2.jpg,augmented/calc_p18_s3/calc_p18_s3_aug3.jpg,augmentation_positive
augmented/calc_p18_s3/calc_p18_s3_aug2.jpg,augmented/calc_p18_s3/calc_p18_s3_aug4.jpg,augmentation_positive
augmented/calc_p18_s3/calc_p18_s3_aug3.jpg,sections/calc_p18_s3.jpg,augmentation_positive
augmented/calc_p18_s3/calc_p18_s3_aug3.jpg,augmented/calc_p18_s3/calc_p18_s3_aug4.jpg,augmentation_positive
augmented/calc_p18_s3/calc_p18_s3_aug4.jpg,sections/calc_p18_s3.jpg,augmentation_positive
augmented/calc_p18_s4/calc_p18_s4_aug1.jpg,sections/calc_p18_s4.jpg,augmentation_positive
augmented/calc_p18_s4/calc_p18_s4_aug1.jpg,augmented/calc_p18_s4/calc_p18_s4_aug2.jpg,augmentation_positive
augmented/calc_p18_s4/calc_p18_s4_aug1.jpg,augmented/calc_p18_s4/calc_p18_s4_aug3.jpg,augmentation_positive
augmented/calc_p18_s4/calc_p18_s4_aug1.jpg,augmented/calc_p18_s4/calc_p18_s4_aug4.jpg,augmentation_positive
augmented/calc_p18_s4/calc_p18_s4_aug2.jpg,sections/calc_p18_s4.jpg,augmentation_positive
augmented/calc_p18_s4/calc_p18_s4_aug2.jpg,augmented/calc_p18_s4/calc_p18_s4_aug3.jpg,augmentation_positive
augmented/calc_p18_s4/calc_p18_s4_aug2.jpg,augmented/calc_p18_s4/calc_p18_s4_aug4.jpg,augmentation_positive
augmented/calc_p18_s4/calc_p18_s4_aug3.jpg,sections/calc_p18_s4.jpg,augmentation_positive
augmented/calc_p18_s4/calc_p18_s4_aug3.jpg,augmented/calc_p18_s4/calc_p18_s4_aug4.jpg,augmentation_positive
augmented/calc_p18_s4/calc_p18_s4_aug4.jpg,sections/calc_p18_s4.jpg,augmentation_positive
augmented/calc_p18_s5/calc_p18_s5_aug1.jpg,sections/calc_p18_s5.jpg,augmentation_positive
augmented/calc_p18_s5/calc_p18_s5_aug1.jpg,augmented/calc_p18_s5/calc_p18_s5_aug2.jpg,augmentation_positive
augmented/calc_p18_s5/calc_p18_s5_aug1.jpg,augmented/calc_p18_s5/calc_p18_s5_aug3.jpg,augmentation_positive
augmented/calc_p18_s5/calc_p18_s5_aug1.jpg,augmented/calc_p18_s5/calc_p18_s5_aug4.jpg,augmentation_positive
augmented/calc_p18_s5/calc_p18_s5_aug2.jpg,sections/calc_p18_s5.jpg,augmentation_positive
augmented/calc_p18_s5/calc_p18_s5_aug2.jpg,augmented/calc_p18_s5/calc_p18_s5_aug3.jpg,augmentation_positive
augmented/calc_p18_s5/calc_p18_s5_aug2.jpg,augmented/calc_p18_s5/calc_p18_s5_aug4.jpg,augmentation_positive
augmented/calc_p18_s5/calc_p18_s5_aug3.jpg,sections/calc_p18_s5.jpg,augmentation_positive
augmented/calc_p18_s5/calc_p18_s5_aug3.jpg,augmented/calc_p18_s5/calc_p18_s5_aug4.jpg,augmentation_positive
augmented/calc_p18_s5/calc_p18_s5_aug4.jpg,sections/calc_p18_s5.jpg,augmentation_positive
augmented/calc_p19_s1/calc_p19_s1_aug1.jpg,sections/calc_p19_s1.jpg,augmentation_positive
augmented/calc_p19_s1/calc_p19_s1_aug1.jpg,augmented/calc_p19_s1/calc_p19_s1_aug2.jpg,augmentation_positive
augmented/calc_p19_s1/calc_p19_s1_aug1.jpg,augmented/calc_p19_s1/calc_p19_s1_aug3.jpg,augmentation_positive
augmented/calc_p19_s1/calc_p19_s1_aug1.jpg,augmented/calc_p19_s1/calc_p19_s1_aug4.jpg,augmentation_positive
augmented/calc_p19_s1/calc_p19_s1_aug2.jpg,sections/calc_p19_s1.jpg,augmentation_positive
augmented/calc_p19_s1/calc_p19_s1_aug2.jpg,augmented/calc_p19_s1/calc_p19_s1_aug3.jpg,augmentation_positive
augmented/calc_p19_s1/calc_p19_s1_aug2.jpg,augmented/calc_p19_s1/calc_p19_s1_aug4.jpg,augmentation_positive
augmented/calc_p19_s1/calc_p19_s1_aug3.jpg,sections/calc_p19_s1.jpg,augmentation_positive
augmented/calc_p19_s1/calc_p19_s1_aug3.jpg,augmented/calc_p19_s1/calc_p19_s1_aug4.jpg,augmentation_positive
augmented/calc_p19_s1/calc_p19_s1_aug4.jpg,sections/calc_p19_s1.jpg,augmentation_positive
augmented/calc_p19_s2/calc_p19_s2_aug1.jpg,sections/calc_p19_s2.jpg,augmentation_positive
augmented/calc_p19_s2/calc_p19_s2_aug1.jpg,augmented/calc_p19_s2/calc_p19_s2_aug2.jpg,augmentation_positive
augmented/calc_p19_s2/calc_p19_s2_aug1.jpg,augmented/calc_p19_s2/calc_p19_s2_aug3.jpg,augmentation_positive
augmented/calc_p19_s2/calc_p19_s2_aug1.jpg,augmented/calc_p19_s2/calc_p19_s2_aug4.jpg,augmentation_positive
augmented/calc_p19_s2/calc_p19_s2_aug2.jpg,sections/calc_p19_s2.jpg,augmentation_positive
augmented/calc_p19_s2/calc_p19_s2_aug2.jpg,augmented/calc_p19_s2/calc_p19_s2_aug3.jpg,augmentation_positive
augmented/calc_p19_s2/calc_p19_s2_aug2.jpg,augmented/calc_p19_s2/calc_p19_s2_aug4.jpg,augmentation_positive
augmented/calc_p19_s2/calc_p19_s2_aug3.jpg,sections/calc_p19_s2.jpg,augmentation_positive
augmented/calc_p19_s2/calc_p19_s2_aug3.jpg,augmented/calc_p19_s2/calc_p19_s2_aug4.jpg,augmentation_positive
augmented/calc_p19_s2/calc_p19_s2_aug4.jpg,sections/calc_p19_s2.jpg,augmentation_positive
augmented/calc_p20_s2/calc_p20_s2_aug1.jpg,sections/calc_p20_s2.jpg,augmentation_positive
augmented/calc_p20_s2/calc_p20_s2_aug1.jpg,augmented/calc_p20_s2/calc_p20_s2_aug2.jpg,augmentation_positive
augmented/calc_p20_s2/calc_p20_s2_aug1.jpg,augmented/calc_p20_s2/calc_p20_s2_aug3.jpg,augmentation_positive
augmented/calc_p20_s2/calc_p20_s2_aug1.jpg,augmented/calc_p20_s2/calc_p20_s2_aug4.jpg,augmentation_positive
augmented/calc_p20_s2/calc_p20_s2_aug2.jpg,sections/calc_p20_s2.jpg,augmentation_positive
augmented/calc_p20_s2/calc_p20_s2_aug2.jpg,augmented/calc_p20_s2/calc_p20_s2_aug3.jpg,augmentation_positive
augmented/calc_p20_s2/calc_p20_s2_aug2.jpg,augmented/calc_p20_s2/calc_p20_s2_aug4.jpg,augmentation_positive
augmented/calc_p20_s2/calc_p20_s2_aug3.jpg,sections/calc_p20_s2.jpg,augmentation_positive
augmented/calc_p20_s2/calc_p20_s2_aug3.jpg,augmented/calc_p20_s2/calc_p20_s2_aug4.jpg,augmentation_positive
augmented/calc_p20_s2/calc_p20_s2_aug4.jpg,sections/calc_p20_s2.jpg,augmentation_positive
augmented/calc_p21_s1/calc_p21_s1_aug1.jpg,sections/calc_p21_s1.jpg,augmentation_positive
augmented/calc_p21_s1/calc_p21_s1_aug1.jpg,augmented/calc_p21_s1/calc_p21_s1_aug2.jpg,augmentation_positive
augmented/calc_p21_s1/calc_p21_s1_aug1.jpg,augmented/calc_p21_s1/calc_p21_s1_aug3.jpg,augmentation_positive
augmented/calc_p21_s1/calc_p21_s1_aug1.jpg,augmented/calc_p21_s1/calc_p21_s1_aug4.jpg,augmentation_positive
augmented/calc_p21_s1/calc_p21_s1_aug2.jpg,sections/calc_p21_s1.jpg,augmentation_positive
augmented/calc_p21_s1/calc_p21_s1_aug2.jpg,augmented/calc_p21_s1/calc_p21_s1_aug3.jpg,augmentation_positive
augmented/calc_p21_s1/calc_p21_s1_aug2.jpg,augmented/calc_p21_s1/calc_p21_s1_aug4.jpg,augmentation_positive
augmented/calc_p21_s1/calc_p21_s1_aug3.jpg,sections/calc_p21_s1.jpg,augmentation_positive
augmented/calc_p21_s1/calc_p21_s1_aug3.jpg,augmented/calc_p21_s1/calc_p21_s1_aug4.jpg,augmentation_positive
augmented/calc_p21_s1/calc_p21_s1_aug4.jpg,sections/calc_p21_s1.jpg,augmentation_positive
augmented/calc_p21_s2/calc_p21_s2_aug1.jpg,sections/calc_p21_s2.jpg,augmentation_positive
augmented/calc_p21_s2/calc_p21_s2_aug1.jpg,augmented/calc_p21_s2/calc_p21_s2_aug2.jpg,augmentation_positive
augmented/calc_p21_s2/calc_p21_s2_aug1.jpg,augmented/calc_p21_s2/calc_p21_s2_aug3.jpg,augmentation_positive
augmented/calc_p21_s2/calc_p21_s2_aug1.jpg,augmented/calc_p21_s2/calc_p21_s2_aug4.jpg,augmentation_positive
augmented/calc_p21_s2/calc_p21_s2_aug2.jpg,sections/calc_p21_s2.jpg,augmentation_positive
augmented/calc_p21_s2/calc_p21_s2_aug2.jpg,augmented/calc_p21_s2/calc_p21_s2_aug3.jpg,augmentation_positive
augmented/calc_p21_s2/calc_p21_s2_aug2.jpg,augmented/calc_p21_s2/calc_p21_s2_aug4.jpg,augmentation_positive
augmented/calc_p21_s2/calc_p21_s2_aug3.jpg,sections/calc_p21_s2.jpg,augmentation_positive
augmented/calc_p21_s2/calc_p21_s2_aug3.jpg,augmented/calc_p21_s2/calc_p21_s2_aug4.jpg,augmentation_positive
augmented/calc_p21_s2/calc_p21_s2_aug4.jpg,sections/calc_p21_s2.jpg,augmentation_positive
augmented/la_p1_s1/la_p1_s1_aug1.jpg,sections/la_p1_s1.jpg,augmentation_positive
augmented/la_p1_s1/la_p1_s1_aug1.jpg,augmented/la_p1_s1/la_p1_s1_aug2.jpg,augmentation_positive
augmented/la_p1_s1/la_p1_s1_aug1.jpg,augmented/la_p1_s1/la_p1_s1_aug3.jpg,augmentation_positive
augmented/la_p1_s1/la_p1_s1_aug1.jpg,augmented/la_p1_s1/la_p1_s1_aug4.jpg,augmentation_positive
augmented/la_p1_s1/la_p1_s1_aug2.jpg,sections/la_p1_s1.jpg,augmentation_positive
augmented/la_p1_s1/la_p1_s1_aug2.jpg,augmented/la_p1_s1/la_p1_s1_aug3.jpg,augmentation_positive
augmented/la_p1_s1/la_p1_s1_aug2.jpg,augmented/la_p1_s1/la_p1_s1_aug4.jpg,augmentation_positive
augmented/la_p1_s1/la_p1_s1_aug3.jpg,sections/la_p1_s1.jpg,augmentation_positive
augmented/la_p1_s1/la_p1_s1_aug3.jpg,augmented/la_p1_s1/la_p1_s1_aug4.jpg,augmentation_positive
augmented/la_p1_s1/la_p1_s1_aug4.jpg,sections/la_p1_s1.jpg,augmentation_positive
augmented/la_p1_s2/la_p1_s2_aug1.jpg,sections/la_p1_s2.jpg,augmentation_positive
augmented/la_p1_s2/la_p1_s2_aug1.jpg,augmented/la_p1_s2/la_p1_s2_aug2.jpg,augmentation_positive
augmented/la_p1_s2/la_p1_s2_aug1.jpg,augmented/la_p1_s2/la_p1_s2_aug3.jpg,augmentation_positive
augmented/la_p1_s2/la_p1_s2_aug1.jpg,augmented/la_p1_s2/la_p1_s2_aug4.jpg,augmentation_positive
augmented/la_p1_s2/la_p1_s2_aug2.jpg,sections/la_p1_s2.jpg,augmentation_positive
augmented/la_p1_s2/la_p1_s2_aug2.jpg,augmented/la_p1_s2/la_p1_s2_aug3.jpg,augmentation_positive
augmented/la_p1_s2/la_p1_s2_aug2.jpg,augmented/la_p1_s2/la_p1_s2_aug4.jpg,augmentation_positive
augmented/la_p1_s2/la_p1_s2_aug3.jpg,sections/la_p1_s2.jpg,augmentation_positive
augmented/la_p1_s2/la_p1_s2_aug3.jpg,augmented/la_p1_s2/la_p1_s2_aug4.jpg,augmentation_positive
augmented/la_p1_s2/la_p1_s2_aug4.jpg,sections/la_p1_s2.jpg,augmentation_positive
augmented/la_p1_s3/la_p1_s3_aug1.jpg,sections/la_p1_s3.jpg,augmentation_positive
augmented/la_p1_s3/la_p1_s3_aug1.jpg,augmented/la_p1_s3/la_p1_s3_aug2.jpg,augmentation_positive
augmented/la_p1_s3/la_p1_s3_aug1.jpg,augmented/la_p1_s3/la_p1_s3_aug3.jpg,augmentation_positive
augmented/la_p1_s3/la_p1_s3_aug1.jpg,augmented/la_p1_s3/la_p1_s3_aug4.jpg,augmentation_positive
augmented/la_p1_s3/la_p1_s3_aug2.jpg,sections/la_p1_s3.jpg,augmentation_positive
augmented/la_p1_s3/la_p1_s3_aug2.jpg,augmented/la_p1_s3/la_p1_s3_aug3.jpg,augmentation_positive
augmented/la_p1_s3/la_p1_s3_aug2.jpg,augmented/la_p1_s3/la_p1_s3_aug4.jpg,augmentation_positive
augmented/la_p1_s3/la_p1_s3_aug3.jpg,sections/la_p1_s3.jpg,augmentation_positive
augmented/la_p1_s3/la_p1_s3_aug3.jpg,augmented/la_p1_s3/la_p1_s3_aug4.jpg,augmentation_positive
augmented/la_p1_s3/la_p1_s3_aug4.jpg,sections/la_p1_s3.jpg,augmentation_positive
augmented/la_p1_s4/la_p1_s4_aug1.jpg,sections/la_p1_s4.jpg,augmentation_positive
augmented/la_p1_s4/la_p1_s4_aug1.jpg,augmented/la_p1_s4/la_p1_s4_aug2.jpg,augmentation_positive
augmented/la_p1_s4/la_p1_s4_aug1.jpg,augmented/la_p1_s4/la_p1_s4_aug3.jpg,augmentation_positive
augmented/la_p1_s4/la_p1_s4_aug1.jpg,augmented/la_p1_s4/la_p1_s4_aug4.jpg,augmentation_positive
augmented/la_p1_s4/la_p1_s4_aug2.jpg,sections/la_p1_s4.jpg,augmentation_positive
augmented/la_p1_s4/la_p1_s4_aug2.jpg,augmented/la_p1_s4/la_p1_s4_aug3.jpg,augmentation_positive
augmented/la_p1_s4/la_p1_s4_aug2.jpg,augmented/la_p1_s4/la_p1_s4_aug4.jpg,augmentation_positive
augmented/la_p1_s4/la_p1_s4_aug3.jpg,sections/la_p1_s4.jpg,augmentation_positive
augmented/la_p1_s4/la_p1_s4_aug3.jpg,augmented/la_p1_s4/la_p1_s4_aug4.jpg,augmentation_positive
augmented/la_p1_s4/la_p1_s4_aug4.jpg,sections/la_p1_s4.jpg,augmentation_positive
augmented/la_p1_s5/la_p1_s5_aug1.jpg,sections/la_p1_s5.jpg,augmentation_positive
augmented/la_p1_s5/la_p1_s5_aug1.jpg,augmented/la_p1_s5/la_p1_s5_aug2.jpg,augmentation_positive
augmented/la_p1_s5/la_p1_s5_aug1.jpg,augmented/la_p1_s5/la_p1_s5_aug3.jpg,augmentation_positive
augmented/la_p1_s5/la_p1_s5_aug1.jpg,augmented/la_p1_s5/la_p1_s5_aug4.jpg,augmentation_positive
augmented/la_p1_s5/la_p1_s5_aug2.jpg,sections/la_p1_s5.jpg,augmentation_positive
augmented/la_p1_s5/la_p1_s5_aug2.jpg,augmented/la_p1_s5/la_p1_s5_aug3.jpg,augmentation_positive
augmented/la_p1_s5/la_p1_s5_aug2.jpg,augmented/la_p1_s5/la_p1_s5_aug4.jpg,augmentation_positive
augmented/la_p1_s5/la_p1_s5_aug3.jpg,sections/la_p1_s5.jpg,augmentation_positive
augmented/la_p1_s5/la_p1_s5_aug3.jpg,augmented/la_p1_s5/la_p1_s5_aug4.jpg,augmentation_positive
augmented/la_p1_s5/la_p1_s5_aug4.jpg,sections/la_p1_s5.jpg,augmentation_positive
augmented/la_p2_s1/la_p2_s1_aug1.jpg,sections/la_p2_s1.jpg,augmentation_positive
augmented/la_p2_s1/la_p2_s1_aug1.jpg,augmented/la_p2_s1/la_p2_s1_aug2.jpg,augmentation_positive
augmented/la_p2_s1/la_p2_s1_aug1.jpg,augmented/la_p2_s1/la_p2_s1_aug3.jpg,augmentation_positive
augmented/la_p2_s1/la_p2_s1_aug1.jpg,augmented/la_p2_s1/la_p2_s1_aug4.jpg,augmentation_positive
augmented/la_p2_s1/la_p2_s1_aug2.jpg,sections/la_p2_s1.jpg,augmentation_positive
augmented/la_p2_s1/la_p2_s1_aug2.jpg,augmented/la_p2_s1/la_p2_s1_aug3.jpg,augmentation_positive
augmented/la_p2_s1/la_p2_s1_aug2.jpg,augmented/la_p2_s1/la_p2_s1_aug4.jpg,augmentation_positive
augmented/la_p2_s1/la_p2_s1_aug3.jpg,sections/la_p2_s1.jpg,augmentation_positive
augmented/la_p2_s1/la_p2_s1_aug3.jpg,augmented/la_p2_s1/la_p2_s1_aug4.jpg,augmentation_positive
augmented/la_p2_s1/la_p2_s1_aug4.jpg,sections/la_p2_s1.jpg,augmentation_positive
augmented/la_p2_s2/la_p2_s2_aug1.jpg,sections/la_p2_s2.jpg,augmentation_positive
augmented/la_p2_s2/la_p2_s2_aug1.jpg,augmented/la_p2_s2/la_p2_s2_aug2.jpg,augmentation_positive
augmented/la_p2_s2/la_p2_s2_aug1.jpg,augmented/la_p2_s2/la_p2_s2_aug3.jpg,augmentation_positive
augmented/la_p2_s2/la_p2_s2_aug1.jpg,augmented/la_p2_s2/la_p2_s2_aug4.jpg,augmentation_positive
augmented/la_p2_s2/la_p2_s2_aug2.jpg,sections/la_p2_s2.jpg,augmentation_positive
augmented/la_p2_s2/la_p2_s2_aug2.jpg,augmented/la_p2_s2/la_p2_s2_aug3.jpg,augmentation_positive
augmented/la_p2_s2/la_p2_s2_aug2.jpg,augmented/la_p2_s2/la_p2_s2_aug4.jpg,augmentation_positive
augmented/la_p2_s2/la_p2_s2_aug3.jpg,sections/la_p2_s2.jpg,augmentation_positive
augmented/la_p2_s2/la_p2_s2_aug3.jpg,augmented/la_p2_s2/la_p2_s2_aug4.jpg,augmentation_positive
augmented/la_p2_s2/la_p2_s2_aug4.jpg,sections/la_p2_s2.jpg,augmentation_positive
augmented/la_p2_s3/la_p2_s3_aug1.jpg,sections/la_p2_s3.jpg,augmentation_positive
augmented/la_p2_s3/la_p2_s3_aug1.jpg,augmented/la_p2_s3/la_p2_s3_aug2.jpg,augmentation_positive
augmented/la_p2_s3/la_p2_s3_aug1.jpg,augmented/la_p2_s3/la_p2_s3_aug3.jpg,augmentation_positive
augmented/la_p2_s3/la_p2_s3_aug1.jpg,augmented/la_p2_s3/la_p2_s3_aug4.jpg,augmentation_positive
augmented/la_p2_s3/la_p2_s3_aug2.jpg,sections/la_p2_s3.jpg,augmentation_positive
augmented/la_p2_s3/la_p2_s3_aug2.jpg,augmented/la_p2_s3/la_p2_s3_aug3.jpg,augmentation_positive
augmented/la_p2_s3/la_p2_s3_aug2.jpg,augmented/la_p2_s3/la_p2_s3_aug4.jpg,augmentation_positive
augmented/la_p2_s3/la_p2_s3_aug3.jpg,sections/la_p2_s3.jpg,augmentation_positive
augmented/la_p2_s3/la_p2_s3_aug3.jpg,augmented/la_p2_s3/la_p2_s3_aug4.jpg,augmentation_positive
augmented/la_p2_s3/la_p2_s3_aug4.jpg,sections/la_p2_s3.jpg,augmentation_positive
augmented/la_p2_s4/la_p2_s4_aug1.jpg,sections/la_p2_s4.jpg,augmentation_positive
augmented/la_p2_s4/la_p2_s4_aug1.jpg,augmented/la_p2_s4/la_p2_s4_aug2.jpg,augmentation_positive
augmented/la_p2_s4/la_p2_s4_aug1.jpg,augmented/la_p2_s4/la_p2_s4_aug3.jpg,augmentation_positive
augmented/la_p2_s4/la_p2_s4_aug1.jpg,augmented/la_p2_s4/la_p2_s4_aug4.jpg,augmentation_positive
augmented/la_p2_s4/la_p2_s4_aug2.jpg,sections/la_p2_s4.jpg,augmentation_positive
augmented/la_p2_s4/la_p2_s4_aug2.jpg,augmented/la_p2_s4/la_p2_s4_aug3.jpg,augmentation_positive
augmented/la_p2_s4/la_p2_s4_aug2.jpg,augmented/la_p2_s4/la_p2_s4_aug4.jpg,augmentation_positive
augmented/la_p2_s4/la_p2_s4_aug3.jpg,sections/la_p2_s4.jpg,augmentation_positive
augmented/la_p2_s4/la_p2_s4_aug3.jpg,augmented/la_p2_s4/la_p2_s4_aug4.jpg,augmentation_positive
augmented/la_p2_s4/la_p2_s4_aug4.jpg,sections/la_p2_s4.jpg,augmentation_positive
augmented/la_p3_s1/la_p3_s1_aug1.jpg,sections/la_p3_s1.jpg,augmentation_positive
augmented/la_p3_s1/la_p3_s1_aug1.jpg,augmented/la_p3_s1/la_p3_s1_aug2.jpg,augmentation_positive
augmented/la_p3_s1/la_p3_s1_aug1.jpg,augmented/la_p3_s1/la_p3_s1_aug3.jpg,augmentation_positive
augmented/la_p3_s1/la_p3_s1_aug1.jpg,augmented/la_p3_s1/la_p3_s1_aug4.jpg,augmentation_positive
augmented/la_p3_s1/la_p3_s1_aug2.jpg,sections/la_p3_s1.jpg,augmentation_positive
augmented/la_p3_s1/la_p3_s1_aug2.jpg,augmented/la_p3_s1/la_p3_s1_aug3.jpg,augmentation_positive
augmented/la_p3_s1/la_p3_s1_aug2.jpg,augmented/la_p3_s1/la_p3_s1_aug4.jpg,augmentation_positive
augmented/la_p3_s1/la_p3_s1_aug3.jpg,sections/la_p3_s1.jpg,augmentation_positive
augmented/la_p3_s1/la_p3_s1_aug3.jpg,augmented/la_p3_s1/la_p3_s1_aug4.jpg,augmentation_positive
augmented/la_p3_s1/la_p3_s1_aug4.jpg,sections/la_p3_s1.jpg,augmentation_positive
augmented/la_p3_s2/la_p3_s2_aug1.jpg,sections/la_p3_s2.jpg,augmentation_positive
augmented/la_p3_s2/la_p3_s2_aug1.jpg,augmented/la_p3_s2/la_p3_s2_aug2.jpg,augmentation_positive
augmented/la_p3_s2/la_p3_s2_aug1.jpg,augmented/la_p3_s2/la_p3_s2_aug3.jpg,augmentation_positive
augmented/la_p3_s2/la_p3_s2_aug1.jpg,augmented/la_p3_s2/la_p3_s2_aug4.jpg,augmentation_positive
augmented/la_p3_s2/la_p3_s2_aug2.jpg,sections/la_p3_s2.jpg,augmentation_positive
augmented/la_p3_s2/la_p3_s2_aug2.jpg,augmented/la_p3_s2/la_p3_s2_aug3.jpg,augmentation_positive
augmented/la_p3_s2/la_p3_s2_aug2.jpg,augmented/la_p3_s2/la_p3_s2_aug4.jpg,augmentation_positive
augmented/la_p3_s2/la_p3_s2_aug3.jpg,sections/la_p3_s2.jpg,augmentation_positive
augmented/la_p3_s2/la_p3_s2_aug3.jpg,augmented/la_p3_s2/la_p3_s2_aug4.jpg,augmentation_positive
augmented/la_p3_s2/la_p3_s2_aug4.jpg,sections/la_p3_s2.jpg,augmentation_positive
augmented/la_p3_s3/la_p3_s3_aug1.jpg,sections/la_p3_s3.jpg,augmentation_positive
augmented/la_p3_s3/la_p3_s3_aug1.jpg,augmented/la_p3_s3/la_p3_s3_aug2.jpg,augmentation_positive
augmented/la_p3_s3/la_p3_s3_aug1.jpg,augmented/la_p3_s3/la_p3_s3_aug3.jpg,augmentation_positive
augmented/la_p3_s3/la_p3_s3_aug1.jpg,augmented/la_p3_s3/la_p3_s3_aug4.jpg,augmentation_positive
augmented/la_p3_s3/la_p3_s3_aug2.jpg,sections/la_p3_s3.jpg,augmentation_positive
augmented/la_p3_s3/la_p3_s3_aug2.jpg,augmented/la_p3_s3/la_p3_s3_aug3.jpg,augmentation_positive
augmented/la_p3_s3/la_p3_s3_aug2.jpg,augmented/la_p3_s3/la_p3_s3_aug4.jpg,augmentation_positive
augmented/la_p3_s3/la_p3_s3_aug3.jpg,sections/la_p3_s3.jpg,augmentation_positive
augmented/la_p3_s3/la_p3_s3_aug3.jpg,augmented/la_p3_s3/la_p3_s3_aug4.jpg,augmentation_positive
augmented/la_p3_s3/la_p3_s3_aug4.jpg,sections/la_p3_s3.jpg,augmentation_positive
augmented/la_p3_s4/la_p3_s4_aug1.jpg,sections/la_p3_s4.jpg,augmentation_positive
augmented/la_p3_s4/la_p3_s4_aug1.jpg,augmented/la_p3_s4/la_p3_s4_aug2.jpg,augmentation_positive
augmented/la_p3_s4/la_p3_s4_aug1.jpg,augmented/la_p3_s4/la_p3_s4_aug3.jpg,augmentation_positive
augmented/la_p3_s4/la_p3_s4_aug1.jpg,augmented/la_p3_s4/la_p3_s4_aug4.jpg,augmentation_positive
augmented/la_p3_s4/la_p3_s4_aug2.jpg,sections/la_p3_s4.jpg,augmentation_positive
augmented/la_p3_s4/la_p3_s4_aug2.jpg,augmented/la_p3_s4/la_p3_s4_aug3.jpg,augmentation_positive
augmented/la_p3_s4/la_p3_s4_aug2.jpg,augmented/la_p3_s4/la_p3_s4_aug4.jpg,augmentation_positive
augmented/la_p3_s4/la_p3_s4_aug3.jpg,sections/la_p3_s4.jpg,augmentation_positive
augmented/la_p3_s4/la_p3_s4_aug3.jpg,augmented/la_p3_s4/la_p3_s4_aug4.jpg,augmentation_positive
augmented/la_p3_s4/la_p3_s4_aug4.jpg,sections/la_p3_s4.jpg,augmentation_positive
augmented/la_p5_s1/la_p5_s1_aug1.jpg,sections/la_p5_s1.jpg,augmentation_positive
augmented/la_p5_s1/la_p5_s1_aug1.jpg,augmented/la_p5_s1/la_p5_s1_aug2.jpg,augmentation_positive
augmented/la_p5_s1/la_p5_s1_aug1.jpg,augmented/la_p5_s1/la_p5_s1_aug3.jpg,augmentation_positive
augmented/la_p5_s1/la_p5_s1_aug1.jpg,augmented/la_p5_s1/la_p5_s1_aug4.jpg,augmentation_positive
augmented/la_p5_s1/la_p5_s1_aug2.jpg,sections/la_p5_s1.jpg,augmentation_positive
augmented/la_p5_s1/la_p5_s1_aug2.jpg,augmented/la_p5_s1/la_p5_s1_aug3.jpg,augmentation_positive
augmented/la_p5_s1/la_p5_s1_aug2.jpg,augmented/la_p5_s1/la_p5_s1_aug4.jpg,augmentation_positive
augmented/la_p5_s1/la_p5_s1_aug3.jpg,sections/la_p5_s1.jpg,augmentation_positive
augmented/la_p5_s1/la_p5_s1_aug3.jpg,augmented/la_p5_s1/la_p5_s1_aug4.jpg,augmentation_positive
augmented/la_p5_s1/la_p5_s1_aug4.jpg,sections/la_p5_s1.jpg,augmentation_positive
augmented/la_p5_s2/la_p5_s2_aug1.jpg,sections/la_p5_s2.jpg,augmentation_positive
augmented/la_p5_s2/la_p5_s2_aug1.jpg,augmented/la_p5_s2/la_p5_s2_aug2.jpg,augmentation_positive
augmented/la_p5_s2/la_p5_s2_aug1.jpg,augmented/la_p5_s2/la_p5_s2_aug3.jpg,augmentation_positive
augmented/la_p5_s2/la_p5_s2_aug1.jpg,augmented/la_p5_s2/la_p5_s2_aug4.jpg,augmentation_positive
augmented/la_p5_s2/la_p5_s2_aug2.jpg,sections/la_p5_s2.jpg,augmentation_positive
augmented/la_p5_s2/la_p5_s2_aug2.jpg,augmented/la_p5_s2/la_p5_s2_aug3.jpg,augmentation_positive
augmented/la_p5_s2/la_p5_s2_aug2.jpg,augmented/la_p5_s2/la_p5_s2_aug4.jpg,augmentation_positive
augmented/la_p5_s2/la_p5_s2_aug3.jpg,sections/la_p5_s2.jpg,augmentation_positive
augmented/la_p5_s2/la_p5_s2_aug3.jpg,augmented/la_p5_s2/la_p5_s2_aug4.jpg,augmentation_positive
augmented/la_p5_s2/la_p5_s2_aug4.jpg,sections/la_p5_s2.jpg,augmentation_positive
augmented/la_p5_s3/la_p5_s3_aug1.jpg,sections/la_p5_s3.jpg,augmentation_positive
augmented/la_p5_s3/la_p5_s3_aug1.jpg,augmented/la_p5_s3/la_p5_s3_aug2.jpg,augmentation_positive
augmented/la_p5_s3/la_p5_s3_aug1.jpg,augmented/la_p5_s3/la_p5_s3_aug3.jpg,augmentation_positive
augmented/la_p5_s3/la_p5_s3_aug1.jpg,augmented/la_p5_s3/la_p5_s3_aug4.jpg,augmentation_positive
augmented/la_p5_s3/la_p5_s3_aug2.jpg,sections/la_p5_s3.jpg,augmentation_positive
augmented/la_p5_s3/la_p5_s3_aug2.jpg,augmented/la_p5_s3/la_p5_s3_aug3.jpg,augmentation_positive
augmented/la_p5_s3/la_p5_s3_aug2.jpg,augmented/la_p5_s3/la_p5_s3_aug4.jpg,augmentation_positive
augmented/la_p5_s3/la_p5_s3_aug3.jpg,sections/la_p5_s3.jpg,augmentation_positive
augmented/la_p5_s3/la_p5_s3_aug3.jpg,augmented/la_p5_s3/la_p5_s3_aug4.jpg,augmentation_positive
augmented/la_p5_s3/la_p5_s3_aug4.jpg,sections/la_p5_s3.jpg,augmentation_positive
augmented/la_p6_s1/la_p6_s1_aug1.jpg,sections/la_p6_s1.jpg,augmentation_positive
augmented/la_p6_s1/la_p6_s1_aug1.jpg,augmented/la_p6_s1/la_p6_s1_aug2.jpg,augmentation_positive
augmented/la_p6_s1/la_p6_s1_aug1.jpg,augmented/la_p6_s1/la_p6_s1_aug3.jpg,augmentation_positive
augmented/la_p6_s1/la_p6_s1_aug1.jpg,augmented/la_p6_s1/la_p6_s1_aug4.jpg,augmentation_positive
augmented/la_p6_s1/la_p6_s1_aug2.jpg,sections/la_p6_s1.jpg,augmentation_positive
augmented/la_p6_s1/la_p6_s1_aug2.jpg,augmented/la_p6_s1/la_p6_s1_aug3.jpg,augmentation_positive
augmented/la_p6_s1/la_p6_s1_aug2.jpg,augmented/la_p6_s1/la_p6_s1_aug4.jpg,augmentation_positive
augmented/la_p6_s1/la_p6_s1_aug3.jpg,sections/la_p6_s1.jpg,augmentation_positive
augmented/la_p6_s1/la_p6_s1_aug3.jpg,augmented/la_p6_s1/la_p6_s1_aug4.jpg,augmentation_positive
augmented/la_p6_s1/la_p6_s1_aug4.jpg,sections/la_p6_s1.jpg,augmentation_positive
augmented/la_p6_s3/la_p6_s3_aug1.jpg,sections/la_p6_s3.jpg,augmentation_positive
augmented/la_p6_s3/la_p6_s3_aug1.jpg,augmented/la_p6_s3/la_p6_s3_aug2.jpg,augmentation_positive
augmented/la_p6_s3/la_p6_s3_aug1.jpg,augmented/la_p6_s3/la_p6_s3_aug3.jpg,augmentation_positive
augmented/la_p6_s3/la_p6_s3_aug1.jpg,augmented/la_p6_s3/la_p6_s3_aug4.jpg,augmentation_positive
augmented/la_p6_s3/la_p6_s3_aug2.jpg,sections/la_p6_s3.jpg,augmentation_positive
augmented/la_p6_s3/la_p6_s3_aug2.jpg,augmented/la_p6_s3/la_p6_s3_aug3.jpg,augmentation_positive
augmented/la_p6_s3/la_p6_s3_aug2.jpg,augmented/la_p6_s3/la_p6_s3_aug4.jpg,augmentation_positive
augmented/la_p6_s3/la_p6_s3_aug3.jpg,sections/la_p6_s3.jpg,augmentation_positive
augmented/la_p6_s3/la_p6_s3_aug3.jpg,augmented/la_p6_s3/la_p6_s3_aug4.jpg,augmentation_positive
augmented/la_p6_s3/la_p6_s3_aug4.jpg,sections/la_p6_s3.jpg,augmentation_positive
augmented/la_p7_s1/la_p7_s1_aug1.jpg,sections/la_p7_s1.jpg,augmentation_positive
augmented/la_p7_s1/la_p7_s1_aug1.jpg,augmented/la_p7_s1/la_p7_s1_aug2.jpg,augmentation_positive
augmented/la_p7_s1/la_p7_s1_aug1.jpg,augmented/la_p7_s1/la_p7_s1_aug3.jpg,augmentation_positive
augmented/la_p7_s1/la_p7_s1_aug1.jpg,augmented/la_p7_s1/la_p7_s1_aug4.jpg,augmentation_positive
augmented/la_p7_s1/la_p7_s1_aug2.jpg,sections/la_p7_s1.jpg,augmentation_positive
augmented/la_p7_s1/la_p7_s1_aug2.jpg,augmented/la_p7_s1/la_p7_s1_aug3.jpg,augmentation_positive
augmented/la_p7_s1/la_p7_s1_aug2.jpg,augmented/la_p7_s1/la_p7_s1_aug4.jpg,augmentation_positive
augmented/la_p7_s1/la_p7_s1_aug3.jpg,sections/la_p7_s1.jpg,augmentation_positive
augmented/la_p7_s1/la_p7_s1_aug3.jpg,augmented/la_p7_s1/la_p7_s1_aug4.jpg,augmentation_positive
augmented/la_p7_s1/la_p7_s1_aug4.jpg,sections/la_p7_s1.jpg,augmentation_positive
augmented/la_p7_s2/la_p7_s2_aug1.jpg,sections/la_p7_s2.jpg,augmentation_positive
augmented/la_p7_s2/la_p7_s2_aug1.jpg,augmented/la_p7_s2/la_p7_s2_aug2.jpg,augmentation_positive
augmented/la_p7_s2/la_p7_s2_aug1.jpg,augmented/la_p7_s2/la_p7_s2_aug3.jpg,augmentation_positive
augmented/la_p7_s2/la_p7_s2_aug1.jpg,augmented/la_p7_s2/la_p7_s2_aug4.jpg,augmentation_positive
augmented/la_p7_s2/la_p7_s2_aug2.jpg,sections/la_p7_s2.jpg,augmentation_positive
augmented/la_p7_s2/la_p7_s2_aug2.jpg,augmented/la_p7_s2/la_p7_s2_aug3.jpg,augmentation_positive
augmented/la_p7_s2/la_p7_s2_aug2.jpg,augmented/la_p7_s2/la_p7_s2_aug4.jpg,augmentation_positive
augmented/la_p7_s2/la_p7_s2_aug3.jpg,sections/la_p7_s2.jpg,augmentation_positive
augmented/la_p7_s2/la_p7_s2_aug3.jpg,augmented/la_p7_s2/la_p7_s2_aug4.jpg,augmentation_positive
augmented/la_p7_s2/la_p7_s2_aug4.jpg,sections/la_p7_s2.jpg,augmentation_positive
augmented/la_p7_s3/la_p7_s3_aug1.jpg,sections/la_p7_s3.jpg,augmentation_positive
augmented/la_p7_s3/la_p7_s3_aug1.jpg,augmented/la_p7_s3/la_p7_s3_aug2.jpg,augmentation_positive
augmented/la_p7_s3/la_p7_s3_aug1.jpg,augmented/la_p7_s3/la_p7_s3_aug3.jpg,augmentation_positive
augmented/la_p7_s3/la_p7_s3_aug1.jpg,augmented/la_p7_s3/la_p7_s3_aug4.jpg,augmentation_positive
augmented/la_p7_s3/la_p7_s3_aug2.jpg,sections/la_p7_s3.jpg,augmentation_positive
augmented/la_p7_s3/la_p7_s3_aug2.jpg,augmented/la_p7_s3/la_p7_s3_aug3.jpg,augmentation_positive
augmented/la_p7_s3/la_p7_s3_aug2.jpg,augmented/la_p7_s3/la_p7_s3_aug4.jpg,augmentation_positive
augmented/la_p7_s3/la_p7_s3_aug3.jpg,sections/la_p7_s3.jpg,augmentation_positive
augmented/la_p7_s3/la_p7_s3_aug3.jpg,augmented/la_p7_s3/la_p7_s3_aug4.jpg,augmentation_positive
augmented/la_p7_s3/la_p7_s3_aug4.jpg,sections/la_p7_s3.jpg,augmentation_positive
augmented/la_p8_s1/la_p8_s1_aug1.jpg,sections/la_p8_s1.jpg,augmentation_positive
augmented/la_p8_s1/la_p8_s1_aug1.jpg,augmented/la_p8_s1/la_p8_s1_aug2.jpg,augmentation_positive
augmented/la_p8_s1/la_p8_s1_aug1.jpg,augmented/la_p8_s1/la_p8_s1_aug3.jpg,augmentation_positive
augmented/la_p8_s1/la_p8_s1_aug1.jpg,augmented/la_p8_s1/la_p8_s1_aug4.jpg,augmentation_positive
augmented/la_p8_s1/la_p8_s1_aug2.jpg,sections/la_p8_s1.jpg,augmentation_positive
augmented/la_p8_s1/la_p8_s1_aug2.jpg,augmented/la_p8_s1/la_p8_s1_aug3.jpg,augmentation_positive
augmented/la_p8_s1/la_p8_s1_aug2.jpg,augmented/la_p8_s1/la_p8_s1_aug4.jpg,augmentation_positive
augmented/la_p8_s1/la_p8_s1_aug3.jpg,sections/la_p8_s1.jpg,augmentation_positive
augmented/la_p8_s1/la_p8_s1_aug3.jpg,augmented/la_p8_s1/la_p8_s1_aug4.jpg,augmentation_positive
augmented/la_p8_s1/la_p8_s1_aug4.jpg,sections/la_p8_s1.jpg,augmentation_positive
augmented/la_p8_s2/la_p8_s2_aug1.jpg,sections/la_p8_s2.jpg,augmentation_positive
augmented/la_p8_s2/la_p8_s2_aug1.jpg,augmented/la_p8_s2/la_p8_s2_aug2.jpg,augmentation_positive
augmented/la_p8_s2/la_p8_s2_aug1.jpg,augmented/la_p8_s2/la_p8_s2_aug3.jpg,augmentation_positive
augmented/la_p8_s2/la_p8_s2_aug1.jpg,augmented/la_p8_s2/la_p8_s2_aug4.jpg,augmentation_positive
augmented/la_p8_s2/la_p8_s2_aug2.jpg,sections/la_p8_s2.jpg,augmentation_positive
augmented/la_p8_s2/la_p8_s2_aug2.jpg,augmented/la_p8_s2/la_p8_s2_aug3.jpg,augmentation_positive
augmented/la_p8_s2/la_p8_s2_aug2.jpg,augmented/la_p8_s2/la_p8_s2_aug4.jpg,augmentation_positive
augmented/la_p8_s2/la_p8_s2_aug3.jpg,sections/la_p8_s2.jpg,augmentation_positive
augmented/la_p8_s2/la_p8_s2_aug3.jpg,augmented/la_p8_s2/la_p8_s2_aug4.jpg,augmentation_positive
augmented/la_p8_s2/la_p8_s2_aug4.jpg,sections/la_p8_s2.jpg,augmentation_positive
augmented/la_p8_s3/la_p8_s3_aug1.jpg,sections/la_p8_s3.jpg,augmentation_positive
augmented/la_p8_s3/la_p8_s3_aug1.jpg,augmented/la_p8_s3/la_p8_s3_aug2.jpg,augmentation_positive
augmented/la_p8_s3/la_p8_s3_aug1.jpg,augmented/la_p8_s3/la_p8_s3_aug3.jpg,augmentation_positive
augmented/la_p8_s3/la_p8_s3_aug1.jpg,augmented/la_p8_s3/la_p8_s3_aug4.jpg,augmentation_positive
augmented/la_p8_s3/la_p8_s3_aug2.jpg,sections/la_p8_s3.jpg,augmentation_positive
augmented/la_p8_s3/la_p8_s3_aug2.jpg,augmented/la_p8_s3/la_p8_s3_aug3.jpg,augmentation_positive
augmented/la_p8_s3/la_p8_s3_aug2.jpg,augmented/la_p8_s3/la_p8_s3_aug4.jpg,augmentation_positive
augmented/la_p8_s3/la_p8_s3_aug3.jpg,sections/la_p8_s3.jpg,augmentation_positive
augmented/la_p8_s3/la_p8_s3_aug3.jpg,augmented/la_p8_s3/la_p8_s3_aug4.jpg,augmentation_positive
augmented/la_p8_s3/la_p8_s3_aug4.jpg,sections/la_p8_s3.jpg,augmentation_positive
augmented/la_p8_s4/la_p8_s4_aug1.jpg,sections/la_p8_s4.jpg,augmentation_positive
augmented/la_p8_s4/la_p8_s4_aug1.jpg,augmented/la_p8_s4/la_p8_s4_aug2.jpg,augmentation_positive
augmented/la_p8_s4/la_p8_s4_aug1.jpg,augmented/la_p8_s4/la_p8_s4_aug3.jpg,augmentation_positive
augmented/la_p8_s4/la_p8_s4_aug1.jpg,augmented/la_p8_s4/la_p8_s4_aug4.jpg,augmentation_positive
augmented/la_p8_s4/la_p8_s4_aug2.jpg,sections/la_p8_s4.jpg,augmentation_positive
augmented/la_p8_s4/la_p8_s4_aug2.jpg,augmented/la_p8_s4/la_p8_s4_aug3.jpg,augmentation_positive
augmented/la_p8_s4/la_p8_s4_aug2.jpg,augmented/la_p8_s4/la_p8_s4_aug4.jpg,augmentation_positive
augmented/la_p8_s4/la_p8_s4_aug3.jpg,sections/la_p8_s4.jpg,augmentation_positive
augmented/la_p8_s4/la_p8_s4_aug3.jpg,augmented/la_p8_s4/la_p8_s4_aug4.jpg,augmentation_positive
augmented/la_p8_s4/la_p8_s4_aug4.jpg,sections/la_p8_s4.jpg,augmentation_positive
augmented/la_p9_s1/la_p9_s1_aug1.jpg,sections/la_p9_s1.jpg,augmentation_positive
augmented/la_p9_s1/la_p9_s1_aug1.jpg,augmented/la_p9_s1/la_p9_s1_aug2.jpg,augmentation_positive
augmented/la_p9_s1/la_p9_s1_aug1.jpg,augmented/la_p9_s1/la_p9_s1_aug3.jpg,augmentation_positive
augmented/la_p9_s1/la_p9_s1_aug1.jpg,augmented/la_p9_s1/la_p9_s1_aug4.jpg,augmentation_positive
augmented/la_p9_s1/la_p9_s1_aug2.jpg,sections/la_p9_s1.jpg,augmentation_positive
augmented/la_p9_s1/la_p9_s1_aug2.jpg,augmented/la_p9_s1/la_p9_s1_aug3.jpg,augmentation_positive
augmented/la_p9_s1/la_p9_s1_aug2.jpg,augmented/la_p9_s1/la_p9_s1_aug4.jpg,augmentation_positive
augmented/la_p9_s1/la_p9_s1_aug3.jpg,sections/la_p9_s1.jpg,augmentation_positive
augmented/la_p9_s1/la_p9_s1_aug3.jpg,augmented/la_p9_s1/la_p9_s1_aug4.jpg,augmentation_positive
augmented/la_p9_s1/la_p9_s1_aug4.jpg,sections/la_p9_s1.jpg,augmentation_positive
augmented/la_p9_s2/la_p9_s2_aug1.jpg,sections/la_p9_s2.jpg,augmentation_positive
augmented/la_p9_s2/la_p9_s2_aug1.jpg,augmented/la_p9_s2/la_p9_s2_aug2.jpg,augmentation_positive
augmented/la_p9_s2/la_p9_s2_aug1.jpg,augmented/la_p9_s2/la_p9_s2_aug3.jpg,augmentation_positive
augmented/la_p9_s2/la_p9_s2_aug1.jpg,augmented/la_p9_s2/la_p9_s2_aug4.jpg,augmentation_positive
augmented/la_p9_s2/la_p9_s2_aug2.jpg,sections/la_p9_s2.jpg,augmentation_positive
augmented/la_p9_s2/la_p9_s2_aug2.jpg,augmented/la_p9_s2/la_p9_s2_aug3.jpg,augmentation_positive
augmented/la_p9_s2/la_p9_s2_aug2.jpg,augmented/la_p9_s2/la_p9_s2_aug4.jpg,augmentation_positive
augmented/la_p9_s2/la_p9_s2_aug3.jpg,sections/la_p9_s2.jpg,augmentation_positive
augmented/la_p9_s2/la_p9_s2_aug3.jpg,augmented/la_p9_s2/la_p9_s2_aug4.jpg,augmentation_positive
augmented/la_p9_s2/la_p9_s2_aug4.jpg,sections/la_p9_s2.jpg,augmentation_positive
augmented/la_p9_s3/la_p9_s3_aug1.jpg,sections/la_p9_s3.jpg,augmentation_positive
augmented/la_p9_s3/la_p9_s3_aug1.jpg,augmented/la_p9_s3/la_p9_s3_aug2.jpg,augmentation_positive
augmented/la_p9_s3/la_p9_s3_aug1.jpg,augmented/la_p9_s3/la_p9_s3_aug3.jpg,augmentation_positive
augmented/la_p9_s3/la_p9_s3_aug1.jpg,augmented/la_p9_s3/la_p9_s3_aug4.jpg,augmentation_positive
augmented/la_p9_s3/la_p9_s3_aug2.jpg,sections/la_p9_s3.jpg,augmentation_positive
augmented/la_p9_s3/la_p9_s3_aug2.jpg,augmented/la_p9_s3/la_p9_s3_aug3.jpg,augmentation_positive
augmented/la_p9_s3/la_p9_s3_aug2.jpg,augmented/la_p9_s3/la_p9_s3_aug4.jpg,augmentation_positive
augmented/la_p9_s3/la_p9_s3_aug3.jpg,sections/la_p9_s3.jpg,augmentation_positive
augmented/la_p9_s3/la_p9_s3_aug3.jpg,augmented/la_p9_s3/la_p9_s3_aug4.jpg,augmentation_positive
augmented/la_p9_s3/la_p9_s3_aug4.jpg,sections/la_p9_s3.jpg,augmentation_positive
augmented/la_p9_s5/la_p9_s5_aug1.jpg,sections/la_p9_s5.jpg,augmentation_positive
augmented/la_p9_s5/la_p9_s5_aug1.jpg,augmented/la_p9_s5/la_p9_s5_aug2.jpg,augmentation_positive
augmented/la_p9_s5/la_p9_s5_aug1.jpg,augmented/la_p9_s5/la_p9_s5_aug3.jpg,augmentation_positive
augmented/la_p9_s5/la_p9_s5_aug1.jpg,augmented/la_p9_s5/la_p9_s5_aug4.jpg,augmentation_positive
augmented/la_p9_s5/la_p9_s5_aug2.jpg,sections/la_p9_s5.jpg,augmentation_positive
augmented/la_p9_s5/la_p9_s5_aug2.jpg,augmented/la_p9_s5/la_p9_s5_aug3.jpg,augmentation_positive
augmented/la_p9_s5/la_p9_s5_aug2.jpg,augmented/la_p9_s5/la_p9_s5_aug4.jpg,augmentation_positive
augmented/la_p9_s5/la_p9_s5_aug3.jpg,sections/la_p9_s5.jpg,augmentation_positive
augmented/la_p9_s5/la_p9_s5_aug3.jpg,augmented/la_p9_s5/la_p9_s5_aug4.jpg,augmentation_positive
augmented/la_p9_s5/la_p9_s5_aug4.jpg,sections/la_p9_s5.jpg,augmentation_positive
augmented/la_p10_s1/la_p10_s1_aug1.jpg,sections/la_p10_s1.jpg,augmentation_positive
augmented/la_p10_s1/la_p10_s1_aug1.jpg,augmented/la_p10_s1/la_p10_s1_aug2.jpg,augmentation_positive
augmented/la_p10_s1/la_p10_s1_aug1.jpg,augmented/la_p10_s1/la_p10_s1_aug3.jpg,augmentation_positive
augmented/la_p10_s1/la_p10_s1_aug1.jpg,augmented/la_p10_s1/la_p10_s1_aug4.jpg,augmentation_positive
augmented/la_p10_s1/la_p10_s1_aug2.jpg,sections/la_p10_s1.jpg,augmentation_positive
augmented/la_p10_s1/la_p10_s1_aug2.jpg,augmented/la_p10_s1/la_p10_s1_aug3.jpg,augmentation_positive
augmented/la_p10_s1/la_p10_s1_aug2.jpg,augmented/la_p10_s1/la_p10_s1_aug4.jpg,augmentation_positive
augmented/la_p10_s1/la_p10_s1_aug3.jpg,sections/la_p10_s1.jpg,augmentation_positive
augmented/la_p10_s1/la_p10_s1_aug3.jpg,augmented/la_p10_s1/la_p10_s1_aug4.jpg,augmentation_positive
augmented/la_p10_s1/la_p10_s1_aug4.jpg,sections/la_p10_s1.jpg,augmentation_positive
augmented/la_p10_s2/la_p10_s2_aug1.jpg,sections/la_p10_s2.jpg,augmentation_positive
augmented/la_p10_s2/la_p10_s2_aug1.jpg,augmented/la_p10_s2/la_p10_s2_aug2.jpg,augmentation_positive
augmented/la_p10_s2/la_p10_s2_aug1.jpg,augmented/la_p10_s2/la_p10_s2_aug3.jpg,augmentation_positive
augmented/la_p10_s2/la_p10_s2_aug1.jpg,augmented/la_p10_s2/la_p10_s2_aug4.jpg,augmentation_positive
augmented/la_p10_s2/la_p10_s2_aug2.jpg,sections/la_p10_s2.jpg,augmentation_positive
augmented/la_p10_s2/la_p10_s2_aug2.jpg,augmented/la_p10_s2/la_p10_s2_aug3.jpg,augmentation_positive
augmented/la_p10_s2/la_p10_s2_aug2.jpg,augmented/la_p10_s2/la_p10_s2_aug4.jpg,augmentation_positive
augmented/la_p10_s2/la_p10_s2_aug3.jpg,sections/la_p10_s2.jpg,augmentation_positive
augmented/la_p10_s2/la_p10_s2_aug3.jpg,augmented/la_p10_s2/la_p10_s2_aug4.jpg,augmentation_positive
augmented/la_p10_s2/la_p10_s2_aug4.jpg,sections/la_p10_s2.jpg,augmentation_positive
augmented/la_p10_s3/la_p10_s3_aug1.jpg,sections/la_p10_s3.jpg,augmentation_positive
augmented/la_p10_s3/la_p10_s3_aug1.jpg,augmented/la_p10_s3/la_p10_s3_aug2.jpg,augmentation_positive
augmented/la_p10_s3/la_p10_s3_aug1.jpg,augmented/la_p10_s3/la_p10_s3_aug3.jpg,augmentation_positive
augmented/la_p10_s3/la_p10_s3_aug1.jpg,augmented/la_p10_s3/la_p10_s3_aug4.jpg,augmentation_positive
augmented/la_p10_s3/la_p10_s3_aug2.jpg,sections/la_p10_s3.jpg,augmentation_positive
augmented/la_p10_s3/la_p10_s3_aug2.jpg,augmented/la_p10_s3/la_p10_s3_aug3.jpg,augmentation_positive
augmented/la_p10_s3/la_p10_s3_aug2.jpg,augmented/la_p10_s3/la_p10_s3_aug4.jpg,augmentation_positive
augmented/la_p10_s3/la_p10_s3_aug3.jpg,sections/la_p10_s3.jpg,augmentation_positive
augmented/la_p10_s3/la_p10_s3_aug3.jpg,augmented/la_p10_s3/la_p10_s3_aug4.jpg,augmentation_positive
augmented/la_p10_s3/la_p10_s3_aug4.jpg,sections/la_p10_s3.jpg,augmentation_positive
augmented/la_p10_s4/la_p10_s4_aug1.jpg,sections/la_p10_s4.jpg,augmentation_positive
augmented/la_p10_s4/la_p10_s4_aug1.jpg,augmented/la_p10_s4/la_p10_s4_aug2.jpg,augmentation_positive
augmented/la_p10_s4/la_p10_s4_aug1.jpg,augmented/la_p10_s4/la_p10_s4_aug3.jpg,augmentation_positive
augmented/la_p10_s4/la_p10_s4_aug1.jpg,augmented/la_p10_s4/la_p10_s4_aug4.jpg,augmentation_positive
augmented/la_p10_s4/la_p10_s4_aug2.jpg,sections/la_p10_s4.jpg,augmentation_positive
augmented/la_p10_s4/la_p10_s4_aug2.jpg,augmented/la_p10_s4/la_p10_s4_aug3.jpg,augmentation_positive
augmented/la_p10_s4/la_p10_s4_aug2.jpg,augmented/la_p10_s4/la_p10_s4_aug4.jpg,augmentation_positive
augmented/la_p10_s4/la_p10_s4_aug3.jpg,sections/la_p10_s4.jpg,augmentation_positive
augmented/la_p10_s4/la_p10_s4_aug3.jpg,augmented/la_p10_s4/la_p10_s4_aug4.jpg,augmentation_positive
augmented/la_p10_s4/la_p10_s4_aug4.jpg,sections/la_p10_s4.jpg,augmentation_positive
augmented/la_p10_s6/la_p10_s6_aug1.jpg,sections/la_p10_s6.jpg,augmentation_positive
augmented/la_p10_s6/la_p10_s6_aug1.jpg,augmented/la_p10_s6/la_p10_s6_aug2.jpg,augmentation_positive
augmented/la_p10_s6/la_p10_s6_aug1.jpg,augmented/la_p10_s6/la_p10_s6_aug3.jpg,augmentation_positive
augmented/la_p10_s6/la_p10_s6_aug1.jpg,augmented/la_p10_s6/la_p10_s6_aug4.jpg,augmentation_positive
augmented/la_p10_s6/la_p10_s6_aug2.jpg,sections/la_p10_s6.jpg,augmentation_positive
augmented/la_p10_s6/la_p10_s6_aug2.jpg,augmented/la_p10_s6/la_p10_s6_aug3.jpg,augmentation_positive
augmented/la_p10_s6/la_p10_s6_aug2.jpg,augmented/la_p10_s6/la_p10_s6_aug4.jpg,augmentation_positive
augmented/la_p10_s6/la_p10_s6_aug3.jpg,sections/la_p10_s6.jpg,augmentation_positive
augmented/la_p10_s6/la_p10_s6_aug3.jpg,augmented/la_p10_s6/la_p10_s6_aug4.jpg,augmentation_positive
augmented/la_p10_s6/la_p10_s6_aug4.jpg,sections/la_p10_s6.jpg,augmentation_positive
augmented/la_p11_s1/la_p11_s1_aug1.jpg,sections/la_p11_s1.jpg,augmentation_positive
augmented/la_p11_s1/la_p11_s1_aug1.jpg,augmented/la_p11_s1/la_p11_s1_aug2.jpg,augmentation_positive
augmented/la_p11_s1/la_p11_s1_aug1.jpg,augmented/la_p11_s1/la_p11_s1_aug3.jpg,augmentation_positive
augmented/la_p11_s1/la_p11_s1_aug1.jpg,augmented/la_p11_s1/la_p11_s1_aug4.jpg,augmentation_positive
augmented/la_p11_s1/la_p11_s1_aug2.jpg,sections/la_p11_s1.jpg,augmentation_positive
augmented/la_p11_s1/la_p11_s1_aug2.jpg,augmented/la_p11_s1/la_p11_s1_aug3.jpg,augmentation_positive
augmented/la_p11_s1/la_p11_s1_aug2.jpg,augmented/la_p11_s1/la_p11_s1_aug4.jpg,augmentation_positive
augmented/la_p11_s1/la_p11_s1_aug3.jpg,sections/la_p11_s1.jpg,augmentation_positive
augmented/la_p11_s1/la_p11_s1_aug3.jpg,augmented/la_p11_s1/la_p11_s1_aug4.jpg,augmentation_positive
augmented/la_p11_s1/la_p11_s1_aug4.jpg,sections/la_p11_s1.jpg,augmentation_positive
augmented/la_p11_s2/la_p11_s2_aug1.jpg,sections/la_p11_s2.jpg,augmentation_positive
augmented/la_p11_s2/la_p11_s2_aug1.jpg,augmented/la_p11_s2/la_p11_s2_aug2.jpg,augmentation_positive
augmented/la_p11_s2/la_p11_s2_aug1.jpg,augmented/la_p11_s2/la_p11_s2_aug3.jpg,augmentation_positive
augmented/la_p11_s2/la_p11_s2_aug1.jpg,augmented/la_p11_s2/la_p11_s2_aug4.jpg,augmentation_positive
augmented/la_p11_s2/la_p11_s2_aug2.jpg,sections/la_p11_s2.jpg,augmentation_positive
augmented/la_p11_s2/la_p11_s2_aug2.jpg,augmented/la_p11_s2/la_p11_s2_aug3.jpg,augmentation_positive
augmented/la_p11_s2/la_p11_s2_aug2.jpg,augmented/la_p11_s2/la_p11_s2_aug4.jpg,augmentation_positive
augmented/la_p11_s2/la_p11_s2_aug3.jpg,sections/la_p11_s2.jpg,augmentation_positive
augmented/la_p11_s2/la_p11_s2_aug3.jpg,augmented/la_p11_s2/la_p11_s2_aug4.jpg,augmentation_positive
augmented/la_p11_s2/la_p11_s2_aug4.jpg,sections/la_p11_s2.jpg,augmentation_positive
augmented/la_p11_s4/la_p11_s4_aug1.jpg,sections/la_p11_s4.jpg,augmentation_positive
augmented/la_p11_s4/la_p11_s4_aug1.jpg,augmented/la_p11_s4/la_p11_s4_aug2.jpg,augmentation_positive
augmented/la_p11_s4/la_p11_s4_aug1.jpg,augmented/la_p11_s4/la_p11_s4_aug3.jpg,augmentation_positive
augmented/la_p11_s4/la_p11_s4_aug1.jpg,augmented/la_p11_s4/la_p11_s4_aug4.jpg,augmentation_positive
augmented/la_p11_s4/la_p11_s4_aug2.jpg,sections/la_p11_s4.jpg,augmentation_positive
augmented/la_p11_s4/la_p11_s4_aug2.jpg,augmented/la_p11_s4/la_p11_s4_aug3.jpg,augmentation_positive
augmented/la_p11_s4/la_p11_s4_aug2.jpg,augmented/la_p11_s4/la_p11_s4_aug4.jpg,augmentation_positive
augmented/la_p11_s4/la_p11_s4_aug3.jpg,sections/la_p11_s4.jpg,augmentation_positive
augmented/la_p11_s4/la_p11_s4_aug3.jpg,augmented/la_p11_s4/la_p11_s4_aug4.jpg,augmentation_positive
augmented/la_p11_s4/la_p11_s4_aug4.jpg,sections/la_p11_s4.jpg,augmentation_positive
augmented/la_p11_s6/la_p11_s6_aug1.jpg,sections/la_p11_s6.jpg,augmentation_positive
augmented/la_p11_s6/la_p11_s6_aug1.jpg,augmented/la_p11_s6/la_p11_s6_aug2.jpg,augmentation_positive
augmented/la_p11_s6/la_p11_s6_aug1.jpg,augmented/la_p11_s6/la_p11_s6_aug3.jpg,augmentation_positive
augmented/la_p11_s6/la_p11_s6_aug1.jpg,augmented/la_p11_s6/la_p11_s6_aug4.jpg,augmentation_positive
augmented/la_p11_s6/la_p11_s6_aug2.jpg,sections/la_p11_s6.jpg,augmentation_positive
augmented/la_p11_s6/la_p11_s6_aug2.jpg,augmented/la_p11_s6/la_p11_s6_aug3.jpg,augmentation_positive
augmented/la_p11_s6/la_p11_s6_aug2.jpg,augmented/la_p11_s6/la_p11_s6_aug4.jpg,augmentation_positive
augmented/la_p11_s6/la_p11_s6_aug3.jpg,sections/la_p11_s6.jpg,augmentation_positive
augmented/la_p11_s6/la_p11_s6_aug3.jpg,augmented/la_p11_s6/la_p11_s6_aug4.jpg,augmentation_positive
augmented/la_p11_s6/la_p11_s6_aug4.jpg,sections/la_p11_s6.jpg,augmentation_positive
augmented/la_p12_s1/la_p12_s1_aug1.jpg,sections/la_p12_s1.jpg,augmentation_positive
augmented/la_p12_s1/la_p12_s1_aug1.jpg,augmented/la_p12_s1/la_p12_s1_aug2.jpg,augmentation_positive
augmented/la_p12_s1/la_p12_s1_aug1.jpg,augmented/la_p12_s1/la_p12_s1_aug3.jpg,augmentation_positive
augmented/la_p12_s1/la_p12_s1_aug1.jpg,augmented/la_p12_s1/la_p12_s1_aug4.jpg,augmentation_positive
augmented/la_p12_s1/la_p12_s1_aug2.jpg,sections/la_p12_s1.jpg,augmentation_positive
augmented/la_p12_s1/la_p12_s1_aug2.jpg,augmented/la_p12_s1/la_p12_s1_aug3.jpg,augmentation_positive
augmented/la_p12_s1/la_p12_s1_aug2.jpg,augmented/la_p12_s1/la_p12_s1_aug4.jpg,augmentation_positive
augmented/la_p12_s1/la_p12_s1_aug3.jpg,sections/la_p12_s1.jpg,augmentation_positive
augmented/la_p12_s1/la_p12_s1_aug3.jpg,augmented/la_p12_s1/la_p12_s1_aug4.jpg,augmentation_positive
augmented/la_p12_s1/la_p12_s1_aug4.jpg,sections/la_p12_s1.jpg,augmentation_positive
augmented/la_p12_s2/la_p12_s2_aug1.jpg,sections/la_p12_s2.jpg,augmentation_positive
augmented/la_p12_s2/la_p12_s2_aug1.jpg,augmented/la_p12_s2/la_p12_s2_aug2.jpg,augmentation_positive
augmented/la_p12_s2/la_p12_s2_aug1.jpg,augmented/la_p12_s2/la_p12_s2_aug3.jpg,augmentation_positive
augmented/la_p12_s2/la_p12_s2_aug1.jpg,augmented/la_p12_s2/la_p12_s2_aug4.jpg,augmentation_positive
augmented/la_p12_s2/la_p12_s2_aug2.jpg,sections/la_p12_s2.jpg,augmentation_positive
augmented/la_p12_s2/la_p12_s2_aug2.jpg,augmented/la_p12_s2/la_p12_s2_aug3.jpg,augmentation_positive
augmented/la_p12_s2/la_p12_s2_aug2.jpg,augmented/la_p12_s2/la_p12_s2_aug4.jpg,augmentation_positive
augmented/la_p12_s2/la_p12_s2_aug3.jpg,sections/la_p12_s2.jpg,augmentation_positive
augmented/la_p12_s2/la_p12_s2_aug3.jpg,augmented/la_p12_s2/la_p12_s2_aug4.jpg,augmentation_positive
augmented/la_p12_s2/la_p12_s2_aug4.jpg,sections/la_p12_s2.jpg,augmentation_positive
augmented/la_p12_s3/la_p12_s3_aug1.jpg,sections/la_p12_s3.jpg,augmentation_positive
augmented/la_p12_s3/la_p12_s3_aug1.jpg,augmented/la_p12_s3/la_p12_s3_aug2.jpg,augmentation_positive
augmented/la_p12_s3/la_p12_s3_aug1.jpg,augmented/la_p12_s3/la_p12_s3_aug3.jpg,augmentation_positive
augmented/la_p12_s3/la_p12_s3_aug1.jpg,augmented/la_p12_s3/la_p12_s3_aug4.jpg,augmentation_positive
augmented/la_p12_s3/la_p12_s3_aug2.jpg,sections/la_p12_s3.jpg,augmentation_positive
augmented/la_p12_s3/la_p12_s3_aug2.jpg,augmented/la_p12_s3/la_p12_s3_aug3.jpg,augmentation_positive
augmented/la_p12_s3/la_p12_s3_aug2.jpg,augmented/la_p12_s3/la_p12_s3_aug4.jpg,augmentation_positive
augmented/la_p12_s3/la_p12_s3_aug3.jpg,sections/la_p12_s3.jpg,augmentation_positive
augmented/la_p12_s3/la_p12_s3_aug3.jpg,augmented/la_p12_s3/la_p12_s3_aug4.jpg,augmentation_positive
augmented/la_p12_s3/la_p12_s3_aug4.jpg,sections/la_p12_s3.jpg,augmentation_positive
augmented/la_p13_s1/la_p13_s1_aug1.jpg,sections/la_p13_s1.jpg,augmentation_positive
augmented/la_p13_s1/la_p13_s1_aug1.jpg,augmented/la_p13_s1/la_p13_s1_aug2.jpg,augmentation_positive
augmented/la_p13_s1/la_p13_s1_aug1.jpg,augmented/la_p13_s1/la_p13_s1_aug3.jpg,augmentation_positive
augmented/la_p13_s1/la_p13_s1_aug1.jpg,augmented/la_p13_s1/la_p13_s1_aug4.jpg,augmentation_positive
augmented/la_p13_s1/la_p13_s1_aug2.jpg,sections/la_p13_s1.jpg,augmentation_positive
augmented/la_p13_s1/la_p13_s1_aug2.jpg,augmented/la_p13_s1/la_p13_s1_aug3.jpg,augmentation_positive
augmented/la_p13_s1/la_p13_s1_aug2.jpg,augmented/la_p13_s1/la_p13_s1_aug4.jpg,augmentation_positive
augmented/la_p13_s1/la_p13_s1_aug3.jpg,sections/la_p13_s1.jpg,augmentation_positive
augmented/la_p13_s1/la_p13_s1_aug3.jpg,augmented/la_p13_s1/la_p13_s1_aug4.jpg,augmentation_positive
augmented/la_p13_s1/la_p13_s1_aug4.jpg,sections/la_p13_s1.jpg,augmentation_positive
augmented/la_p13_s2/la_p13_s2_aug1.jpg,sections/la_p13_s2.jpg,augmentation_positive
augmented/la_p13_s2/la_p13_s2_aug1.jpg,augmented/la_p13_s2/la_p13_s2_aug2.jpg,augmentation_positive
augmented/la_p13_s2/la_p13_s2_aug1.jpg,augmented/la_p13_s2/la_p13_s2_aug3.jpg,augmentation_positive
augmented/la_p13_s2/la_p13_s2_aug1.jpg,augmented/la_p13_s2/la_p13_s2_aug4.jpg,augmentation_positive
augmented/la_p13_s2/la_p13_s2_aug2.jpg,sections/la_p13_s2.jpg,augmentation_positive
augmented/la_p13_s2/la_p13_s2_aug2.jpg,augmented/la_p13_s2/la_p13_s2_aug3.jpg,augmentation_positive
augmented/la_p13_s2/la_p13_s2_aug2.jpg,augmented/la_p13_s2/la_p13_s2_aug4.jpg,augmentation_positive
augmented/la_p13_s2/la_p13_s2_aug3.jpg,sections/la_p13_s2.jpg,augmentation_positive
augmented/la_p13_s2/la_p13_s2_aug3.jpg,augmented/la_p13_s2/la_p13_s2_aug4.jpg,augmentation_positive
augmented/la_p13_s2/la_p13_s2_aug4.jpg,sections/la_p13_s2.jpg,augmentation_positive
augmented/la_p13_s3/la_p13_s3_aug1.jpg,sections/la_p13_s3.jpg,augmentation_positive
augmented/la_p13_s3/la_p13_s3_aug1.jpg,augmented/la_p13_s3/la_p13_s3_aug2.jpg,augmentation_positive
augmented/la_p13_s3/la_p13_s3_aug1.jpg,augmented/la_p13_s3/la_p13_s3_aug3.jpg,augmentation_positive
augmented/la_p13_s3/la_p13_s3_aug1.jpg,augmented/la_p13_s3/la_p13_s3_aug4.jpg,augmentation_positive
augmented/la_p13_s3/la_p13_s3_aug2.jpg,sections/la_p13_s3.jpg,augmentation_positive
augmented/la_p13_s3/la_p13_s3_aug2.jpg,augmented/la_p13_s3/la_p13_s3_aug3.jpg,augmentation_positive
augmented/la_p13_s3/la_p13_s3_aug2.jpg,augmented/la_p13_s3/la_p13_s3_aug4.jpg,augmentation_positive
augmented/la_p13_s3/la_p13_s3_aug3.jpg,sections/la_p13_s3.jpg,augmentation_positive
augmented/la_p13_s3/la_p13_s3_aug3.jpg,augmented/la_p13_s3/la_p13_s3_aug4.jpg,augmentation_positive
augmented/la_p13_s3/la_p13_s3_aug4.jpg,sections/la_p13_s3.jpg,augmentation_positive
augmented/la_p13_s4/la_p13_s4_aug1.jpg,sections/la_p13_s4.jpg,augmentation_positive
augmented/la_p13_s4/la_p13_s4_aug1.jpg,augmented/la_p13_s4/la_p13_s4_aug2.jpg,augmentation_positive
augmented/la_p13_s4/la_p13_s4_aug1.jpg,augmented/la_p13_s4/la_p13_s4_aug3.jpg,augmentation_positive
augmented/la_p13_s4/la_p13_s4_aug1.jpg,augmented/la_p13_s4/la_p13_s4_aug4.jpg,augmentation_positive
augmented/la_p13_s4/la_p13_s4_aug2.jpg,sections/la_p13_s4.jpg,augmentation_positive
augmented/la_p13_s4/la_p13_s4_aug2.jpg,augmented/la_p13_s4/la_p13_s4_aug3.jpg,augmentation_positive
augmented/la_p13_s4/la_p13_s4_aug2.jpg,augmented/la_p13_s4/la_p13_s4_aug4.jpg,augmentation_positive
augmented/la_p13_s4/la_p13_s4_aug3.jpg,sections/la_p13_s4.jpg,augmentation_positive
augmented/la_p13_s4/la_p13_s4_aug3.jpg,augmented/la_p13_s4/la_p13_s4_aug4.jpg,augmentation_positive
augmented/la_p13_s4/la_p13_s4_aug4.jpg,sections/la_p13_s4.jpg,augmentation_positive
augmented/la_p13_s5/la_p13_s5_aug1.jpg,sections/la_p13_s5.jpg,augmentation_positive
augmented/la_p13_s5/la_p13_s5_aug1.jpg,augmented/la_p13_s5/la_p13_s5_aug2.jpg,augmentation_positive
augmented/la_p13_s5/la_p13_s5_aug1.jpg,augmented/la_p13_s5/la_p13_s5_aug3.jpg,augmentation_positive
augmented/la_p13_s5/la_p13_s5_aug1.jpg,augmented/la_p13_s5/la_p13_s5_aug4.jpg,augmentation_positive
augmented/la_p13_s5/la_p13_s5_aug2.jpg,sections/la_p13_s5.jpg,augmentation_positive
augmented/la_p13_s5/la_p13_s5_aug2.jpg,augmented/la_p13_s5/la_p13_s5_aug3.jpg,augmentation_positive
augmented/la_p13_s5/la_p13_s5_aug2.jpg,augmented/la_p13_s5/la_p13_s5_aug4.jpg,augmentation_positive
augmented/la_p13_s5/la_p13_s5_aug3.jpg,sections/la_p13_s5.jpg,augmentation_positive
augmented/la_p13_s5/la_p13_s5_aug3.jpg,augmented/la_p13_s5/la_p13_s5_aug4.jpg,augmentation_positive
augmented/la_p13_s5/la_p13_s5_aug4.jpg,sections/la_p13_s5.jpg,augmentation_positive
augmented/la_p13_s6/la_p13_s6_aug1.jpg,sections/la_p13_s6.jpg,augmentation_positive
augmented/la_p13_s6/la_p13_s6_aug1.jpg,augmented/la_p13_s6/la_p13_s6_aug2.jpg,augmentation_positive
augmented/la_p13_s6/la_p13_s6_aug1.jpg,augmented/la_p13_s6/la_p13_s6_aug3.jpg,augmentation_positive
augmented/la_p13_s6/la_p13_s6_aug1.jpg,augmented/la_p13_s6/la_p13_s6_aug4.jpg,augmentation_positive
augmented/la_p13_s6/la_p13_s6_aug2.jpg,sections/la_p13_s6.jpg,augmentation_positive
augmented/la_p13_s6/la_p13_s6_aug2.jpg,augmented/la_p13_s6/la_p13_s6_aug3.jpg,augmentation_positive
augmented/la_p13_s6/la_p13_s6_aug2.jpg,augmented/la_p13_s6/la_p13_s6_aug4.jpg,augmentation_positive
augmented/la_p13_s6/la_p13_s6_aug3.jpg,sections/la_p13_s6.jpg,augmentation_positive
augmented/la_p13_s6/la_p13_s6_aug3.jpg,augmented/la_p13_s6/la_p13_s6_aug4.jpg,augmentation_positive
augmented/la_p13_s6/la_p13_s6_aug4.jpg,sections/la_p13_s6.jpg,augmentation_positive
augmented/la_p14_s1/la_p14_s1_aug1.jpg,sections/la_p14_s1.jpg,augmentation_positive
augmented/la_p14_s1/la_p14_s1_aug1.jpg,augmented/la_p14_s1/la_p14_s1_aug2.jpg,augmentation_positive
augmented/la_p14_s1/la_p14_s1_aug1.jpg,augmented/la_p14_s1/la_p14_s1_aug3.jpg,augmentation_positive
augmented/la_p14_s1/la_p14_s1_aug1.jpg,augmented/la_p14_s1/la_p14_s1_aug4.jpg,augmentation_positive
augmented/la_p14_s1/la_p14_s1_aug2.jpg,sections/la_p14_s1.jpg,augmentation_positive
augmented/la_p14_s1/la_p14_s1_aug2.jpg,augmented/la_p14_s1/la_p14_s1_aug3.jpg,augmentation_positive
augmented/la_p14_s1/la_p14_s1_aug2.jpg,augmented/la_p14_s1/la_p14_s1_aug4.jpg,augmentation_positive
augmented/la_p14_s1/la_p14_s1_aug3.jpg,sections/la_p14_s1.jpg,augmentation_positive
augmented/la_p14_s1/la_p14_s1_aug3.jpg,augmented/la_p14_s1/la_p14_s1_aug4.jpg,augmentation_positive
augmented/la_p14_s1/la_p14_s1_aug4.jpg,sections/la_p14_s1.jpg,augmentation_positive
augmented/la_p14_s2/la_p14_s2_aug1.jpg,sections/la_p14_s2.jpg,augmentation_positive
augmented/la_p14_s2/la_p14_s2_aug1.jpg,augmented/la_p14_s2/la_p14_s2_aug2.jpg,augmentation_positive
augmented/la_p14_s2/la_p14_s2_aug1.jpg,augmented/la_p14_s2/la_p14_s2_aug3.jpg,augmentation_positive
augmented/la_p14_s2/la_p14_s2_aug1.jpg,augmented/la_p14_s2/la_p14_s2_aug4.jpg,augmentation_positive
augmented/la_p14_s2/la_p14_s2_aug2.jpg,sections/la_p14_s2.jpg,augmentation_positive
augmented/la_p14_s2/la_p14_s2_aug2.jpg,augmented/la_p14_s2/la_p14_s2_aug3.jpg,augmentation_positive
augmented/la_p14_s2/la_p14_s2_aug2.jpg,augmented/la_p14_s2/la_p14_s2_aug4.jpg,augmentation_positive
augmented/la_p14_s2/la_p14_s2_aug3.jpg,sections/la_p14_s2.jpg,augmentation_positive
augmented/la_p14_s2/la_p14_s2_aug3.jpg,augmented/la_p14_s2/la_p14_s2_aug4.jpg,augmentation_positive
augmented/la_p14_s2/la_p14_s2_aug4.jpg,sections/la_p14_s2.jpg,augmentation_positive
augmented/la_p14_s3/la_p14_s3_aug1.jpg,sections/la_p14_s3.jpg,augmentation_positive
augmented/la_p14_s3/la_p14_s3_aug1.jpg,augmented/la_p14_s3/la_p14_s3_aug2.jpg,augmentation_positive
augmented/la_p14_s3/la_p14_s3_aug1.jpg,augmented/la_p14_s3/la_p14_s3_aug3.jpg,augmentation_positive
augmented/la_p14_s3/la_p14_s3_aug1.jpg,augmented/la_p14_s3/la_p14_s3_aug4.jpg,augmentation_positive
augmented/la_p14_s3/la_p14_s3_aug2.jpg,sections/la_p14_s3.jpg,augmentation_positive
augmented/la_p14_s3/la_p14_s3_aug2.jpg,augmented/la_p14_s3/la_p14_s3_aug3.jpg,augmentation_positive
augmented/la_p14_s3/la_p14_s3_aug2.jpg,augmented/la_p14_s3/la_p14_s3_aug4.jpg,augmentation_positive
augmented/la_p14_s3/la_p14_s3_aug3.jpg,sections/la_p14_s3.jpg,augmentation_positive
augmented/la_p14_s3/la_p14_s3_aug3.jpg,augmented/la_p14_s3/la_p14_s3_aug4.jpg,augmentation_positive
augmented/la_p14_s3/la_p14_s3_aug4.jpg,sections/la_p14_s3.jpg,augmentation_positive
augmented/la_p14_s4/la_p14_s4_aug1.jpg,sections/la_p14_s4.jpg,augmentation_positive
augmented/la_p14_s4/la_p14_s4_aug1.jpg,augmented/la_p14_s4/la_p14_s4_aug2.jpg,augmentation_positive
augmented/la_p14_s4/la_p14_s4_aug1.jpg,augmented/la_p14_s4/la_p14_s4_aug3.jpg,augmentation_positive
augmented/la_p14_s4/la_p14_s4_aug1.jpg,augmented/la_p14_s4/la_p14_s4_aug4.jpg,augmentation_positive
augmented/la_p14_s4/la_p14_s4_aug2.jpg,sections/la_p14_s4.jpg,augmentation_positive
augmented/la_p14_s4/la_p14_s4_aug2.jpg,augmented/la_p14_s4/la_p14_s4_aug3.jpg,augmentation_positive
augmented/la_p14_s4/la_p14_s4_aug2.jpg,augmented/la_p14_s4/la_p14_s4_aug4.jpg,augmentation_positive
augmented/la_p14_s4/la_p14_s4_aug3.jpg,sections/la_p14_s4.jpg,augmentation_positive
augmented/la_p14_s4/la_p14_s4_aug3.jpg,augmented/la_p14_s4/la_p14_s4_aug4.jpg,augmentation_positive
augmented/la_p14_s4/la_p14_s4_aug4.jpg,sections/la_p14_s4.jpg,augmentation_positive
augmented/la_p14_s5/la_p14_s5_aug1.jpg,sections/la_p14_s5.jpg,augmentation_positive
augmented/la_p14_s5/la_p14_s5_aug1.jpg,augmented/la_p14_s5/la_p14_s5_aug2.jpg,augmentation_positive
augmented/la_p14_s5/la_p14_s5_aug1.jpg,augmented/la_p14_s5/la_p14_s5_aug3.jpg,augmentation_positive
augmented/la_p14_s5/la_p14_s5_aug1.jpg,augmented/la_p14_s5/la_p14_s5_aug4.jpg,augmentation_positive
augmented/la_p14_s5/la_p14_s5_aug2.jpg,sections/la_p14_s5.jpg,augmentation_positive
augmented/la_p14_s5/la_p14_s5_aug2.jpg,augmented/la_p14_s5/la_p14_s5_aug3.jpg,augmentation_positive
augmented/la_p14_s5/la_p14_s5_aug2.jpg,augmented/la_p14_s5/la_p14_s5_aug4.jpg,augmentation_positive
augmented/la_p14_s5/la_p14_s5_aug3.jpg,sections/la_p14_s5.jpg,augmentation_positive
augmented/la_p14_s5/la_p14_s5_aug3.jpg,augmented/la_p14_s5/la_p14_s5_aug4.jpg,augmentation_positive
augmented/la_p14_s5/la_p14_s5_aug4.jpg,sections/la_p14_s5.jpg,augmentation_positive
augmented/la_p15_s1/la_p15_s1_aug1.jpg,sections/la_p15_s1.jpg,augmentation_positive
augmented/la_p15_s1/la_p15_s1_aug1.jpg,augmented/la_p15_s1/la_p15_s1_aug2.jpg,augmentation_positive
augmented/la_p15_s1/la_p15_s1_aug1.jpg,augmented/la_p15_s1/la_p15_s1_aug3.jpg,augmentation_positive
augmented/la_p15_s1/la_p15_s1_aug1.jpg,augmented/la_p15_s1/la_p15_s1_aug4.jpg,augmentation_positive
augmented/la_p15_s1/la_p15_s1_aug2.jpg,sections/la_p15_s1.jpg,augmentation_positive
augmented/la_p15_s1/la_p15_s1_aug2.jpg,augmented/la_p15_s1/la_p15_s1_aug3.jpg,augmentation_positive
augmented/la_p15_s1/la_p15_s1_aug2.jpg,augmented/la_p15_s1/la_p15_s1_aug4.jpg,augmentation_positive
augmented/la_p15_s1/la_p15_s1_aug3.jpg,sections/la_p15_s1.jpg,augmentation_positive
augmented/la_p15_s1/la_p15_s1_aug3.jpg,augmented/la_p15_s1/la_p15_s1_aug4.jpg,augmentation_positive
augmented/la_p15_s1/la_p15_s1_aug4.jpg,sections/la_p15_s1.jpg,augmentation_positive
augmented/la_p15_s2/la_p15_s2_aug1.jpg,sections/la_p15_s2.jpg,augmentation_positive
augmented/la_p15_s2/la_p15_s2_aug1.jpg,augmented/la_p15_s2/la_p15_s2_aug2.jpg,augmentation_positive
augmented/la_p15_s2/la_p15_s2_aug1.jpg,augmented/la_p15_s2/la_p15_s2_aug3.jpg,augmentation_positive
augmented/la_p15_s2/la_p15_s2_aug1.jpg,augmented/la_p15_s2/la_p15_s2_aug4.jpg,augmentation_positive
augmented/la_p15_s2/la_p15_s2_aug2.jpg,sections/la_p15_s2.jpg,augmentation_positive
augmented/la_p15_s2/la_p15_s2_aug2.jpg,augmented/la_p15_s2/la_p15_s2_aug3.jpg,augmentation_positive
augmented/la_p15_s2/la_p15_s2_aug2.jpg,augmented/la_p15_s2/la_p15_s2_aug4.jpg,augmentation_positive
augmented/la_p15_s2/la_p15_s2_aug3.jpg,sections/la_p15_s2.jpg,augmentation_positive
augmented/la_p15_s2/la_p15_s2_aug3.jpg,augmented/la_p15_s2/la_p15_s2_aug4.jpg,augmentation_positive
augmented/la_p15_s2/la_p15_s2_aug4.jpg,sections/la_p15_s2.jpg,augmentation_positive
augmented/la_p16_s1/la_p16_s1_aug1.jpg,sections/la_p16_s1.jpg,augmentation_positive
augmented/la_p16_s1/la_p16_s1_aug1.jpg,augmented/la_p16_s1/la_p16_s1_aug2.jpg,augmentation_positive
augmented/la_p16_s1/la_p16_s1_aug1.jpg,augmented/la_p16_s1/la_p16_s1_aug3.jpg,augmentation_positive
augmented/la_p16_s1/la_p16_s1_aug1.jpg,augmented/la_p16_s1/la_p16_s1_aug4.jpg,augmentation_positive
augmented/la_p16_s1/la_p16_s1_aug2.jpg,sections/la_p16_s1.jpg,augmentation_positive
augmented/la_p16_s1/la_p16_s1_aug2.jpg,augmented/la_p16_s1/la_p16_s1_aug3.jpg,augmentation_positive
augmented/la_p16_s1/la_p16_s1_aug2.jpg,augmented/la_p16_s1/la_p16_s1_aug4.jpg,augmentation_positive
augmented/la_p16_s1/la_p16_s1_aug3.jpg,sections/la_p16_s1.jpg,augmentation_positive
augmented/la_p16_s1/la_p16_s1_aug3.jpg,augmented/la_p16_s1/la_p16_s1_aug4.jpg,augmentation_positive
augmented/la_p16_s1/la_p16_s1_aug4.jpg,sections/la_p16_s1.jpg,augmentation_positive
augmented/la_p16_s2/la_p16_s2_aug1.jpg,sections/la_p16_s2.jpg,augmentation_positive
augmented/la_p16_s2/la_p16_s2_aug1.jpg,augmented/la_p16_s2/la_p16_s2_aug2.jpg,augmentation_positive
augmented/la_p16_s2/la_p16_s2_aug1.jpg,augmented/la_p16_s2/la_p16_s2_aug3.jpg,augmentation_positive
augmented/la_p16_s2/la_p16_s2_aug1.jpg,augmented/la_p16_s2/la_p16_s2_aug4.jpg,augmentation_positive
augmented/la_p16_s2/la_p16_s2_aug2.jpg,sections/la_p16_s2.jpg,augmentation_positive
augmented/la_p16_s2/la_p16_s2_aug2.jpg,augmented/la_p16_s2/la_p16_s2_aug3.jpg,augmentation_positive
augmented/la_p16_s2/la_p16_s2_aug2.jpg,augmented/la_p16_s2/la_p16_s2_aug4.jpg,augmentation_positive
augmented/la_p16_s2/la_p16_s2_aug3.jpg,sections/la_p16_s2.jpg,augmentation_positive
augmented/la_p16_s2/la_p16_s2_aug3.jpg,augmented/la_p16_s2/la_p16_s2_aug4.jpg,augmentation_positive
augmented/la_p16_s2/la_p16_s2_aug4.jpg,sections/la_p16_s2.jpg,augmentation_positive
augmented/la_p16_s3/la_p16_s3_aug1.jpg,sections/la_p16_s3.jpg,augmentation_positive
augmented/la_p16_s3/la_p16_s3_aug1.jpg,augmented/la_p16_s3/la_p16_s3_aug2.jpg,augmentation_positive
augmented/la_p16_s3/la_p16_s3_aug1.jpg,augmented/la_p16_s3/la_p16_s3_aug3.jpg,augmentation_positive
augmented/la_p16_s3/la_p16_s3_aug1.jpg,augmented/la_p16_s3/la_p16_s3_aug4.jpg,augmentation_positive
augmented/la_p16_s3/la_p16_s3_aug2.jpg,sections/la_p16_s3.jpg,augmentation_positive
augmented/la_p16_s3/la_p16_s3_aug2.jpg,augmented/la_p16_s3/la_p16_s3_aug3.jpg,augmentation_positive
augmented/la_p16_s3/la_p16_s3_aug2.jpg,augmented/la_p16_s3/la_p16_s3_aug4.jpg,augmentation_positive
augmented/la_p16_s3/la_p16_s3_aug3.jpg,sections/la_p16_s3.jpg,augmentation_positive
augmented/la_p16_s3/la_p16_s3_aug3.jpg,augmented/la_p16_s3/la_p16_s3_aug4.jpg,augmentation_positive
augmented/la_p16_s3/la_p16_s3_aug4.jpg,sections/la_p16_s3.jpg,augmentation_positive
augmented/la_p16_s4/la_p16_s4_aug1.jpg,sections/la_p16_s4.jpg,augmentation_positive
augmented/la_p16_s4/la_p16_s4_aug1.jpg,augmented/la_p16_s4/la_p16_s4_aug2.jpg,augmentation_positive
augmented/la_p16_s4/la_p16_s4_aug1.jpg,augmented/la_p16_s4/la_p16_s4_aug3.jpg,augmentation_positive
augmented/la_p16_s4/la_p16_s4_aug1.jpg,augmented/la_p16_s4/la_p16_s4_aug4.jpg,augmentation_positive
augmented/la_p16_s4/la_p16_s4_aug2.jpg,sections/la_p16_s4.jpg,augmentation_positive
augmented/la_p16_s4/la_p16_s4_aug2.jpg,augmented/la_p16_s4/la_p16_s4_aug3.jpg,augmentation_positive
augmented/la_p16_s4/la_p16_s4_aug2.jpg,augmented/la_p16_s4/la_p16_s4_aug4.jpg,augmentation_positive
augmented/la_p16_s4/la_p16_s4_aug3.jpg,sections/la_p16_s4.jpg,augmentation_positive
augmented/la_p16_s4/la_p16_s4_aug3.jpg,augmented/la_p16_s4/la_p16_s4_aug4.jpg,augmentation_positive
augmented/la_p16_s4/la_p16_s4_aug4.jpg,sections/la_p16_s4.jpg,augmentation_positive
augmented/la_p16_s5/la_p16_s5_aug1.jpg,sections/la_p16_s5.jpg,augmentation_positive
augmented/la_p16_s5/la_p16_s5_aug1.jpg,augmented/la_p16_s5/la_p16_s5_aug2.jpg,augmentation_positive
augmented/la_p16_s5/la_p16_s5_aug1.jpg,augmented/la_p16_s5/la_p16_s5_aug3.jpg,augmentation_positive
augmented/la_p16_s5/la_p16_s5_aug1.jpg,augmented/la_p16_s5/la_p16_s5_aug4.jpg,augmentation_positive
augmented/la_p16_s5/la_p16_s5_aug2.jpg,sections/la_p16_s5.jpg,augmentation_positive
augmented/la_p16_s5/la_p16_s5_aug2.jpg,augmented/la_p16_s5/la_p16_s5_aug3.jpg,augmentation_positive
augmented/la_p16_s5/la_p16_s5_aug2.jpg,augmented/la_p16_s5/la_p16_s5_aug4.jpg,augmentation_positive
augmented/la_p16_s5/la_p16_s5_aug3.jpg,sections/la_p16_s5.jpg,augmentation_positive
augmented/la_p16_s5/la_p16_s5_aug3.jpg,augmented/la_p16_s5/la_p16_s5_aug4.jpg,augmentation_positive
augmented/la_p16_s5/la_p16_s5_aug4.jpg,sections/la_p16_s5.jpg,augmentation_positive
augmented/la_p17_s1/la_p17_s1_aug1.jpg,sections/la_p17_s1.jpg,augmentation_positive
augmented/la_p17_s1/la_p17_s1_aug1.jpg,augmented/la_p17_s1/la_p17_s1_aug2.jpg,augmentation_positive
augmented/la_p17_s1/la_p17_s1_aug1.jpg,augmented/la_p17_s1/la_p17_s1_aug3.jpg,augmentation_positive
augmented/la_p17_s1/la_p17_s1_aug1.jpg,augmented/la_p17_s1/la_p17_s1_aug4.jpg,augmentation_positive
augmented/la_p17_s1/la_p17_s1_aug2.jpg,sections/la_p17_s1.jpg,augmentation_positive
augmented/la_p17_s1/la_p17_s1_aug2.jpg,augmented/la_p17_s1/la_p17_s1_aug3.jpg,augmentation_positive
augmented/la_p17_s1/la_p17_s1_aug2.jpg,augmented/la_p17_s1/la_p17_s1_aug4.jpg,augmentation_positive
augmented/la_p17_s1/la_p17_s1_aug3.jpg,sections/la_p17_s1.jpg,augmentation_positive
augmented/la_p17_s1/la_p17_s1_aug3.jpg,augmented/la_p17_s1/la_p17_s1_aug4.jpg,augmentation_positive
augmented/la_p17_s1/la_p17_s1_aug4.jpg,sections/la_p17_s1.jpg,augmentation_positive
augmented/la_p17_s2/la_p17_s2_aug1.jpg,sections/la_p17_s2.jpg,augmentation_positive
augmented/la_p17_s2/la_p17_s2_aug1.jpg,augmented/la_p17_s2/la_p17_s2_aug2.jpg,augmentation_positive
augmented/la_p17_s2/la_p17_s2_aug1.jpg,augmented/la_p17_s2/la_p17_s2_aug3.jpg,augmentation_positive
augmented/la_p17_s2/la_p17_s2_aug1.jpg,augmented/la_p17_s2/la_p17_s2_aug4.jpg,augmentation_positive
augmented/la_p17_s2/la_p17_s2_aug2.jpg,sections/la_p17_s2.jpg,augmentation_positive
augmented/la_p17_s2/la_p17_s2_aug2.jpg,augmented/la_p17_s2/la_p17_s2_aug3.jpg,augmentation_positive
augmented/la_p17_s2/la_p17_s2_aug2.jpg,augmented/la_p17_s2/la_p17_s2_aug4.jpg,augmentation_positive
augmented/la_p17_s2/la_p17_s2_aug3.jpg,sections/la_p17_s2.jpg,augmentation_positive
augmented/la_p17_s2/la_p17_s2_aug3.jpg,augmented/la_p17_s2/la_p17_s2_aug4.jpg,augmentation_positive
augmented/la_p17_s2/la_p17_s2_aug4.jpg,sections/la_p17_s2.jpg,augmentation_positive
augmented/la_p17_s3/la_p17_s3_aug1.jpg,sections/la_p17_s3.jpg,augmentation_positive
augmented/la_p17_s3/la_p17_s3_aug1.jpg,augmented/la_p17_s3/la_p17_s3_aug2.jpg,augmentation_positive
augmented/la_p17_s3/la_p17_s3_aug1.jpg,augmented/la_p17_s3/la_p17_s3_aug3.jpg,augmentation_positive
augmented/la_p17_s3/la_p17_s3_aug1.jpg,augmented/la_p17_s3/la_p17_s3_aug4.jpg,augmentation_positive
augmented/la_p17_s3/la_p17_s3_aug2.jpg,sections/la_p17_s3.jpg,augmentation_positive
augmented/la_p17_s3/la_p17_s3_aug2.jpg,augmented/la_p17_s3/la_p17_s3_aug3.jpg,augmentation_positive
augmented/la_p17_s3/la_p17_s3_aug2.jpg,augmented/la_p17_s3/la_p17_s3_aug4.jpg,augmentation_positive
augmented/la_p17_s3/la_p17_s3_aug3.jpg,sections/la_p17_s3.jpg,augmentation_positive
augmented/la_p17_s3/la_p17_s3_aug3.jpg,augmented/la_p17_s3/la_p17_s3_aug4.jpg,augmentation_positive
augmented/la_p17_s3/la_p17_s3_aug4.jpg,sections/la_p17_s3.jpg,augmentation_positive
augmented/la_p17_s4/la_p17_s4_aug1.jpg,sections/la_p17_s4.jpg,augmentation_positive
augmented/la_p17_s4/la_p17_s4_aug1.jpg,augmented/la_p17_s4/la_p17_s4_aug2.jpg,augmentation_positive
augmented/la_p17_s4/la_p17_s4_aug1.jpg,augmented/la_p17_s4/la_p17_s4_aug3.jpg,augmentation_positive
augmented/la_p17_s4/la_p17_s4_aug1.jpg,augmented/la_p17_s4/la_p17_s4_aug4.jpg,augmentation_positive
augmented/la_p17_s4/la_p17_s4_aug2.jpg,sections/la_p17_s4.jpg,augmentation_positive
augmented/la_p17_s4/la_p17_s4_aug2.jpg,augmented/la_p17_s4/la_p17_s4_aug3.jpg,augmentation_positive
augmented/la_p17_s4/la_p17_s4_aug2.jpg,augmented/la_p17_s4/la_p17_s4_aug4.jpg,augmentation_positive
augmented/la_p17_s4/la_p17_s4_aug3.jpg,sections/la_p17_s4.jpg,augmentation_positive
augmented/la_p17_s4/la_p17_s4_aug3.jpg,augmented/la_p17_s4/la_p17_s4_aug4.jpg,augmentation_positive
augmented/la_p17_s4/la_p17_s4_aug4.jpg,sections/la_p17_s4.jpg,augmentation_positive
augmented/la_p17_s6/la_p17_s6_aug1.jpg,sections/la_p17_s6.jpg,augmentation_positive
augmented/la_p17_s6/la_p17_s6_aug1.jpg,augmented/la_p17_s6/la_p17_s6_aug2.jpg,augmentation_positive
augmented/la_p17_s6/la_p17_s6_aug1.jpg,augmented/la_p17_s6/la_p17_s6_aug3.jpg,augmentation_positive
augmented/la_p17_s6/la_p17_s6_aug1.jpg,augmented/la_p17_s6/la_p17_s6_aug4.jpg,augmentation_positive
augmented/la_p17_s6/la_p17_s6_aug2.jpg,sections/la_p17_s6.jpg,augmentation_positive
augmented/la_p17_s6/la_p17_s6_aug2.jpg,augmented/la_p17_s6/la_p17_s6_aug3.jpg,augmentation_positive
augmented/la_p17_s6/la_p17_s6_aug2.jpg,augmented/la_p17_s6/la_p17_s6_aug4.jpg,augmentation_positive
augmented/la_p17_s6/la_p17_s6_aug3.jpg,sections/la_p17_s6.jpg,augmentation_positive
augmented/la_p17_s6/la_p17_s6_aug3.jpg,augmented/la_p17_s6/la_p17_s6_aug4.jpg,augmentation_positive
augmented/la_p17_s6/la_p17_s6_aug4.jpg,sections/la_p17_s6.jpg,augmentation_positive
augmented/la_p18_s2/la_p18_s2_aug1.jpg,sections/la_p18_s2.jpg,augmentation_positive
augmented/la_p18_s2/la_p18_s2_aug1.jpg,augmented/la_p18_s2/la_p18_s2_aug2.jpg,augmentation_positive
augmented/la_p18_s2/la_p18_s2_aug1.jpg,augmented/la_p18_s2/la_p18_s2_aug3.jpg,augmentation_positive
augmented/la_p18_s2/la_p18_s2_aug1.jpg,augmented/la_p18_s2/la_p18_s2_aug4.jpg,augmentation_positive
augmented/la_p18_s2/la_p18_s2_aug2.jpg,sections/la_p18_s2.jpg,augmentation_positive
augmented/la_p18_s2/la_p18_s2_aug2.jpg,augmented/la_p18_s2/la_p18_s2_aug3.jpg,augmentation_positive
augmented/la_p18_s2/la_p18_s2_aug2.jpg,augmented/la_p18_s2/la_p18_s2_aug4.jpg,augmentation_positive
augmented/la_p18_s2/la_p18_s2_aug3.jpg,sections/la_p18_s2.jpg,augmentation_positive
augmented/la_p18_s2/la_p18_s2_aug3.jpg,augmented/la_p18_s2/la_p18_s2_aug4.jpg,augmentation_positive
augmented/la_p18_s2/la_p18_s2_aug4.jpg,sections/la_p18_s2.jpg,augmentation_positive
augmented/la_p18_s4/la_p18_s4_aug1.jpg,sections/la_p18_s4.jpg,augmentation_positive
augmented/la_p18_s4/la_p18_s4_aug1.jpg,augmented/la_p18_s4/la_p18_s4_aug2.jpg,augmentation_positive
augmented/la_p18_s4/la_p18_s4_aug1.jpg,augmented/la_p18_s4/la_p18_s4_aug3.jpg,augmentation_positive
augmented/la_p18_s4/la_p18_s4_aug1.jpg,augmented/la_p18_s4/la_p18_s4_aug4.jpg,augmentation_positive
augmented/la_p18_s4/la_p18_s4_aug2.jpg,sections/la_p18_s4.jpg,augmentation_positive
augmented/la_p18_s4/la_p18_s4_aug2.jpg,augmented/la_p18_s4/la_p18_s4_aug3.jpg,augmentation_positive
augmented/la_p18_s4/la_p18_s4_aug2.jpg,augmented/la_p18_s4/la_p18_s4_aug4.jpg,augmentation_positive
augmented/la_p18_s4/la_p18_s4_aug3.jpg,sections/la_p18_s4.jpg,augmentation_positive
augmented/la_p18_s4/la_p18_s4_aug3.jpg,augmented/la_p18_s4/la_p18_s4_aug4.jpg,augmentation_positive
augmented/la_p18_s4/la_p18_s4_aug4.jpg,sections/la_p18_s4.jpg,augmentation_positive
augmented/la_p18_s5/la_p18_s5_aug1.jpg,sections/la_p18_s5.jpg,augmentation_positive
augmented/la_p18_s5/la_p18_s5_aug1.jpg,augmented/la_p18_s5/la_p18_s5_aug2.jpg,augmentation_positive
augmented/la_p18_s5/la_p18_s5_aug1.jpg,augmented/la_p18_s5/la_p18_s5_aug3.jpg,augmentation_positive
augmented/la_p18_s5/la_p18_s5_aug1.jpg,augmented/la_p18_s5/la_p18_s5_aug4.jpg,augmentation_positive
augmented/la_p18_s5/la_p18_s5_aug2.jpg,sections/la_p18_s5.jpg,augmentation_positive
augmented/la_p18_s5/la_p18_s5_aug2.jpg,augmented/la_p18_s5/la_p18_s5_aug3.jpg,augmentation_positive
augmented/la_p18_s5/la_p18_s5_aug2.jpg,augmented/la_p18_s5/la_p18_s5_aug4.jpg,augmentation_positive
augmented/la_p18_s5/la_p18_s5_aug3.jpg,sections/la_p18_s5.jpg,augmentation_positive
augmented/la_p18_s5/la_p18_s5_aug3.jpg,augmented/la_p18_s5/la_p18_s5_aug4.jpg,augmentation_positive
augmented/la_p18_s5/la_p18_s5_aug4.jpg,sections/la_p18_s5.jpg,augmentation_positive
augmented/la_p18_s7/la_p18_s7_aug1.jpg,sections/la_p18_s7.jpg,augmentation_positive
augmented/la_p18_s7/la_p18_s7_aug1.jpg,augmented/la_p18_s7/la_p18_s7_aug2.jpg,augmentation_positive
augmented/la_p18_s7/la_p18_s7_aug1.jpg,augmented/la_p18_s7/la_p18_s7_aug3.jpg,augmentation_positive
augmented/la_p18_s7/la_p18_s7_aug1.jpg,augmented/la_p18_s7/la_p18_s7_aug4.jpg,augmentation_positive
augmented/la_p18_s7/la_p18_s7_aug2.jpg,sections/la_p18_s7.jpg,augmentation_positive
augmented/la_p18_s7/la_p18_s7_aug2.jpg,augmented/la_p18_s7/la_p18_s7_aug3.jpg,augmentation_positive
augmented/la_p18_s7/la_p18_s7_aug2.jpg,augmented/la_p18_s7/la_p18_s7_aug4.jpg,augmentation_positive
augmented/la_p18_s7/la_p18_s7_aug3.jpg,sections/la_p18_s7.jpg,augmentation_positive
augmented/la_p18_s7/la_p18_s7_aug3.jpg,augmented/la_p18_s7/la_p18_s7_aug4.jpg,augmentation_positive
augmented/la_p18_s7/la_p18_s7_aug4.jpg,sections/la_p18_s7.jpg,augmentation_positive
augmented/la_p19_s1/la_p19_s1_aug1.jpg,sections/la_p19_s1.jpg,augmentation_positive
augmented/la_p19_s1/la_p19_s1_aug1.jpg,augmented/la_p19_s1/la_p19_s1_aug2.jpg,augmentation_positive
augmented/la_p19_s1/la_p19_s1_aug1.jpg,augmented/la_p19_s1/la_p19_s1_aug3.jpg,augmentation_positive
augmented/la_p19_s1/la_p19_s1_aug1.jpg,augmented/la_p19_s1/la_p19_s1_aug4.jpg,augmentation_positive
augmented/la_p19_s1/la_p19_s1_aug2.jpg,sections/la_p19_s1.jpg,augmentation_positive
augmented/la_p19_s1/la_p19_s1_aug2.jpg,augmented/la_p19_s1/la_p19_s1_aug3.jpg,augmentation_positive
augmented/la_p19_s1/la_p19_s1_aug2.jpg,augmented/la_p19_s1/la_p19_s1_aug4.jpg,augmentation_positive
augmented/la_p19_s1/la_p19_s1_aug3.jpg,sections/la_p19_s1.jpg,augmentation_positive
augmented/la_p19_s1/la_p19_s1_aug3.jpg,augmented/la_p19_s1/la_p19_s1_aug4.jpg,augmentation_positive
augmented/la_p19_s1/la_p19_s1_aug4.jpg,sections/la_p19_s1.jpg,augmentation_positive
augmented/la_p19_s2/la_p19_s2_aug1.jpg,sections/la_p19_s2.jpg,augmentation_positive
augmented/la_p19_s2/la_p19_s2_aug1.jpg,augmented/la_p19_s2/la_p19_s2_aug2.jpg,augmentation_positive
augmented/la_p19_s2/la_p19_s2_aug1.jpg,augmented/la_p19_s2/la_p19_s2_aug3.jpg,augmentation_positive
augmented/la_p19_s2/la_p19_s2_aug1.jpg,augmented/la_p19_s2/la_p19_s2_aug4.jpg,augmentation_positive
augmented/la_p19_s2/la_p19_s2_aug2.jpg,sections/la_p19_s2.jpg,augmentation_positive
augmented/la_p19_s2/la_p19_s2_aug2.jpg,augmented/la_p19_s2/la_p19_s2_aug3.jpg,augmentation_positive
augmented/la_p19_s2/la_p19_s2_aug2.jpg,augmented/la_p19_s2/la_p19_s2_aug4.jpg,augmentation_positive
augmented/la_p19_s2/la_p19_s2_aug3.jpg,sections/la_p19_s2.jpg,augmentation_positive
augmented/la_p19_s2/la_p19_s2_aug3.jpg,augmented/la_p19_s2/la_p19_s2_aug4.jpg,augmentation_positive
augmented/la_p19_s2/la_p19_s2_aug4.jpg,sections/la_p19_s2.jpg,augmentation_positive
augmented/la_p19_s4/la_p19_s4_aug1.jpg,sections/la_p19_s4.jpg,augmentation_positive
augmented/la_p19_s4/la_p19_s4_aug1.jpg,augmented/la_p19_s4/la_p19_s4_aug2.jpg,augmentation_positive
augmented/la_p19_s4/la_p19_s4_aug1.jpg,augmented/la_p19_s4/la_p19_s4_aug3.jpg,augmentation_positive
augmented/la_p19_s4/la_p19_s4_aug1.jpg,augmented/la_p19_s4/la_p19_s4_aug4.jpg,augmentation_positive
augmented/la_p19_s4/la_p19_s4_aug2.jpg,sections/la_p19_s4.jpg,augmentation_positive
augmented/la_p19_s4/la_p19_s4_aug2.jpg,augmented/la_p19_s4/la_p19_s4_aug3.jpg,augmentation_positive
augmented/la_p19_s4/la_p19_s4_aug2.jpg,augmented/la_p19_s4/la_p19_s4_aug4.jpg,augmentation_positive
augmented/la_p19_s4/la_p19_s4_aug3.jpg,sections/la_p19_s4.jpg,augmentation_positive
augmented/la_p19_s4/la_p19_s4_aug3.jpg,augmented/la_p19_s4/la_p19_s4_aug4.jpg,augmentation_positive
augmented/la_p19_s4/la_p19_s4_aug4.jpg,sections/la_p19_s4.jpg,augmentation_positive
sections/calc_p1_s1.jpg,sections/calc_p1_s2.jpg,topic_positive
sections/calc_p1_s1.jpg,sections/calc_p1_s3.jpg,topic_positive
sections/calc_p1_s1.jpg,sections/calc_p1_s4.jpg,soft_positive
sections/calc_p1_s1.jpg,sections/calc_p1_s5.jpg,soft_positive
sections/calc_p1_s1.jpg,sections/calc_p1_s6.jpg,plain_negative
sections/calc_p1_s1.jpg,sections/calc_p2_s1.jpg,plain_negative
sections/calc_p1_s1.jpg,sections/calc_p2_s2.jpg,plain_negative
sections/calc_p1_s1.jpg,sections/calc_p2_s3.jpg,plain_negative
sections/calc_p1_s1.jpg,sections/calc_p4_s1.jpg,plain_negative
sections/calc_p1_s1.jpg,sections/calc_p4_s2.jpg,plain_negative
sections/calc_p1_s1.jpg,sections/calc_p4_s3.jpg,plain_negative
sections/calc_p1_s1.jpg,sections/calc_p4_s4.jpg,plain_negative
sections/calc_p1_s1.jpg,sections/calc_p4_s6.jpg,plain_negative
sections/calc_p1_s1.jpg,sections/calc_p5_s1.jpg,plain_negative
sections/calc_p1_s1.jpg,sections/calc_p5_s2.jpg,plain_negative
sections/calc_p1_s1.jpg,sections/calc_p5_s3.jpg,plain_negative
sections/calc_p1_s1.jpg,sections/calc_p5_s5.jpg,plain_negative
sections/calc_p1_s1.jpg,sections/calc_p6_s1.jpg,plain_negative
sections/calc_p1_s1.jpg,sections/calc_p6_s2.jpg,plain_negative
sections/calc_p1_s1.jpg,sections/calc_p6_s3.jpg,plain_negative
sections/calc_p1_s1.jpg,sections/calc_p6_s4.jpg,plain_negative
sections/calc_p1_s1.jpg,sections/calc_p7_s1.jpg,plain_negative
sections/calc_p1_s1.jpg,sections/calc_p7_s2.jpg,plain_negative
sections/calc_p1_s1.jpg,sections/calc_p7_s4.jpg,plain_negative
sections/calc_p1_s1.jpg,sections/calc_p7_s5.jpg,plain_negative
sections/calc_p1_s1.jpg,sections/calc_p8_s1.jpg,plain_negative
sections/calc_p1_s1.jpg,sections/calc_p8_s2.jpg,plain_negative
sections/calc_p1_s1.jpg,sections/calc_p8_s3.jpg,plain_negative
sections/calc_p1_s1.jpg,sections/calc_p8_s5.jpg,plain_negative
sections/calc_p1_s1.jpg,sections/calc_p9_s1.jpg,plain_negative
sections/calc_p1_s1.jpg,sections/calc_p9_s2.jpg,plain_negative
sections/calc_p1_s1.jpg,sections/calc_p9_s3.jpg,plain_negative
sections/calc_p1_s1.jpg,sections/calc_p9_s4.jpg,plain_negative
sections/calc_p1_s1.jpg,sections/calc_p9_s5.jpg,plain_negative
sections/calc_p1_s1.jpg,sections/calc_p10_s1.jpg,plain_negative
sections/calc_p1_s1.jpg,sections/calc_p10_s2.jpg,plain_negative
sections/calc_p1_s1.jpg,sections/calc_p10_s3.jpg,plain_negative
sections/calc_p1_s1.jpg,sections/calc_p10_s4.jpg,plain_negative
sections/calc_p1_s1.jpg,sections/calc_p10_s5.jpg,plain_negative
sections/calc_p1_s1.jpg,sections/calc_p11_s3.jpg,plain_negative
sections/calc_p1_s1.jpg,sections/calc_p11_s4.jpg,plain_negative
sections/calc_p1_s1.jpg,sections/calc_p12_s1.jpg,plain_negative
sections/calc_p1_s1.jpg,sections/calc_p12_s2.jpg,plain_negative
sections/calc_p1_s1.jpg,sections/calc_p12_s3.jpg,plain_negative
sections/calc_p1_s1.jpg,sections/calc_p13_s1.jpg,plain_negative
sections/calc_p1_s1.jpg,sections/calc_p13_s2.jpg,plain_negative
sections/calc_p1_s1.jpg,sections/calc_p13_s3.jpg,plain_negative
sections/calc_p1_s1.jpg,sections/calc_p13_s4.jpg,plain_negative
sections/calc_p1_s1.jpg,sections/calc_p13_s5.jpg,plain_negative
sections/calc_p1_s1.jpg,sections/calc_p13_s6.jpg,plain_negative
sections/calc_p1_s1.jpg,sections/calc_p14_s1.jpg,plain_negative
sections/calc_p1_s1.jpg,sections/calc_p14_s2.jpg,plain_negative
sections/calc_p1_s1.jpg,sections/calc_p14_s3.jpg,plain_negative
sections/calc_p1_s1.jpg,sections/calc_p15_s1.jpg,plain_negative
sections/calc_p1_s1.jpg,sections/calc_p15_s2.jpg,plain_negative
sections/calc_p1_s1.jpg,sections/calc_p17_s1.jpg,plain_negative
sections/calc_p1_s1.jpg,sections/calc_p17_s2.jpg,plain_negative
sections/calc_p1_s1.jpg,sections/calc_p17_s3.jpg,plain_negative
sections/calc_p1_s1.jpg,sections/calc_p17_s4.jpg,plain_negative
sections/calc_p1_s1.jpg,sections/calc_p18_s2.jpg,plain_negative
sections/calc_p1_s1.jpg,sections/calc_p18_s3.jpg,plain_negative
sections/calc_p1_s1.jpg,sections/calc_p18_s4.jpg,plain_negative
sections/calc_p1_s1.jpg,sections/calc_p18_s5.jpg,plain_negative
sections/calc_p1_s1.jpg,sections/calc_p19_s1.jpg,plain_negative
sections/calc_p1_s1.jpg,sections/calc_p19_s2.jpg,plain_negative
sections/calc_p1_s1.jpg,sections/calc_p20_s2.jpg,plain_negative
sections/calc_p1_s1.jpg,sections/calc_p21_s1.jpg,plain_negative
sections/calc_p1_s1.jpg,sections/calc_p21_s2.jpg,plain_negative
sections/calc_p1_s1.jpg,sections/la_p1_s1.jpg,plain_negative
sections/calc_p1_s1.jpg,sections/la_p1_s2.jpg,plain_negative
sections/calc_p1_s1.jpg,sections/la_p1_s3.jpg,plain_negative
sections/calc_p1_s1.jpg,sections/la_p1_s4.jpg,plain_negative
sections/calc_p1_s1.jpg,sections/la_p1_s5.jpg,plain_negative
sections/calc_p1_s1.jpg,sections/la_p2_s1.jpg,plain_negative
sections/calc_p1_s1.jpg,sections/la_p2_s2.jpg,plain_negative
sections/calc_p1_s1.jpg,sections/la_p2_s3.jpg,plain_negative
sections/calc_p1_s1.jpg,sections/la_p2_s4.jpg,plain_negative
sections/calc_p1_s1.jpg,sections/la_p3_s1.jpg,plain_negative
sections/calc_p1_s1.jpg,sections/la_p3_s2.jpg,plain_negative
sections/calc_p1_s1.jpg,sections/la_p3_s3.jpg,plain_negative
sections/calc_p1_s1.jpg,sections/la_p3_s4.jpg,plain_negative
sections/calc_p1_s1.jpg,sections/la_p5_s1.jpg,plain_negative
sections/calc_p1_s1.jpg,sections/la_p5_s2.jpg,plain_negative
sections/calc_p1_s1.jpg,sections/la_p5_s3.jpg,plain_negative
sections/calc_p1_s1.jpg,sections/la_p6_s1.jpg,plain_negative
sections/calc_p1_s1.jpg,sections/la_p6_s3.jpg,plain_negative
sections/calc_p1_s1.jpg,sections/la_p7_s1.jpg,plain_negative
sections/calc_p1_s1.jpg,sections/la_p7_s2.jpg,plain_negative
sections/calc_p1_s1.jpg,sections/la_p7_s3.jpg,plain_negative
sections/calc_p1_s1.jpg,sections/la_p8_s1.jpg,plain_negative
sections/calc_p1_s1.jpg,sections/la_p8_s2.jpg,plain_negative
sections/calc_p1_s1.jpg,sections/la_p8_s3.jpg,plain_negative
sections/calc_p1_s1.jpg,sections/la_p8_s4.jpg,plain_negative
sections/calc_p1_s1.jpg,sections/la_p9_s1.jpg,plain_negative
sections/calc_p1_s1.jpg,sections/la_p9_s2.jpg,plain_negative
sections/calc_p1_s1.jpg,sections/la_p9_s3.jpg,plain_negative
sections/calc_p1_s1.jpg,sections/la_p9_s5.jpg,plain_negative
sections/calc_p1_s1.jpg,sections/la_p10_s1.jpg,plain_negative
sections/calc_p1_s1.jpg,sections/la_p10_s2.jpg,plain_negative
sections/calc_p1_s1.jpg,sections/la_p10_s3.jpg,plain_negative
sections/calc_p1_s1.jpg,sections/la_p10_s4.jpg,plain_negative
sections/calc_p1_s1.jpg,sections/la_p10_s6.jpg,plain_negative
sections/calc_p1_s1.jpg,sections/la_p11_s1.jpg,plain_negative
sections/calc_p1_s1.jpg,sections/la_p11_s2.jpg,plain_negative
sections/calc_p1_s1.jpg,sections/la_p11_s4.jpg,plain_negative
sections/calc_p1_s1.jpg,sections/la_p11_s6.jpg,plain_negative
sections/calc_p1_s1.jpg,sections/la_p12_s1.jpg,plain_negative
sections/calc_p1_s1.jpg,sections/la_p12_s2.jpg,plain_negative
sections/calc_p1_s1.jpg,sections/la_p12_s3.jpg,plain_negative
sections/calc_p1_s1.jpg,sections/la_p13_s1.jpg,plain_negative
sections/calc_p1_s1.jpg,sections/la_p13_s2.jpg,plain_negative
sections/calc_p1_s1.jpg,sections/la_p13_s3.jpg,plain_negative
sections/calc_p1_s1.jpg,sections/la_p13_s4.jpg,plain_negative
sections/calc_p1_s1.jpg,sections/la_p13_s5.jpg,plain_negative
sections/calc_p1_s1.jpg,sections/la_p13_s6.jpg,plain_negative
sections/calc_p1_s1.jpg,sections/la_p14_s1.jpg,plain_negative
sections/calc_p1_s1.jpg,sections/la_p14_s2.jpg,plain_negative
sections/calc_p1_s1.jpg,sections/la_p14_s3.jpg,plain_negative
sections/calc_p1_s1.jpg,sections/la_p14_s4.jpg,plain_negative
sections/calc_p1_s1.jpg,sections/la_p14_s5.jpg,plain_negative
sections/calc_p1_s1.jpg,sections/la_p15_s1.jpg,plain_negative
sections/calc_p1_s1.jpg,sections/la_p15_s2.jpg,plain_negative
sections/calc_p1_s1.jpg,sections/la_p16_s1.jpg,plain_negative
sections/calc_p1_s1.jpg,sections/la_p16_s2.jpg,plain_negative
sections/calc_p1_s1.jpg,sections/la_p16_s3.jpg,plain_negative
sections/calc_p1_s1.jpg,sections/la_p16_s4.jpg,plain_negative
sections/calc_p1_s1.jpg,sections/la_p16_s5.jpg,plain_negative
sections/calc_p1_s1.jpg,sections/la_p17_s1.jpg,plain_negative
sections/calc_p1_s1.jpg,sections/la_p17_s2.jpg,plain_negative
sections/calc_p1_s1.jpg,sections/la_p17_s3.jpg,plain_negative
sections/calc_p1_s1.jpg,sections/la_p17_s4.jpg,plain_negative
sections/calc_p1_s1.jpg,sections/la_p17_s6.jpg,plain_negative
sections/calc_p1_s1.jpg,sections/la_p18_s2.jpg,plain_negative
sections/calc_p1_s1.jpg,sections/la_p18_s4.jpg,plain_negative
sections/calc_p1_s1.jpg,sections/la_p18_s5.jpg,plain_negative
sections/calc_p1_s1.jpg,sections/la_p18_s7.jpg,plain_negative
sections/calc_p1_s1.jpg,sections/la_p19_s1.jpg,plain_negative
sections/calc_p1_s1.jpg,sections/la_p19_s2.jpg,plain_negative
sections/calc_p1_s1.jpg,sections/la_p19_s4.jpg,plain_negative
sections/calc_p1_s2.jpg,sections/calc_p1_s3.jpg,topic_positive
sections/calc_p1_s2.jpg,sections/calc_p1_s4.jpg,soft_positive
sections/calc_p1_s2.jpg,sections/calc_p1_s5.jpg,soft_positive
sections/calc_p1_s2.jpg,sections/calc_p1_s6.jpg,plain_negative
sections/calc_p1_s2.jpg,sections/calc_p2_s1.jpg,plain_negative
sections/calc_p1_s2.jpg,sections/calc_p2_s2.jpg,plain_negative
sections/calc_p1_s2.jpg,sections/calc_p2_s3.jpg,plain_negative
sections/calc_p1_s2.jpg,sections/calc_p4_s1.jpg,plain_negative
sections/calc_p1_s2.jpg,sections/calc_p4_s2.jpg,plain_negative
sections/calc_p1_s2.jpg,sections/calc_p4_s3.jpg,plain_negative
sections/calc_p1_s2.jpg,sections/calc_p4_s4.jpg,plain_negative
sections/calc_p1_s2.jpg,sections/calc_p4_s6.jpg,plain_negative
sections/calc_p1_s2.jpg,sections/calc_p5_s1.jpg,plain_negative
sections/calc_p1_s2.jpg,sections/calc_p5_s2.jpg,plain_negative
sections/calc_p1_s2.jpg,sections/calc_p5_s3.jpg,plain_negative
sections/calc_p1_s2.jpg,sections/calc_p5_s5.jpg,plain_negative
sections/calc_p1_s2.jpg,sections/calc_p6_s1.jpg,plain_negative
sections/calc_p1_s2.jpg,sections/calc_p6_s2.jpg,plain_negative
sections/calc_p1_s2.jpg,sections/calc_p6_s3.jpg,plain_negative
sections/calc_p1_s2.jpg,sections/calc_p6_s4.jpg,plain_negative
sections/calc_p1_s2.jpg,sections/calc_p7_s1.jpg,plain_negative
sections/calc_p1_s2.jpg,sections/calc_p7_s2.jpg,plain_negative
sections/calc_p1_s2.jpg,sections/calc_p7_s4.jpg,plain_negative
sections/calc_p1_s2.jpg,sections/calc_p7_s5.jpg,plain_negative
sections/calc_p1_s2.jpg,sections/calc_p8_s1.jpg,plain_negative
sections/calc_p1_s2.jpg,sections/calc_p8_s2.jpg,plain_negative
sections/calc_p1_s2.jpg,sections/calc_p8_s3.jpg,plain_negative
sections/calc_p1_s2.jpg,sections/calc_p8_s5.jpg,plain_negative
sections/calc_p1_s2.jpg,sections/calc_p9_s1.jpg,plain_negative
sections/calc_p1_s2.jpg,sections/calc_p9_s2.jpg,plain_negative
sections/calc_p1_s2.jpg,sections/calc_p9_s3.jpg,plain_negative
sections/calc_p1_s2.jpg,sections/calc_p9_s4.jpg,plain_negative
sections/calc_p1_s2.jpg,sections/calc_p9_s5.jpg,plain_negative
sections/calc_p1_s2.jpg,sections/calc_p10_s1.jpg,plain_negative
sections/calc_p1_s2.jpg,sections/calc_p10_s2.jpg,plain_negative
sections/calc_p1_s2.jpg,sections/calc_p10_s3.jpg,plain_negative
sections/calc_p1_s2.jpg,sections/calc_p10_s4.jpg,plain_negative
sections/calc_p1_s2.jpg,sections/calc_p10_s5.jpg,plain_negative
sections/calc_p1_s2.jpg,sections/calc_p11_s3.jpg,plain_negative
sections/calc_p1_s2.jpg,sections/calc_p11_s4.jpg,plain_negative
sections/calc_p1_s2.jpg,sections/calc_p12_s1.jpg,plain_negative
sections/calc_p1_s2.jpg,sections/calc_p12_s2.jpg,plain_negative
sections/calc_p1_s2.jpg,sections/calc_p12_s3.jpg,plain_negative
sections/calc_p1_s2.jpg,sections/calc_p13_s1.jpg,plain_negative
sections/calc_p1_s2.jpg,sections/calc_p13_s2.jpg,plain_negative
sections/calc_p1_s2.jpg,sections/calc_p13_s3.jpg,plain_negative
sections/calc_p1_s2.jpg,sections/calc_p13_s4.jpg,plain_negative
sections/calc_p1_s2.jpg,sections/calc_p13_s5.jpg,plain_negative
sections/calc_p1_s2.jpg,sections/calc_p13_s6.jpg,plain_negative
sections/calc_p1_s2.jpg,sections/calc_p14_s1.jpg,plain_negative
sections/calc_p1_s2.jpg,sections/calc_p14_s2.jpg,plain_negative
sections/calc_p1_s2.jpg,sections/calc_p14_s3.jpg,plain_negative
sections/calc_p1_s2.jpg,sections/calc_p15_s1.jpg,plain_negative
sections/calc_p1_s2.jpg,sections/calc_p15_s2.jpg,plain_negative
sections/calc_p1_s2.jpg,sections/calc_p17_s1.jpg,plain_negative
sections/calc_p1_s2.jpg,sections/calc_p17_s2.jpg,plain_negative
sections/calc_p1_s2.jpg,sections/calc_p17_s3.jpg,plain_negative
sections/calc_p1_s2.jpg,sections/calc_p17_s4.jpg,plain_negative
sections/calc_p1_s2.jpg,sections/calc_p18_s2.jpg,plain_negative
sections/calc_p1_s2.jpg,sections/calc_p18_s3.jpg,plain_negative
sections/calc_p1_s2.jpg,sections/calc_p18_s4.jpg,plain_negative
sections/calc_p1_s2.jpg,sections/calc_p18_s5.jpg,plain_negative
sections/calc_p1_s2.jpg,sections/calc_p19_s1.jpg,plain_negative
sections/calc_p1_s2.jpg,sections/calc_p19_s2.jpg,plain_negative
sections/calc_p1_s2.jpg,sections/calc_p20_s2.jpg,plain_negative
sections/calc_p1_s2.jpg,sections/calc_p21_s1.jpg,plain_negative
sections/calc_p1_s2.jpg,sections/calc_p21_s2.jpg,plain_negative
sections/calc_p1_s2.jpg,sections/la_p1_s1.jpg,plain_negative
sections/calc_p1_s2.jpg,sections/la_p1_s2.jpg,plain_negative
sections/calc_p1_s2.jpg,sections/la_p1_s3.jpg,plain_negative
sections/calc_p1_s2.jpg,sections/la_p1_s4.jpg,plain_negative
sections/calc_p1_s2.jpg,sections/la_p1_s5.jpg,plain_negative
sections/calc_p1_s2.jpg,sections/la_p2_s1.jpg,plain_negative
sections/calc_p1_s2.jpg,sections/la_p2_s2.jpg,plain_negative
sections/calc_p1_s2.jpg,sections/la_p2_s3.jpg,plain_negative
sections/calc_p1_s2.jpg,sections/la_p2_s4.jpg,plain_negative
sections/calc_p1_s2.jpg,sections/la_p3_s1.jpg,plain_negative
sections/calc_p1_s2.jpg,sections/la_p3_s2.jpg,plain_negative
sections/calc_p1_s2.jpg,sections/la_p3_s3.jpg,plain_negative
sections/calc_p1_s2.jpg,sections/la_p3_s4.jpg,plain_negative
sections/calc_p1_s2.jpg,sections/la_p5_s1.jpg,plain_negative
sections/calc_p1_s2.jpg,sections/la_p5_s2.jpg,plain_negative
sections/calc_p1_s2.jpg,sections/la_p5_s3.jpg,plain_negative
sections/calc_p1_s2.jpg,sections/la_p6_s1.jpg,plain_negative
sections/calc_p1_s2.jpg,sections/la_p6_s3.jpg,plain_negative
sections/calc_p1_s2.jpg,sections/la_p7_s1.jpg,plain_negative
sections/calc_p1_s2.jpg,sections/la_p7_s2.jpg,plain_negative
sections/calc_p1_s2.jpg,sections/la_p7_s3.jpg,plain_negative
sections/calc_p1_s2.jpg,sections/la_p8_s1.jpg,plain_negative
sections/calc_p1_s2.jpg,sections/la_p8_s2.jpg,plain_negative
sections/calc_p1_s2.jpg,sections/la_p8_s3.jpg,plain_negative
sections/calc_p1_s2.jpg,sections/la_p8_s4.jpg,plain_negative
sections/calc_p1_s2.jpg,sections/la_p9_s1.jpg,plain_negative
sections/calc_p1_s2.jpg,sections/la_p9_s2.jpg,plain_negative
sections/calc_p1_s2.jpg,sections/la_p9_s3.jpg,plain_negative
sections/calc_p1_s2.jpg,sections/la_p9_s5.jpg,plain_negative
sections/calc_p1_s2.jpg,sections/la_p10_s1.jpg,plain_negative
sections/calc_p1_s2.jpg,sections/la_p10_s2.jpg,plain_negative
sections/calc_p1_s2.jpg,sections/la_p10_s3.jpg,plain_negative
sections/calc_p1_s2.jpg,sections/la_p10_s4.jpg,plain_negative
sections/calc_p1_s2.jpg,sections/la_p10_s6.jpg,plain_negative
sections/calc_p1_s2.jpg,sections/la_p11_s1.jpg,plain_negative
sections/calc_p1_s2.jpg,sections/la_p11_s2.jpg,plain_negative
sections/calc_p1_s2.jpg,sections/la_p11_s4.jpg,plain_negative
sections/calc_p1_s2.jpg,sections/la_p11_s6.jpg,plain_negative
sections/calc_p1_s2.jpg,sections/la_p12_s1.jpg,plain_negative
sections/calc_p1_s2.jpg,sections/la_p12_s2.jpg,plain_negative
sections/calc_p1_s2.jpg,sections/la_p12_s3.jpg,plain_negative
sections/calc_p1_s2.jpg,sections/la_p13_s1.jpg,plain_negative
sections/calc_p1_s2.jpg,sections/la_p13_s2.jpg,plain_negative
sections/calc_p1_s2.jpg,sections/la_p13_s3.jpg,plain_negative
sections/calc_p1_s2.jpg,sections/la_p13_s4.jpg,plain_negative
sections/calc_p1_s2.jpg,sections/la_p13_s5.jpg,plain_negative
sections/calc_p1_s2.jpg,sections/la_p13_s6.jpg,plain_negative
sections/calc_p1_s2.jpg,sections/la_p14_s1.jpg,plain_negative
sections/calc_p1_s2.jpg,sections/la_p14_s2.jpg,plain_negative
sections/calc_p1_s2.jpg,sections/la_p14_s3.jpg,plain_negative
sections/calc_p1_s2.jpg,sections/la_p14_s4.jpg,plain_negative
sections/calc_p1_s2.jpg,sections/la_p14_s5.jpg,plain_negative
sections/calc_p1_s2.jpg,sections/la_p15_s1.jpg,plain_negative
sections/calc_p1_s2.jpg,sections/la_p15_s2.jpg,plain_negative
sections/calc_p1_s2.jpg,sections/la_p16_s1.jpg,plain_negative
sections/calc_p1_s2.jpg,sections/la_p16_s2.jpg,plain_negative
sections/calc_p1_s2.jpg,sections/la_p16_s3.jpg,plain_negative
sections/calc_p1_s2.jpg,sections/la_p16_s4.jpg,plain_negative
sections/calc_p1_s2.jpg,sections/la_p16_s5.jpg,plain_negative
sections/calc_p1_s2.jpg,sections/la_p17_s1.jpg,plain_negative
sections/calc_p1_s2.jpg,sections/la_p17_s2.jpg,plain_negative
sections/calc_p1_s2.jpg,sections/la_p17_s3.jpg,plain_negative
sections/calc_p1_s2.jpg,sections/la_p17_s4.jpg,plain_negative
sections/calc_p1_s2.jpg,sections/la_p17_s6.jpg,plain_negative
sections/calc_p1_s2.jpg,sections/la_p18_s2.jpg,plain_negative
sections/calc_p1_s2.jpg,sections/la_p18_s4.jpg,plain_negative
sections/calc_p1_s2.jpg,sections/la_p18_s5.jpg,plain_negative
sections/calc_p1_s2.jpg,sections/la_p18_s7.jpg,plain_negative
sections/calc_p1_s2.jpg,sections/la_p19_s1.jpg,plain_negative
sections/calc_p1_s2.jpg,sections/la_p19_s2.jpg,plain_negative
sections/calc_p1_s2.jpg,sections/la_p19_s4.jpg,plain_negative
sections/calc_p1_s3.jpg,sections/calc_p1_s4.jpg,soft_positive
sections/calc_p1_s3.jpg,sections/calc_p1_s5.jpg,soft_positive
sections/calc_p1_s3.jpg,sections/calc_p1_s6.jpg,plain_negative
sections/calc_p1_s3.jpg,sections/calc_p2_s1.jpg,plain_negative
sections/calc_p1_s3.jpg,sections/calc_p2_s2.jpg,plain_negative
sections/calc_p1_s3.jpg,sections/calc_p2_s3.jpg,plain_negative
sections/calc_p1_s3.jpg,sections/calc_p4_s1.jpg,plain_negative
sections/calc_p1_s3.jpg,sections/calc_p4_s2.jpg,plain_negative
sections/calc_p1_s3.jpg,sections/calc_p4_s3.jpg,plain_negative
sections/calc_p1_s3.jpg,sections/calc_p4_s4.jpg,plain_negative
sections/calc_p1_s3.jpg,sections/calc_p4_s6.jpg,plain_negative
sections/calc_p1_s3.jpg,sections/calc_p5_s1.jpg,plain_negative
sections/calc_p1_s3.jpg,sections/calc_p5_s2.jpg,plain_negative
sections/calc_p1_s3.jpg,sections/calc_p5_s3.jpg,plain_negative
sections/calc_p1_s3.jpg,sections/calc_p5_s5.jpg,plain_negative
sections/calc_p1_s3.jpg,sections/calc_p6_s1.jpg,plain_negative
sections/calc_p1_s3.jpg,sections/calc_p6_s2.jpg,plain_negative
sections/calc_p1_s3.jpg,sections/calc_p6_s3.jpg,plain_negative
sections/calc_p1_s3.jpg,sections/calc_p6_s4.jpg,plain_negative
sections/calc_p1_s3.jpg,sections/calc_p7_s1.jpg,plain_negative
sections/calc_p1_s3.jpg,sections/calc_p7_s2.jpg,plain_negative
sections/calc_p1_s3.jpg,sections/calc_p7_s4.jpg,plain_negative
sections/calc_p1_s3.jpg,sections/calc_p7_s5.jpg,plain_negative
sections/calc_p1_s3.jpg,sections/calc_p8_s1.jpg,plain_negative
sections/calc_p1_s3.jpg,sections/calc_p8_s2.jpg,plain_negative
sections/calc_p1_s3.jpg,sections/calc_p8_s3.jpg,plain_negative
sections/calc_p1_s3.jpg,sections/calc_p8_s5.jpg,plain_negative
sections/calc_p1_s3.jpg,sections/calc_p9_s1.jpg,plain_negative
sections/calc_p1_s3.jpg,sections/calc_p9_s2.jpg,plain_negative
sections/calc_p1_s3.jpg,sections/calc_p9_s3.jpg,plain_negative
sections/calc_p1_s3.jpg,sections/calc_p9_s4.jpg,plain_negative
sections/calc_p1_s3.jpg,sections/calc_p9_s5.jpg,plain_negative
sections/calc_p1_s3.jpg,sections/calc_p10_s1.jpg,plain_negative
sections/calc_p1_s3.jpg,sections/calc_p10_s2.jpg,plain_negative
sections/calc_p1_s3.jpg,sections/calc_p10_s3.jpg,plain_negative
sections/calc_p1_s3.jpg,sections/calc_p10_s4.jpg,plain_negative
sections/calc_p1_s3.jpg,sections/calc_p10_s5.jpg,plain_negative
sections/calc_p1_s3.jpg,sections/calc_p11_s3.jpg,plain_negative
sections/calc_p1_s3.jpg,sections/calc_p11_s4.jpg,plain_negative
sections/calc_p1_s3.jpg,sections/calc_p12_s1.jpg,plain_negative
sections/calc_p1_s3.jpg,sections/calc_p12_s2.jpg,plain_negative
sections/calc_p1_s3.jpg,sections/calc_p12_s3.jpg,plain_negative
sections/calc_p1_s3.jpg,sections/calc_p13_s1.jpg,plain_negative
sections/calc_p1_s3.jpg,sections/calc_p13_s2.jpg,plain_negative
sections/calc_p1_s3.jpg,sections/calc_p13_s3.jpg,plain_negative
sections/calc_p1_s3.jpg,sections/calc_p13_s4.jpg,plain_negative
sections/calc_p1_s3.jpg,sections/calc_p13_s5.jpg,plain_negative
sections/calc_p1_s3.jpg,sections/calc_p13_s6.jpg,plain_negative
sections/calc_p1_s3.jpg,sections/calc_p14_s1.jpg,plain_negative
sections/calc_p1_s3.jpg,sections/calc_p14_s2.jpg,plain_negative
sections/calc_p1_s3.jpg,sections/calc_p14_s3.jpg,plain_negative
sections/calc_p1_s3.jpg,sections/calc_p15_s1.jpg,plain_negative
sections/calc_p1_s3.jpg,sections/calc_p15_s2.jpg,plain_negative
sections/calc_p1_s3.jpg,sections/calc_p17_s1.jpg,plain_negative
sections/calc_p1_s3.jpg,sections/calc_p17_s2.jpg,plain_negative
sections/calc_p1_s3.jpg,sections/calc_p17_s3.jpg,plain_negative
sections/calc_p1_s3.jpg,sections/calc_p17_s4.jpg,plain_negative
sections/calc_p1_s3.jpg,sections/calc_p18_s2.jpg,plain_negative
sections/calc_p1_s3.jpg,sections/calc_p18_s3.jpg,plain_negative
sections/calc_p1_s3.jpg,sections/calc_p18_s4.jpg,plain_negative
sections/calc_p1_s3.jpg,sections/calc_p18_s5.jpg,plain_negative
sections/calc_p1_s3.jpg,sections/calc_p19_s1.jpg,plain_negative
sections/calc_p1_s3.jpg,sections/calc_p19_s2.jpg,plain_negative
sections/calc_p1_s3.jpg,sections/calc_p20_s2.jpg,plain_negative
sections/calc_p1_s3.jpg,sections/calc_p21_s1.jpg,plain_negative
sections/calc_p1_s3.jpg,sections/calc_p21_s2.jpg,plain_negative
sections/calc_p1_s3.jpg,sections/la_p1_s1.jpg,plain_negative
sections/calc_p1_s3.jpg,sections/la_p1_s2.jpg,plain_negative
sections/calc_p1_s3.jpg,sections/la_p1_s3.jpg,plain_negative
sections/calc_p1_s3.jpg,sections/la_p1_s4.jpg,plain_negative
sections/calc_p1_s3.jpg,sections/la_p1_s5.jpg,plain_negative
sections/calc_p1_s3.jpg,sections/la_p2_s1.jpg,plain_negative
sections/calc_p1_s3.jpg,sections/la_p2_s2.jpg,plain_negative
sections/calc_p1_s3.jpg,sections/la_p2_s3.jpg,plain_negative
sections/calc_p1_s3.jpg,sections/la_p2_s4.jpg,plain_negative
sections/calc_p1_s3.jpg,sections/la_p3_s1.jpg,plain_negative
sections/calc_p1_s3.jpg,sections/la_p3_s2.jpg,plain_negative
sections/calc_p1_s3.jpg,sections/la_p3_s3.jpg,plain_negative
sections/calc_p1_s3.jpg,sections/la_p3_s4.jpg,plain_negative
sections/calc_p1_s3.jpg,sections/la_p5_s1.jpg,plain_negative
sections/calc_p1_s3.jpg,sections/la_p5_s2.jpg,plain_negative
sections/calc_p1_s3.jpg,sections/la_p5_s3.jpg,plain_negative
sections/calc_p1_s3.jpg,sections/la_p6_s1.jpg,plain_negative
sections/calc_p1_s3.jpg,sections/la_p6_s3.jpg,plain_negative
sections/calc_p1_s3.jpg,sections/la_p7_s1.jpg,plain_negative
sections/calc_p1_s3.jpg,sections/la_p7_s2.jpg,plain_negative
sections/calc_p1_s3.jpg,sections/la_p7_s3.jpg,plain_negative
sections/calc_p1_s3.jpg,sections/la_p8_s1.jpg,plain_negative
sections/calc_p1_s3.jpg,sections/la_p8_s2.jpg,plain_negative
sections/calc_p1_s3.jpg,sections/la_p8_s3.jpg,plain_negative
sections/calc_p1_s3.jpg,sections/la_p8_s4.jpg,plain_negative
sections/calc_p1_s3.jpg,sections/la_p9_s1.jpg,plain_negative
sections/calc_p1_s3.jpg,sections/la_p9_s2.jpg,plain_negative
sections/calc_p1_s3.jpg,sections/la_p9_s3.jpg,plain_negative
sections/calc_p1_s3.jpg,sections/la_p9_s5.jpg,plain_negative
sections/calc_p1_s3.jpg,sections/la_p10_s1.jpg,plain_negative
sections/calc_p1_s3.jpg,sections/la_p10_s2.jpg,plain_negative
sections/calc_p1_s3.jpg,sections/la_p10_s3.jpg,plain_negative
sections/calc_p1_s3.jpg,sections/la_p10_s4.jpg,plain_negative
sections/calc_p1_s3.jpg,sections/la_p10_s6.jpg,plain_negative
sections/calc_p1_s3.jpg,sections/la_p11_s1.jpg,plain_negative
sections/calc_p1_s3.jpg,sections/la_p11_s2.jpg,plain_negative
sections/calc_p1_s3.jpg,sections/la_p11_s4.jpg,plain_negative
sections/calc_p1_s3.jpg,sections/la_p11_s6.jpg,plain_negative
sections/calc_p1_s3.jpg,sections/la_p12_s1.jpg,plain_negative
sections/calc_p1_s3.jpg,sections/la_p12_s2.jpg,plain_negative
sections/calc_p1_s3.jpg,sections/la_p12_s3.jpg,plain_negative
sections/calc_p1_s3.jpg,sections/la_p13_s1.jpg,plain_negative
sections/calc_p1_s3.jpg,sections/la_p13_s2.jpg,plain_negative
sections/calc_p1_s3.jpg,sections/la_p13_s3.jpg,plain_negative
sections/calc_p1_s3.jpg,sections/la_p13_s4.jpg,plain_negative
sections/calc_p1_s3.jpg,sections/la_p13_s5.jpg,plain_negative
sections/calc_p1_s3.jpg,sections/la_p13_s6.jpg,plain_negative
sections/calc_p1_s3.jpg,sections/la_p14_s1.jpg,plain_negative
sections/calc_p1_s3.jpg,sections/la_p14_s2.jpg,plain_negative
sections/calc_p1_s3.jpg,sections/la_p14_s3.jpg,plain_negative
sections/calc_p1_s3.jpg,sections/la_p14_s4.jpg,plain_negative
sections/calc_p1_s3.jpg,sections/la_p14_s5.jpg,plain_negative
sections/calc_p1_s3.jpg,sections/la_p15_s1.jpg,plain_negative
sections/calc_p1_s3.jpg,sections/la_p15_s2.jpg,plain_negative
sections/calc_p1_s3.jpg,sections/la_p16_s1.jpg,plain_negative
sections/calc_p1_s3.jpg,sections/la_p16_s2.jpg,plain_negative
sections/calc_p1_s3.jpg,sections/la_p16_s3.jpg,plain_negative
sections/calc_p1_s3.jpg,sections/la_p16_s4.jpg,plain_negative
sections/calc_p1_s3.jpg,sections/la_p16_s5.jpg,plain_negative
sections/calc_p1_s3.jpg,sections/la_p17_s1.jpg,plain_negative
sections/calc_p1_s3.jpg,sections/la_p17_s2.jpg,plain_negative
sections/calc_p1_s3.jpg,sections/la_p17_s3.jpg,plain_negative
sections/calc_p1_s3.jpg,sections/la_p17_s4.jpg,plain_negative
sections/calc_p1_s3.jpg,sections/la_p17_s6.jpg,plain_negative
sections/calc_p1_s3.jpg,sections/la_p18_s2.jpg,plain_negative
sections/calc_p1_s3.jpg,sections/la_p18_s4.jpg,plain_negative
sections/calc_p1_s3.jpg,sections/la_p18_s5.jpg,plain_negative
sections/calc_p1_s3.jpg,sections/la_p18_s7.jpg,plain_negative
sections/calc_p1_s3.jpg,sections/la_p19_s1.jpg,plain_negative
sections/calc_p1_s3.jpg,sections/la_p19_s2.jpg,plain_negative
sections/calc_p1_s3.jpg,sections/la_p19_s4.jpg,plain_negative
sections/calc_p1_s4.jpg,sections/calc_p1_s5.jpg,soft_positive
sections/calc_p1_s4.jpg,sections/calc_p1_s6.jpg,plain_negative
sections/calc_p1_s4.jpg,sections/calc_p2_s1.jpg,plain_negative
sections/calc_p1_s4.jpg,sections/calc_p2_s2.jpg,plain_negative
sections/calc_p1_s4.jpg,sections/calc_p2_s3.jpg,plain_negative
sections/calc_p1_s4.jpg,sections/calc_p4_s1.jpg,plain_negative
sections/calc_p1_s4.jpg,sections/calc_p4_s2.jpg,plain_negative
sections/calc_p1_s4.jpg,sections/calc_p4_s3.jpg,plain_negative
sections/calc_p1_s4.jpg,sections/calc_p4_s4.jpg,plain_negative
sections/calc_p1_s4.jpg,sections/calc_p4_s6.jpg,plain_negative
sections/calc_p1_s4.jpg,sections/calc_p5_s1.jpg,plain_negative
sections/calc_p1_s4.jpg,sections/calc_p5_s2.jpg,plain_negative
sections/calc_p1_s4.jpg,sections/calc_p5_s3.jpg,plain_negative
sections/calc_p1_s4.jpg,sections/calc_p5_s5.jpg,plain_negative
sections/calc_p1_s4.jpg,sections/calc_p6_s1.jpg,plain_negative
sections/calc_p1_s4.jpg,sections/calc_p6_s2.jpg,plain_negative
sections/calc_p1_s4.jpg,sections/calc_p6_s3.jpg,plain_negative
sections/calc_p1_s4.jpg,sections/calc_p6_s4.jpg,plain_negative
sections/calc_p1_s4.jpg,sections/calc_p7_s1.jpg,plain_negative
sections/calc_p1_s4.jpg,sections/calc_p7_s2.jpg,plain_negative
sections/calc_p1_s4.jpg,sections/calc_p7_s4.jpg,plain_negative
sections/calc_p1_s4.jpg,sections/calc_p7_s5.jpg,plain_negative
sections/calc_p1_s4.jpg,sections/calc_p8_s1.jpg,plain_negative
sections/calc_p1_s4.jpg,sections/calc_p8_s2.jpg,plain_negative
sections/calc_p1_s4.jpg,sections/calc_p8_s3.jpg,plain_negative
sections/calc_p1_s4.jpg,sections/calc_p8_s5.jpg,plain_negative
sections/calc_p1_s4.jpg,sections/calc_p9_s1.jpg,plain_negative
sections/calc_p1_s4.jpg,sections/calc_p9_s2.jpg,plain_negative
sections/calc_p1_s4.jpg,sections/calc_p9_s3.jpg,plain_negative
sections/calc_p1_s4.jpg,sections/calc_p9_s4.jpg,plain_negative
sections/calc_p1_s4.jpg,sections/calc_p9_s5.jpg,plain_negative
sections/calc_p1_s4.jpg,sections/calc_p10_s1.jpg,plain_negative
sections/calc_p1_s4.jpg,sections/calc_p10_s2.jpg,plain_negative
sections/calc_p1_s4.jpg,sections/calc_p10_s3.jpg,plain_negative
sections/calc_p1_s4.jpg,sections/calc_p10_s4.jpg,plain_negative
sections/calc_p1_s4.jpg,sections/calc_p10_s5.jpg,plain_negative
sections/calc_p1_s4.jpg,sections/calc_p11_s3.jpg,plain_negative
sections/calc_p1_s4.jpg,sections/calc_p11_s4.jpg,plain_negative
sections/calc_p1_s4.jpg,sections/calc_p12_s1.jpg,plain_negative
sections/calc_p1_s4.jpg,sections/calc_p12_s2.jpg,plain_negative
sections/calc_p1_s4.jpg,sections/calc_p12_s3.jpg,plain_negative
sections/calc_p1_s4.jpg,sections/calc_p13_s1.jpg,plain_negative
sections/calc_p1_s4.jpg,sections/calc_p13_s2.jpg,plain_negative
sections/calc_p1_s4.jpg,sections/calc_p13_s3.jpg,plain_negative
sections/calc_p1_s4.jpg,sections/calc_p13_s4.jpg,plain_negative
sections/calc_p1_s4.jpg,sections/calc_p13_s5.jpg,plain_negative
sections/calc_p1_s4.jpg,sections/calc_p13_s6.jpg,plain_negative
sections/calc_p1_s4.jpg,sections/calc_p14_s1.jpg,plain_negative
sections/calc_p1_s4.jpg,sections/calc_p14_s2.jpg,plain_negative
sections/calc_p1_s4.jpg,sections/calc_p14_s3.jpg,plain_negative
sections/calc_p1_s4.jpg,sections/calc_p15_s1.jpg,plain_negative
sections/calc_p1_s4.jpg,sections/calc_p15_s2.jpg,plain_negative
sections/calc_p1_s4.jpg,sections/calc_p17_s1.jpg,plain_negative
sections/calc_p1_s4.jpg,sections/calc_p17_s2.jpg,plain_negative
sections/calc_p1_s4.jpg,sections/calc_p17_s3.jpg,plain_negative
sections/calc_p1_s4.jpg,sections/calc_p17_s4.jpg,plain_negative
sections/calc_p1_s4.jpg,sections/calc_p18_s2.jpg,plain_negative
sections/calc_p1_s4.jpg,sections/calc_p18_s3.jpg,plain_negative
sections/calc_p1_s4.jpg,sections/calc_p18_s4.jpg,plain_negative
sections/calc_p1_s4.jpg,sections/calc_p18_s5.jpg,plain_negative
sections/calc_p1_s4.jpg,sections/calc_p19_s1.jpg,plain_negative
sections/calc_p1_s4.jpg,sections/calc_p19_s2.jpg,plain_negative
sections/calc_p1_s4.jpg,sections/calc_p20_s2.jpg,plain_negative
sections/calc_p1_s4.jpg,sections/calc_p21_s1.jpg,plain_negative
sections/calc_p1_s4.jpg,sections/calc_p21_s2.jpg,plain_negative
sections/calc_p1_s4.jpg,sections/la_p1_s1.jpg,plain_negative
sections/calc_p1_s4.jpg,sections/la_p1_s2.jpg,plain_negative
sections/calc_p1_s4.jpg,sections/la_p1_s3.jpg,plain_negative
sections/calc_p1_s4.jpg,sections/la_p1_s4.jpg,plain_negative
sections/calc_p1_s4.jpg,sections/la_p1_s5.jpg,plain_negative
sections/calc_p1_s4.jpg,sections/la_p2_s1.jpg,plain_negative
sections/calc_p1_s4.jpg,sections/la_p2_s2.jpg,plain_negative
sections/calc_p1_s4.jpg,sections/la_p2_s3.jpg,plain_negative
sections/calc_p1_s4.jpg,sections/la_p2_s4.jpg,plain_negative
sections/calc_p1_s4.jpg,sections/la_p3_s1.jpg,plain_negative
sections/calc_p1_s4.jpg,sections/la_p3_s2.jpg,plain_negative
sections/calc_p1_s4.jpg,sections/la_p3_s3.jpg,plain_negative
sections/calc_p1_s4.jpg,sections/la_p3_s4.jpg,plain_negative
sections/calc_p1_s4.jpg,sections/la_p5_s1.jpg,plain_negative
sections/calc_p1_s4.jpg,sections/la_p5_s2.jpg,plain_negative
sections/calc_p1_s4.jpg,sections/la_p5_s3.jpg,plain_negative
sections/calc_p1_s4.jpg,sections/la_p6_s1.jpg,plain_negative
sections/calc_p1_s4.jpg,sections/la_p6_s3.jpg,plain_negative
sections/calc_p1_s4.jpg,sections/la_p7_s1.jpg,plain_negative
sections/calc_p1_s4.jpg,sections/la_p7_s2.jpg,plain_negative
sections/calc_p1_s4.jpg,sections/la_p7_s3.jpg,plain_negative
sections/calc_p1_s4.jpg,sections/la_p8_s1.jpg,plain_negative
sections/calc_p1_s4.jpg,sections/la_p8_s2.jpg,plain_negative
sections/calc_p1_s4.jpg,sections/la_p8_s3.jpg,plain_negative
sections/calc_p1_s4.jpg,sections/la_p8_s4.jpg,plain_negative
sections/calc_p1_s4.jpg,sections/la_p9_s1.jpg,plain_negative
sections/calc_p1_s4.jpg,sections/la_p9_s2.jpg,plain_negative
sections/calc_p1_s4.jpg,sections/la_p9_s3.jpg,plain_negative
sections/calc_p1_s4.jpg,sections/la_p9_s5.jpg,plain_negative
sections/calc_p1_s4.jpg,sections/la_p10_s1.jpg,plain_negative
sections/calc_p1_s4.jpg,sections/la_p10_s2.jpg,plain_negative
sections/calc_p1_s4.jpg,sections/la_p10_s3.jpg,plain_negative
sections/calc_p1_s4.jpg,sections/la_p10_s4.jpg,plain_negative
sections/calc_p1_s4.jpg,sections/la_p10_s6.jpg,plain_negative
sections/calc_p1_s4.jpg,sections/la_p11_s1.jpg,plain_negative
sections/calc_p1_s4.jpg,sections/la_p11_s2.jpg,plain_negative
sections/calc_p1_s4.jpg,sections/la_p11_s4.jpg,plain_negative
sections/calc_p1_s4.jpg,sections/la_p11_s6.jpg,plain_negative
sections/calc_p1_s4.jpg,sections/la_p12_s1.jpg,plain_negative
sections/calc_p1_s4.jpg,sections/la_p12_s2.jpg,plain_negative
sections/calc_p1_s4.jpg,sections/la_p12_s3.jpg,plain_negative
sections/calc_p1_s4.jpg,sections/la_p13_s1.jpg,plain_negative
sections/calc_p1_s4.jpg,sections/la_p13_s2.jpg,plain_negative
sections/calc_p1_s4.jpg,sections/la_p13_s3.jpg,plain_negative
sections/calc_p1_s4.jpg,sections/la_p13_s4.jpg,plain_negative
sections/calc_p1_s4.jpg,sections/la_p13_s5.jpg,plain_negative
sections/calc_p1_s4.jpg,sections/la_p13_s6.jpg,plain_negative
sections/calc_p1_s4.jpg,sections/la_p14_s1.jpg,plain_negative
sections/calc_p1_s4.jpg,sections/la_p14_s2.jpg,plain_negative
sections/calc_p1_s4.jpg,sections/la_p14_s3.jpg,plain_negative
sections/calc_p1_s4.jpg,sections/la_p14_s4.jpg,plain_negative
sections/calc_p1_s4.jpg,sections/la_p14_s5.jpg,plain_negative
sections/calc_p1_s4.jpg,sections/la_p15_s1.jpg,plain_negative
sections/calc_p1_s4.jpg,sections/la_p15_s2.jpg,plain_negative
sections/calc_p1_s4.jpg,sections/la_p16_s1.jpg,plain_negative
sections/calc_p1_s4.jpg,sections/la_p16_s2.jpg,plain_negative
sections/calc_p1_s4.jpg,sections/la_p16_s3.jpg,plain_negative
sections/calc_p1_s4.jpg,sections/la_p16_s4.jpg,plain_negative
sections/calc_p1_s4.jpg,sections/la_p16_s5.jpg,plain_negative
sections/calc_p1_s4.jpg,sections/la_p17_s1.jpg,plain_negative
sections/calc_p1_s4.jpg,sections/la_p17_s2.jpg,plain_negative
sections/calc_p1_s4.jpg,sections/la_p17_s3.jpg,plain_negative
sections/calc_p1_s4.jpg,sections/la_p17_s4.jpg,plain_negative
sections/calc_p1_s4.jpg,sections/la_p17_s6.jpg,plain_negative
sections/calc_p1_s4.jpg,sections/la_p18_s2.jpg,plain_negative
sections/calc_p1_s4.jpg,sections/la_p18_s4.jpg,plain_negative
sections/calc_p1_s4.jpg,sections/la_p18_s5.jpg,plain_negative
sections/calc_p1_s4.jpg,sections/la_p18_s7.jpg,plain_negative
sections/calc_p1_s4.jpg,sections/la_p19_s1.jpg,plain_negative
sections/calc_p1_s4.jpg,sections/la_p19_s2.jpg,plain_negative
sections/calc_p1_s4.jpg,sections/la_p19_s4.jpg,plain_negative
sections/calc_p1_s5.jpg,sections/calc_p1_s6.jpg,plain_negative
sections/calc_p1_s5.jpg,sections/calc_p2_s1.jpg,plain_negative
sections/calc_p1_s5.jpg,sections/calc_p2_s2.jpg,plain_negative
sections/calc_p1_s5.jpg,sections/calc_p2_s3.jpg,plain_negative
sections/calc_p1_s5.jpg,sections/calc_p4_s1.jpg,plain_negative
sections/calc_p1_s5.jpg,sections/calc_p4_s2.jpg,plain_negative
sections/calc_p1_s5.jpg,sections/calc_p4_s3.jpg,plain_negative
sections/calc_p1_s5.jpg,sections/calc_p4_s4.jpg,plain_negative
sections/calc_p1_s5.jpg,sections/calc_p4_s6.jpg,plain_negative
sections/calc_p1_s5.jpg,sections/calc_p5_s1.jpg,plain_negative
sections/calc_p1_s5.jpg,sections/calc_p5_s2.jpg,plain_negative
sections/calc_p1_s5.jpg,sections/calc_p5_s3.jpg,plain_negative
sections/calc_p1_s5.jpg,sections/calc_p5_s5.jpg,plain_negative
sections/calc_p1_s5.jpg,sections/calc_p6_s1.jpg,plain_negative
sections/calc_p1_s5.jpg,sections/calc_p6_s2.jpg,plain_negative
sections/calc_p1_s5.jpg,sections/calc_p6_s3.jpg,plain_negative
sections/calc_p1_s5.jpg,sections/calc_p6_s4.jpg,plain_negative
sections/calc_p1_s5.jpg,sections/calc_p7_s1.jpg,plain_negative
sections/calc_p1_s5.jpg,sections/calc_p7_s2.jpg,plain_negative
sections/calc_p1_s5.jpg,sections/calc_p7_s4.jpg,plain_negative
sections/calc_p1_s5.jpg,sections/calc_p7_s5.jpg,plain_negative
sections/calc_p1_s5.jpg,sections/calc_p8_s1.jpg,plain_negative
sections/calc_p1_s5.jpg,sections/calc_p8_s2.jpg,plain_negative
sections/calc_p1_s5.jpg,sections/calc_p8_s3.jpg,plain_negative
sections/calc_p1_s5.jpg,sections/calc_p8_s5.jpg,plain_negative
sections/calc_p1_s5.jpg,sections/calc_p9_s1.jpg,plain_negative
sections/calc_p1_s5.jpg,sections/calc_p9_s2.jpg,plain_negative
sections/calc_p1_s5.jpg,sections/calc_p9_s3.jpg,plain_negative
sections/calc_p1_s5.jpg,sections/calc_p9_s4.jpg,plain_negative
sections/calc_p1_s5.jpg,sections/calc_p9_s5.jpg,plain_negative
sections/calc_p1_s5.jpg,sections/calc_p10_s1.jpg,plain_negative
sections/calc_p1_s5.jpg,sections/calc_p10_s2.jpg,plain_negative
sections/calc_p1_s5.jpg,sections/calc_p10_s3.jpg,plain_negative
sections/calc_p1_s5.jpg,sections/calc_p10_s4.jpg,plain_negative
sections/calc_p1_s5.jpg,sections/calc_p10_s5.jpg,plain_negative
sections/calc_p1_s5.jpg,sections/calc_p11_s3.jpg,plain_negative
sections/calc_p1_s5.jpg,sections/calc_p11_s4.jpg,plain_negative
sections/calc_p1_s5.jpg,sections/calc_p12_s1.jpg,plain_negative
sections/calc_p1_s5.jpg,sections/calc_p12_s2.jpg,plain_negative
sections/calc_p1_s5.jpg,sections/calc_p12_s3.jpg,plain_negative
sections/calc_p1_s5.jpg,sections/calc_p13_s1.jpg,plain_negative
sections/calc_p1_s5.jpg,sections/calc_p13_s2.jpg,plain_negative
sections/calc_p1_s5.jpg,sections/calc_p13_s3.jpg,plain_negative
sections/calc_p1_s5.jpg,sections/calc_p13_s4.jpg,plain_negative
sections/calc_p1_s5.jpg,sections/calc_p13_s5.jpg,plain_negative
sections/calc_p1_s5.jpg,sections/calc_p13_s6.jpg,plain_negative
sections/calc_p1_s5.jpg,sections/calc_p14_s1.jpg,plain_negative
sections/calc_p1_s5.jpg,sections/calc_p14_s2.jpg,plain_negative
sections/calc_p1_s5.jpg,sections/calc_p14_s3.jpg,plain_negative
sections/calc_p1_s5.jpg,sections/calc_p15_s1.jpg,plain_negative
sections/calc_p1_s5.jpg,sections/calc_p15_s2.jpg,plain_negative
sections/calc_p1_s5.jpg,sections/calc_p17_s1.jpg,plain_negative
sections/calc_p1_s5.jpg,sections/calc_p17_s2.jpg,plain_negative
sections/calc_p1_s5.jpg,sections/calc_p17_s3.jpg,plain_negative
sections/calc_p1_s5.jpg,sections/calc_p17_s4.jpg,plain_negative
sections/calc_p1_s5.jpg,sections/calc_p18_s2.jpg,plain_negative
sections/calc_p1_s5.jpg,sections/calc_p18_s3.jpg,plain_negative
sections/calc_p1_s5.jpg,sections/calc_p18_s4.jpg,plain_negative
sections/calc_p1_s5.jpg,sections/calc_p18_s5.jpg,plain_negative
sections/calc_p1_s5.jpg,sections/calc_p19_s1.jpg,plain_negative
sections/calc_p1_s5.jpg,sections/calc_p19_s2.jpg,plain_negative
sections/calc_p1_s5.jpg,sections/calc_p20_s2.jpg,plain_negative
sections/calc_p1_s5.jpg,sections/calc_p21_s1.jpg,plain_negative
sections/calc_p1_s5.jpg,sections/calc_p21_s2.jpg,plain_negative
sections/calc_p1_s5.jpg,sections/la_p1_s1.jpg,plain_negative
sections/calc_p1_s5.jpg,sections/la_p1_s2.jpg,plain_negative
sections/calc_p1_s5.jpg,sections/la_p1_s3.jpg,plain_negative
sections/calc_p1_s5.jpg,sections/la_p1_s4.jpg,plain_negative
sections/calc_p1_s5.jpg,sections/la_p1_s5.jpg,plain_negative
sections/calc_p1_s5.jpg,sections/la_p2_s1.jpg,plain_negative
sections/calc_p1_s5.jpg,sections/la_p2_s2.jpg,plain_negative
sections/calc_p1_s5.jpg,sections/la_p2_s3.jpg,plain_negative
sections/calc_p1_s5.jpg,sections/la_p2_s4.jpg,plain_negative
sections/calc_p1_s5.jpg,sections/la_p3_s1.jpg,plain_negative
sections/calc_p1_s5.jpg,sections/la_p3_s2.jpg,plain_negative
sections/calc_p1_s5.jpg,sections/la_p3_s3.jpg,plain_negative
sections/calc_p1_s5.jpg,sections/la_p3_s4.jpg,plain_negative
sections/calc_p1_s5.jpg,sections/la_p5_s1.jpg,plain_negative
sections/calc_p1_s5.jpg,sections/la_p5_s2.jpg,plain_negative
sections/calc_p1_s5.jpg,sections/la_p5_s3.jpg,plain_negative
sections/calc_p1_s5.jpg,sections/la_p6_s1.jpg,plain_negative
sections/calc_p1_s5.jpg,sections/la_p6_s3.jpg,plain_negative
sections/calc_p1_s5.jpg,sections/la_p7_s1.jpg,plain_negative
sections/calc_p1_s5.jpg,sections/la_p7_s2.jpg,plain_negative
sections/calc_p1_s5.jpg,sections/la_p7_s3.jpg,plain_negative
sections/calc_p1_s5.jpg,sections/la_p8_s1.jpg,plain_negative
sections/calc_p1_s5.jpg,sections/la_p8_s2.jpg,plain_negative
sections/calc_p1_s5.jpg,sections/la_p8_s3.jpg,plain_negative
sections/calc_p1_s5.jpg,sections/la_p8_s4.jpg,plain_negative
sections/calc_p1_s5.jpg,sections/la_p9_s1.jpg,plain_negative
sections/calc_p1_s5.jpg,sections/la_p9_s2.jpg,plain_negative
sections/calc_p1_s5.jpg,sections/la_p9_s3.jpg,plain_negative
sections/calc_p1_s5.jpg,sections/la_p9_s5.jpg,plain_negative
sections/calc_p1_s5.jpg,sections/la_p10_s1.jpg,plain_negative
sections/calc_p1_s5.jpg,sections/la_p10_s2.jpg,plain_negative
sections/calc_p1_s5.jpg,sections/la_p10_s3.jpg,plain_negative
sections/calc_p1_s5.jpg,sections/la_p10_s4.jpg,plain_negative
sections/calc_p1_s5.jpg,sections/la_p10_s6.jpg,plain_negative
sections/calc_p1_s5.jpg,sections/la_p11_s1.jpg,plain_negative
sections/calc_p1_s5.jpg,sections/la_p11_s2.jpg,plain_negative
sections/calc_p1_s5.jpg,sections/la_p11_s4.jpg,plain_negative
sections/calc_p1_s5.jpg,sections/la_p11_s6.jpg,plain_negative
sections/calc_p1_s5.jpg,sections/la_p12_s1.jpg,plain_negative
sections/calc_p1_s5.jpg,sections/la_p12_s2.jpg,plain_negative
sections/calc_p1_s5.jpg,sections/la_p12_s3.jpg,plain_negative
sections/calc_p1_s5.jpg,sections/la_p13_s1.jpg,plain_negative
sections/calc_p1_s5.jpg,sections/la_p13_s2.jpg,plain_negative
sections/calc_p1_s5.jpg,sections/la_p13_s3.jpg,plain_negative
sections/calc_p1_s5.jpg,sections/la_p13_s4.jpg,plain_negative
sections/calc_p1_s5.jpg,sections/la_p13_s5.jpg,plain_negative
sections/calc_p1_s5.jpg,sections/la_p13_s6.jpg,plain_negative
sections/calc_p1_s5.jpg,sections/la_p14_s1.jpg,plain_negative
sections/calc_p1_s5.jpg,sections/la_p14_s2.jpg,plain_negative
sections/calc_p1_s5.jpg,sections/la_p14_s3.jpg,plain_negative
sections/calc_p1_s5.jpg,sections/la_p14_s4.jpg,plain_negative
sections/calc_p1_s5.jpg,sections/la_p14_s5.jpg,plain_negative
sections/calc_p1_s5.jpg,sections/la_p15_s1.jpg,plain_negative
sections/calc_p1_s5.jpg,sections/la_p15_s2.jpg,plain_negative
sections/calc_p1_s5.jpg,sections/la_p16_s1.jpg,plain_negative
sections/calc_p1_s5.jpg,sections/la_p16_s2.jpg,plain_negative
sections/calc_p1_s5.jpg,sections/la_p16_s3.jpg,plain_negative
sections/calc_p1_s5.jpg,sections/la_p16_s4.jpg,plain_negative
sections/calc_p1_s5.jpg,sections/la_p16_s5.jpg,plain_negative
sections/calc_p1_s5.jpg,sections/la_p17_s1.jpg,plain_negative
sections/calc_p1_s5.jpg,sections/la_p17_s2.jpg,plain_negative
sections/calc_p1_s5.jpg,sections/la_p17_s3.jpg,plain_negative
sections/calc_p1_s5.jpg,sections/la_p17_s4.jpg,plain_negative
sections/calc_p1_s5.jpg,sections/la_p17_s6.jpg,plain_negative
sections/calc_p1_s5.jpg,sections/la_p18_s2.jpg,plain_negative
sections/calc_p1_s5.jpg,sections/la_p18_s4.jpg,plain_negative
sections/calc_p1_s5.jpg,sections/la_p18_s5.jpg,plain_negative
sections/calc_p1_s5.jpg,sections/la_p18_s7.jpg,plain_negative
sections/calc_p1_s5.jpg,sections/la_p19_s1.jpg,plain_negative
sections/calc_p1_s5.jpg,sections/la_p19_s2.jpg,plain_negative
sections/calc_p1_s5.jpg,sections/la_p19_s4.jpg,plain_negative
sections/calc_p1_s6.jpg,sections/calc_p2_s1.jpg,plain_negative
sections/calc_p1_s6.jpg,sections/calc_p2_s2.jpg,plain_negative
sections/calc_p1_s6.jpg,sections/calc_p2_s3.jpg,plain_negative
sections/calc_p1_s6.jpg,sections/calc_p4_s1.jpg,plain_negative
sections/calc_p1_s6.jpg,sections/calc_p4_s2.jpg,plain_negative
sections/calc_p1_s6.jpg,sections/calc_p4_s3.jpg,plain_negative
sections/calc_p1_s6.jpg,sections/calc_p4_s4.jpg,plain_negative
sections/calc_p1_s6.jpg,sections/calc_p4_s6.jpg,plain_negative
sections/calc_p1_s6.jpg,sections/calc_p5_s1.jpg,plain_negative
sections/calc_p1_s6.jpg,sections/calc_p5_s2.jpg,plain_negative
sections/calc_p1_s6.jpg,sections/calc_p5_s3.jpg,plain_negative
sections/calc_p1_s6.jpg,sections/calc_p5_s5.jpg,plain_negative
sections/calc_p1_s6.jpg,sections/calc_p6_s1.jpg,plain_negative
sections/calc_p1_s6.jpg,sections/calc_p6_s2.jpg,plain_negative
sections/calc_p1_s6.jpg,sections/calc_p6_s3.jpg,plain_negative
sections/calc_p1_s6.jpg,sections/calc_p6_s4.jpg,plain_negative
sections/calc_p1_s6.jpg,sections/calc_p7_s1.jpg,plain_negative
sections/calc_p1_s6.jpg,sections/calc_p7_s2.jpg,plain_negative
sections/calc_p1_s6.jpg,sections/calc_p7_s4.jpg,plain_negative
sections/calc_p1_s6.jpg,sections/calc_p7_s5.jpg,plain_negative
sections/calc_p1_s6.jpg,sections/calc_p8_s1.jpg,plain_negative
sections/calc_p1_s6.jpg,sections/calc_p8_s2.jpg,plain_negative
sections/calc_p1_s6.jpg,sections/calc_p8_s3.jpg,plain_negative
sections/calc_p1_s6.jpg,sections/calc_p8_s5.jpg,plain_negative
sections/calc_p1_s6.jpg,sections/calc_p9_s1.jpg,plain_negative
sections/calc_p1_s6.jpg,sections/calc_p9_s2.jpg,plain_negative
sections/calc_p1_s6.jpg,sections/calc_p9_s3.jpg,plain_negative
sections/calc_p1_s6.jpg,sections/calc_p9_s4.jpg,plain_negative
sections/calc_p1_s6.jpg,sections/calc_p9_s5.jpg,plain_negative
sections/calc_p1_s6.jpg,sections/calc_p10_s1.jpg,plain_negative
sections/calc_p1_s6.jpg,sections/calc_p10_s2.jpg,plain_negative
sections/calc_p1_s6.jpg,sections/calc_p10_s3.jpg,plain_negative
sections/calc_p1_s6.jpg,sections/calc_p10_s4.jpg,plain_negative
sections/calc_p1_s6.jpg,sections/calc_p10_s5.jpg,plain_negative
sections/calc_p1_s6.jpg,sections/calc_p11_s3.jpg,plain_negative
sections/calc_p1_s6.jpg,sections/calc_p11_s4.jpg,plain_negative
sections/calc_p1_s6.jpg,sections/calc_p12_s1.jpg,plain_negative
sections/calc_p1_s6.jpg,sections/calc_p12_s2.jpg,plain_negative
sections/calc_p1_s6.jpg,sections/calc_p12_s3.jpg,plain_negative
sections/calc_p1_s6.jpg,sections/calc_p13_s1.jpg,plain_negative
sections/calc_p1_s6.jpg,sections/calc_p13_s2.jpg,plain_negative
sections/calc_p1_s6.jpg,sections/calc_p13_s3.jpg,plain_negative
sections/calc_p1_s6.jpg,sections/calc_p13_s4.jpg,plain_negative
sections/calc_p1_s6.jpg,sections/calc_p13_s5.jpg,plain_negative
sections/calc_p1_s6.jpg,sections/calc_p13_s6.jpg,plain_negative
sections/calc_p1_s6.jpg,sections/calc_p14_s1.jpg,plain_negative
sections/calc_p1_s6.jpg,sections/calc_p14_s2.jpg,plain_negative
sections/calc_p1_s6.jpg,sections/calc_p14_s3.jpg,plain_negative
sections/calc_p1_s6.jpg,sections/calc_p15_s1.jpg,plain_negative
sections/calc_p1_s6.jpg,sections/calc_p15_s2.jpg,plain_negative
sections/calc_p1_s6.jpg,sections/calc_p17_s1.jpg,plain_negative
sections/calc_p1_s6.jpg,sections/calc_p17_s2.jpg,plain_negative
sections/calc_p1_s6.jpg,sections/calc_p17_s3.jpg,plain_negative
sections/calc_p1_s6.jpg,sections/calc_p17_s4.jpg,plain_negative
sections/calc_p1_s6.jpg,sections/calc_p18_s2.jpg,plain_negative
sections/calc_p1_s6.jpg,sections/calc_p18_s3.jpg,plain_negative
sections/calc_p1_s6.jpg,sections/calc_p18_s4.jpg,plain_negative
sections/calc_p1_s6.jpg,sections/calc_p18_s5.jpg,plain_negative
sections/calc_p1_s6.jpg,sections/calc_p19_s1.jpg,plain_negative
sections/calc_p1_s6.jpg,sections/calc_p19_s2.jpg,plain_negative
sections/calc_p1_s6.jpg,sections/calc_p20_s2.jpg,plain_negative
sections/calc_p1_s6.jpg,sections/calc_p21_s1.jpg,plain_negative
sections/calc_p1_s6.jpg,sections/calc_p21_s2.jpg,plain_negative
sections/calc_p1_s6.jpg,sections/la_p1_s1.jpg,plain_negative
sections/calc_p1_s6.jpg,sections/la_p1_s2.jpg,plain_negative
sections/calc_p1_s6.jpg,sections/la_p1_s3.jpg,plain_negative
sections/calc_p1_s6.jpg,sections/la_p1_s4.jpg,plain_negative
sections/calc_p1_s6.jpg,sections/la_p1_s5.jpg,plain_negative
sections/calc_p1_s6.jpg,sections/la_p2_s1.jpg,plain_negative
sections/calc_p1_s6.jpg,sections/la_p2_s2.jpg,plain_negative
sections/calc_p1_s6.jpg,sections/la_p2_s3.jpg,plain_negative
sections/calc_p1_s6.jpg,sections/la_p2_s4.jpg,plain_negative
sections/calc_p1_s6.jpg,sections/la_p3_s1.jpg,plain_negative
sections/calc_p1_s6.jpg,sections/la_p3_s2.jpg,plain_negative
sections/calc_p1_s6.jpg,sections/la_p3_s3.jpg,plain_negative
sections/calc_p1_s6.jpg,sections/la_p3_s4.jpg,plain_negative
sections/calc_p1_s6.jpg,sections/la_p5_s1.jpg,plain_negative
sections/calc_p1_s6.jpg,sections/la_p5_s2.jpg,plain_negative
sections/calc_p1_s6.jpg,sections/la_p5_s3.jpg,plain_negative
sections/calc_p1_s6.jpg,sections/la_p6_s1.jpg,plain_negative
sections/calc_p1_s6.jpg,sections/la_p6_s3.jpg,plain_negative
sections/calc_p1_s6.jpg,sections/la_p7_s1.jpg,plain_negative
sections/calc_p1_s6.jpg,sections/la_p7_s2.jpg,plain_negative
sections/calc_p1_s6.jpg,sections/la_p7_s3.jpg,plain_negative
sections/calc_p1_s6.jpg,sections/la_p8_s1.jpg,plain_negative
sections/calc_p1_s6.jpg,sections/la_p8_s2.jpg,plain_negative
sections/calc_p1_s6.jpg,sections/la_p8_s3.jpg,plain_negative
sections/calc_p1_s6.jpg,sections/la_p8_s4.jpg,plain_negative
sections/calc_p1_s6.jpg,sections/la_p9_s1.jpg,plain_negative
sections/calc_p1_s6.jpg,sections/la_p9_s2.jpg,plain_negative
sections/calc_p1_s6.jpg,sections/la_p9_s3.jpg,plain_negative
sections/calc_p1_s6.jpg,sections/la_p9_s5.jpg,plain_negative
sections/calc_p1_s6.jpg,sections/la_p10_s1.jpg,plain_negative
sections/calc_p1_s6.jpg,sections/la_p10_s2.jpg,plain_negative
sections/calc_p1_s6.jpg,sections/la_p10_s3.jpg,plain_negative
sections/calc_p1_s6.jpg,sections/la_p10_s4.jpg,plain_negative
sections/calc_p1_s6.jpg,sections/la_p10_s6.jpg,plain_negative
sections/calc_p1_s6.jpg,sections/la_p11_s1.jpg,plain_negative
sections/calc_p1_s6.jpg,sections/la_p11_s2.jpg,plain_negative
sections/calc_p1_s6.jpg,sections/la_p11_s4.jpg,plain_negative
sections/calc_p1_s6.jpg,sections/la_p11_s6.jpg,plain_negative
sections/calc_p1_s6.jpg,sections/la_p12_s1.jpg,plain_negative
sections/calc_p1_s6.jpg,sections/la_p12_s2.jpg,plain_negative
sections/calc_p1_s6.jpg,sections/la_p12_s3.jpg,plain_negative
sections/calc_p1_s6.jpg,sections/la_p13_s1.jpg,plain_negative
sections/calc_p1_s6.jpg,sections/la_p13_s2.jpg,plain_negative
sections/calc_p1_s6.jpg,sections/la_p13_s3.jpg,plain_negative
sections/calc_p1_s6.jpg,sections/la_p13_s4.jpg,plain_negative
sections/calc_p1_s6.jpg,sections/la_p13_s5.jpg,plain_negative
sections/calc_p1_s6.jpg,sections/la_p13_s6.jpg,plain_negative
sections/calc_p1_s6.jpg,sections/la_p14_s1.jpg,plain_negative
sections/calc_p1_s6.jpg,sections/la_p14_s2.jpg,plain_negative
sections/calc_p1_s6.jpg,sections/la_p14_s3.jpg,plain_negative
sections/calc_p1_s6.jpg,sections/la_p14_s4.jpg,plain_negative
sections/calc_p1_s6.jpg,sections/la_p14_s5.jpg,plain_negative
sections/calc_p1_s6.jpg,sections/la_p15_s1.jpg,plain_negative
sections/calc_p1_s6.jpg,sections/la_p15_s2.jpg,plain_negative
sections/calc_p1_s6.jpg,sections/la_p16_s1.jpg,plain_negative
sections/calc_p1_s6.jpg,sections/la_p16_s2.jpg,plain_negative
sections/calc_p1_s6.jpg,sections/la_p16_s3.jpg,plain_negative
sections/calc_p1_s6.jpg,sections/la_p16_s4.jpg,plain_negative
sections/calc_p1_s6.jpg,sections/la_p16_s5.jpg,plain_negative
sections/calc_p1_s6.jpg,sections/la_p17_s1.jpg,plain_negative
sections/calc_p1_s6.jpg,sections/la_p17_s2.jpg,plain_negative
sections/calc_p1_s6.jpg,sections/la_p17_s3.jpg,plain_negative
sections/calc_p1_s6.jpg,sections/la_p17_s4.jpg,plain_negative
sections/calc_p1_s6.jpg,sections/la_p17_s6.jpg,plain_negative
sections/calc_p1_s6.jpg,sections/la_p18_s2.jpg,plain_negative
sections/calc_p1_s6.jpg,sections/la_p18_s4.jpg,plain_negative
sections/calc_p1_s6.jpg,sections/la_p18_s5.jpg,plain_negative
sections/calc_p1_s6.jpg,sections/la_p18_s7.jpg,plain_negative
sections/calc_p1_s6.jpg,sections/la_p19_s1.jpg,plain_negative
sections/calc_p1_s6.jpg,sections/la_p19_s2.jpg,plain_negative
sections/calc_p1_s6.jpg,sections/la_p19_s4.jpg,plain_negative
sections/calc_p2_s1.jpg,sections/calc_p2_s2.jpg,topic_positive
sections/calc_p2_s1.jpg,sections/calc_p2_s3.jpg,soft_positive
sections/calc_p2_s1.jpg,sections/calc_p4_s1.jpg,plain_negative
sections/calc_p2_s1.jpg,sections/calc_p4_s2.jpg,plain_negative
sections/calc_p2_s1.jpg,sections/calc_p4_s3.jpg,plain_negative
sections/calc_p2_s1.jpg,sections/calc_p4_s4.jpg,plain_negative
sections/calc_p2_s1.jpg,sections/calc_p4_s6.jpg,plain_negative
sections/calc_p2_s1.jpg,sections/calc_p5_s1.jpg,plain_negative
sections/calc_p2_s1.jpg,sections/calc_p5_s2.jpg,plain_negative
sections/calc_p2_s1.jpg,sections/calc_p5_s3.jpg,plain_negative
sections/calc_p2_s1.jpg,sections/calc_p5_s5.jpg,plain_negative
sections/calc_p2_s1.jpg,sections/calc_p6_s1.jpg,plain_negative
sections/calc_p2_s1.jpg,sections/calc_p6_s2.jpg,plain_negative
sections/calc_p2_s1.jpg,sections/calc_p6_s3.jpg,plain_negative
sections/calc_p2_s1.jpg,sections/calc_p6_s4.jpg,plain_negative
sections/calc_p2_s1.jpg,sections/calc_p7_s1.jpg,plain_negative
sections/calc_p2_s1.jpg,sections/calc_p7_s2.jpg,plain_negative
sections/calc_p2_s1.jpg,sections/calc_p7_s4.jpg,plain_negative
sections/calc_p2_s1.jpg,sections/calc_p7_s5.jpg,plain_negative
sections/calc_p2_s1.jpg,sections/calc_p8_s1.jpg,plain_negative
sections/calc_p2_s1.jpg,sections/calc_p8_s2.jpg,plain_negative
sections/calc_p2_s1.jpg,sections/calc_p8_s3.jpg,plain_negative
sections/calc_p2_s1.jpg,sections/calc_p8_s5.jpg,plain_negative
sections/calc_p2_s1.jpg,sections/calc_p9_s1.jpg,plain_negative
sections/calc_p2_s1.jpg,sections/calc_p9_s2.jpg,plain_negative
sections/calc_p2_s1.jpg,sections/calc_p9_s3.jpg,plain_negative
sections/calc_p2_s1.jpg,sections/calc_p9_s4.jpg,plain_negative
sections/calc_p2_s1.jpg,sections/calc_p9_s5.jpg,plain_negative
sections/calc_p2_s1.jpg,sections/calc_p10_s1.jpg,plain_negative
sections/calc_p2_s1.jpg,sections/calc_p10_s2.jpg,plain_negative
sections/calc_p2_s1.jpg,sections/calc_p10_s3.jpg,plain_negative
sections/calc_p2_s1.jpg,sections/calc_p10_s4.jpg,plain_negative
sections/calc_p2_s1.jpg,sections/calc_p10_s5.jpg,plain_negative
sections/calc_p2_s1.jpg,sections/calc_p11_s3.jpg,plain_negative
sections/calc_p2_s1.jpg,sections/calc_p11_s4.jpg,plain_negative
sections/calc_p2_s1.jpg,sections/calc_p12_s1.jpg,plain_negative
sections/calc_p2_s1.jpg,sections/calc_p12_s2.jpg,plain_negative
sections/calc_p2_s1.jpg,sections/calc_p12_s3.jpg,plain_negative
sections/calc_p2_s1.jpg,sections/calc_p13_s1.jpg,plain_negative
sections/calc_p2_s1.jpg,sections/calc_p13_s2.jpg,plain_negative
sections/calc_p2_s1.jpg,sections/calc_p13_s3.jpg,plain_negative
sections/calc_p2_s1.jpg,sections/calc_p13_s4.jpg,plain_negative
sections/calc_p2_s1.jpg,sections/calc_p13_s5.jpg,plain_negative
sections/calc_p2_s1.jpg,sections/calc_p13_s6.jpg,plain_negative
sections/calc_p2_s1.jpg,sections/calc_p14_s1.jpg,plain_negative
sections/calc_p2_s1.jpg,sections/calc_p14_s2.jpg,plain_negative
sections/calc_p2_s1.jpg,sections/calc_p14_s3.jpg,plain_negative
sections/calc_p2_s1.jpg,sections/calc_p15_s1.jpg,plain_negative
sections/calc_p2_s1.jpg,sections/calc_p15_s2.jpg,plain_negative
sections/calc_p2_s1.jpg,sections/calc_p17_s1.jpg,plain_negative
sections/calc_p2_s1.jpg,sections/calc_p17_s2.jpg,plain_negative
sections/calc_p2_s1.jpg,sections/calc_p17_s3.jpg,plain_negative
sections/calc_p2_s1.jpg,sections/calc_p17_s4.jpg,plain_negative
sections/calc_p2_s1.jpg,sections/calc_p18_s2.jpg,plain_negative
sections/calc_p2_s1.jpg,sections/calc_p18_s3.jpg,plain_negative
sections/calc_p2_s1.jpg,sections/calc_p18_s4.jpg,plain_negative
sections/calc_p2_s1.jpg,sections/calc_p18_s5.jpg,plain_negative
sections/calc_p2_s1.jpg,sections/calc_p19_s1.jpg,plain_negative
sections/calc_p2_s1.jpg,sections/calc_p19_s2.jpg,plain_negative
sections/calc_p2_s1.jpg,sections/calc_p20_s2.jpg,plain_negative
sections/calc_p2_s1.jpg,sections/calc_p21_s1.jpg,plain_negative
sections/calc_p2_s1.jpg,sections/calc_p21_s2.jpg,plain_negative
sections/calc_p2_s1.jpg,sections/la_p1_s1.jpg,plain_negative
sections/calc_p2_s1.jpg,sections/la_p1_s2.jpg,plain_negative
sections/calc_p2_s1.jpg,sections/la_p1_s3.jpg,plain_negative
sections/calc_p2_s1.jpg,sections/la_p1_s4.jpg,plain_negative
sections/calc_p2_s1.jpg,sections/la_p1_s5.jpg,plain_negative
sections/calc_p2_s1.jpg,sections/la_p2_s1.jpg,plain_negative
sections/calc_p2_s1.jpg,sections/la_p2_s2.jpg,plain_negative
sections/calc_p2_s1.jpg,sections/la_p2_s3.jpg,plain_negative
sections/calc_p2_s1.jpg,sections/la_p2_s4.jpg,plain_negative
sections/calc_p2_s1.jpg,sections/la_p3_s1.jpg,plain_negative
sections/calc_p2_s1.jpg,sections/la_p3_s2.jpg,plain_negative
sections/calc_p2_s1.jpg,sections/la_p3_s3.jpg,plain_negative
sections/calc_p2_s1.jpg,sections/la_p3_s4.jpg,plain_negative
sections/calc_p2_s1.jpg,sections/la_p5_s1.jpg,plain_negative
sections/calc_p2_s1.jpg,sections/la_p5_s2.jpg,plain_negative
sections/calc_p2_s1.jpg,sections/la_p5_s3.jpg,plain_negative
sections/calc_p2_s1.jpg,sections/la_p6_s1.jpg,plain_negative
sections/calc_p2_s1.jpg,sections/la_p6_s3.jpg,plain_negative
sections/calc_p2_s1.jpg,sections/la_p7_s1.jpg,plain_negative
sections/calc_p2_s1.jpg,sections/la_p7_s2.jpg,plain_negative
sections/calc_p2_s1.jpg,sections/la_p7_s3.jpg,plain_negative
sections/calc_p2_s1.jpg,sections/la_p8_s1.jpg,plain_negative
sections/calc_p2_s1.jpg,sections/la_p8_s2.jpg,plain_negative
sections/calc_p2_s1.jpg,sections/la_p8_s3.jpg,plain_negative
sections/calc_p2_s1.jpg,sections/la_p8_s4.jpg,plain_negative
sections/calc_p2_s1.jpg,sections/la_p9_s1.jpg,plain_negative
sections/calc_p2_s1.jpg,sections/la_p9_s2.jpg,plain_negative
sections/calc_p2_s1.jpg,sections/la_p9_s3.jpg,plain_negative
sections/calc_p2_s1.jpg,sections/la_p9_s5.jpg,plain_negative
sections/calc_p2_s1.jpg,sections/la_p10_s1.jpg,plain_negative
sections/calc_p2_s1.jpg,sections/la_p10_s2.jpg,plain_negative
sections/calc_p2_s1.jpg,sections/la_p10_s3.jpg,plain_negative
sections/calc_p2_s1.jpg,sections/la_p10_s4.jpg,plain_negative
sections/calc_p2_s1.jpg,sections/la_p10_s6.jpg,plain_negative
sections/calc_p2_s1.jpg,sections/la_p11_s1.jpg,plain_negative
sections/calc_p2_s1.jpg,sections/la_p11_s2.jpg,plain_negative
sections/calc_p2_s1.jpg,sections/la_p11_s4.jpg,plain_negative
sections/calc_p2_s1.jpg,sections/la_p11_s6.jpg,plain_negative
sections/calc_p2_s1.jpg,sections/la_p12_s1.jpg,plain_negative
sections/calc_p2_s1.jpg,sections/la_p12_s2.jpg,plain_negative
sections/calc_p2_s1.jpg,sections/la_p12_s3.jpg,plain_negative
sections/calc_p2_s1.jpg,sections/la_p13_s1.jpg,plain_negative
sections/calc_p2_s1.jpg,sections/la_p13_s2.jpg,plain_negative
sections/calc_p2_s1.jpg,sections/la_p13_s3.jpg,plain_negative
sections/calc_p2_s1.jpg,sections/la_p13_s4.jpg,plain_negative
sections/calc_p2_s1.jpg,sections/la_p13_s5.jpg,plain_negative
sections/calc_p2_s1.jpg,sections/la_p13_s6.jpg,plain_negative
sections/calc_p2_s1.jpg,sections/la_p14_s1.jpg,plain_negative
sections/calc_p2_s1.jpg,sections/la_p14_s2.jpg,plain_negative
sections/calc_p2_s1.jpg,sections/la_p14_s3.jpg,plain_negative
sections/calc_p2_s1.jpg,sections/la_p14_s4.jpg,plain_negative
sections/calc_p2_s1.jpg,sections/la_p14_s5.jpg,plain_negative
sections/calc_p2_s1.jpg,sections/la_p15_s1.jpg,plain_negative
sections/calc_p2_s1.jpg,sections/la_p15_s2.jpg,plain_negative
sections/calc_p2_s1.jpg,sections/la_p16_s1.jpg,plain_negative
sections/calc_p2_s1.jpg,sections/la_p16_s2.jpg,plain_negative
sections/calc_p2_s1.jpg,sections/la_p16_s3.jpg,plain_negative
sections/calc_p2_s1.jpg,sections/la_p16_s4.jpg,plain_negative
sections/calc_p2_s1.jpg,sections/la_p16_s5.jpg,plain_negative
sections/calc_p2_s1.jpg,sections/la_p17_s1.jpg,plain_negative
sections/calc_p2_s1.jpg,sections/la_p17_s2.jpg,plain_negative
sections/calc_p2_s1.jpg,sections/la_p17_s3.jpg,plain_negative
sections/calc_p2_s1.jpg,sections/la_p17_s4.jpg,plain_negative
sections/calc_p2_s1.jpg,sections/la_p17_s6.jpg,plain_negative
sections/calc_p2_s1.jpg,sections/la_p18_s2.jpg,plain_negative
sections/calc_p2_s1.jpg,sections/la_p18_s4.jpg,plain_negative
sections/calc_p2_s1.jpg,sections/la_p18_s5.jpg,plain_negative
sections/calc_p2_s1.jpg,sections/la_p18_s7.jpg,plain_negative
sections/calc_p2_s1.jpg,sections/la_p19_s1.jpg,plain_negative
sections/calc_p2_s1.jpg,sections/la_p19_s2.jpg,plain_negative
sections/calc_p2_s1.jpg,sections/la_p19_s4.jpg,plain_negative
sections/calc_p2_s2.jpg,sections/calc_p2_s3.jpg,soft_positive
sections/calc_p2_s2.jpg,sections/calc_p4_s1.jpg,plain_negative
sections/calc_p2_s2.jpg,sections/calc_p4_s2.jpg,plain_negative
sections/calc_p2_s2.jpg,sections/calc_p4_s3.jpg,plain_negative
sections/calc_p2_s2.jpg,sections/calc_p4_s4.jpg,plain_negative
sections/calc_p2_s2.jpg,sections/calc_p4_s6.jpg,plain_negative
sections/calc_p2_s2.jpg,sections/calc_p5_s1.jpg,plain_negative
sections/calc_p2_s2.jpg,sections/calc_p5_s2.jpg,plain_negative
sections/calc_p2_s2.jpg,sections/calc_p5_s3.jpg,plain_negative
sections/calc_p2_s2.jpg,sections/calc_p5_s5.jpg,plain_negative
sections/calc_p2_s2.jpg,sections/calc_p6_s1.jpg,plain_negative
sections/calc_p2_s2.jpg,sections/calc_p6_s2.jpg,plain_negative
sections/calc_p2_s2.jpg,sections/calc_p6_s3.jpg,plain_negative
sections/calc_p2_s2.jpg,sections/calc_p6_s4.jpg,plain_negative
sections/calc_p2_s2.jpg,sections/calc_p7_s1.jpg,plain_negative
sections/calc_p2_s2.jpg,sections/calc_p7_s2.jpg,plain_negative
sections/calc_p2_s2.jpg,sections/calc_p7_s4.jpg,plain_negative
sections/calc_p2_s2.jpg,sections/calc_p7_s5.jpg,plain_negative
sections/calc_p2_s2.jpg,sections/calc_p8_s1.jpg,plain_negative
sections/calc_p2_s2.jpg,sections/calc_p8_s2.jpg,plain_negative
sections/calc_p2_s2.jpg,sections/calc_p8_s3.jpg,plain_negative
sections/calc_p2_s2.jpg,sections/calc_p8_s5.jpg,plain_negative
sections/calc_p2_s2.jpg,sections/calc_p9_s1.jpg,plain_negative
sections/calc_p2_s2.jpg,sections/calc_p9_s2.jpg,plain_negative
sections/calc_p2_s2.jpg,sections/calc_p9_s3.jpg,plain_negative
sections/calc_p2_s2.jpg,sections/calc_p9_s4.jpg,plain_negative
sections/calc_p2_s2.jpg,sections/calc_p9_s5.jpg,plain_negative
sections/calc_p2_s2.jpg,sections/calc_p10_s1.jpg,plain_negative
sections/calc_p2_s2.jpg,sections/calc_p10_s2.jpg,plain_negative
sections/calc_p2_s2.jpg,sections/calc_p10_s3.jpg,plain_negative
sections/calc_p2_s2.jpg,sections/calc_p10_s4.jpg,plain_negative
sections/calc_p2_s2.jpg,sections/calc_p10_s5.jpg,plain_negative
sections/calc_p2_s2.jpg,sections/calc_p11_s3.jpg,plain_negative
sections/calc_p2_s2.jpg,sections/calc_p11_s4.jpg,plain_negative
sections/calc_p2_s2.jpg,sections/calc_p12_s1.jpg,plain_negative
sections/calc_p2_s2.jpg,sections/calc_p12_s2.jpg,plain_negative
sections/calc_p2_s2.jpg,sections/calc_p12_s3.jpg,plain_negative
sections/calc_p2_s2.jpg,sections/calc_p13_s1.jpg,plain_negative
sections/calc_p2_s2.jpg,sections/calc_p13_s2.jpg,plain_negative
sections/calc_p2_s2.jpg,sections/calc_p13_s3.jpg,plain_negative
sections/calc_p2_s2.jpg,sections/calc_p13_s4.jpg,plain_negative
sections/calc_p2_s2.jpg,sections/calc_p13_s5.jpg,plain_negative
sections/calc_p2_s2.jpg,sections/calc_p13_s6.jpg,plain_negative
sections/calc_p2_s2.jpg,sections/calc_p14_s1.jpg,plain_negative
sections/calc_p2_s2.jpg,sections/calc_p14_s2.jpg,plain_negative
sections/calc_p2_s2.jpg,sections/calc_p14_s3.jpg,plain_negative
sections/calc_p2_s2.jpg,sections/calc_p15_s1.jpg,plain_negative
sections/calc_p2_s2.jpg,sections/calc_p15_s2.jpg,plain_negative
sections/calc_p2_s2.jpg,sections/calc_p17_s1.jpg,plain_negative
sections/calc_p2_s2.jpg,sections/calc_p17_s2.jpg,plain_negative
sections/calc_p2_s2.jpg,sections/calc_p17_s3.jpg,plain_negative
sections/calc_p2_s2.jpg,sections/calc_p17_s4.jpg,plain_negative
sections/calc_p2_s2.jpg,sections/calc_p18_s2.jpg,plain_negative
sections/calc_p2_s2.jpg,sections/calc_p18_s3.jpg,plain_negative
sections/calc_p2_s2.jpg,sections/calc_p18_s4.jpg,plain_negative
sections/calc_p2_s2.jpg,sections/calc_p18_s5.jpg,plain_negative
sections/calc_p2_s2.jpg,sections/calc_p19_s1.jpg,plain_negative
sections/calc_p2_s2.jpg,sections/calc_p19_s2.jpg,plain_negative
sections/calc_p2_s2.jpg,sections/calc_p20_s2.jpg,plain_negative
sections/calc_p2_s2.jpg,sections/calc_p21_s1.jpg,plain_negative
sections/calc_p2_s2.jpg,sections/calc_p21_s2.jpg,plain_negative
sections/calc_p2_s2.jpg,sections/la_p1_s1.jpg,plain_negative
sections/calc_p2_s2.jpg,sections/la_p1_s2.jpg,plain_negative
sections/calc_p2_s2.jpg,sections/la_p1_s3.jpg,plain_negative
sections/calc_p2_s2.jpg,sections/la_p1_s4.jpg,plain_negative
sections/calc_p2_s2.jpg,sections/la_p1_s5.jpg,plain_negative
sections/calc_p2_s2.jpg,sections/la_p2_s1.jpg,plain_negative
sections/calc_p2_s2.jpg,sections/la_p2_s2.jpg,plain_negative
sections/calc_p2_s2.jpg,sections/la_p2_s3.jpg,plain_negative
sections/calc_p2_s2.jpg,sections/la_p2_s4.jpg,plain_negative
sections/calc_p2_s2.jpg,sections/la_p3_s1.jpg,plain_negative
sections/calc_p2_s2.jpg,sections/la_p3_s2.jpg,plain_negative
sections/calc_p2_s2.jpg,sections/la_p3_s3.jpg,plain_negative
sections/calc_p2_s2.jpg,sections/la_p3_s4.jpg,plain_negative
sections/calc_p2_s2.jpg,sections/la_p5_s1.jpg,plain_negative
sections/calc_p2_s2.jpg,sections/la_p5_s2.jpg,plain_negative
sections/calc_p2_s2.jpg,sections/la_p5_s3.jpg,plain_negative
sections/calc_p2_s2.jpg,sections/la_p6_s1.jpg,plain_negative
sections/calc_p2_s2.jpg,sections/la_p6_s3.jpg,plain_negative
sections/calc_p2_s2.jpg,sections/la_p7_s1.jpg,plain_negative
sections/calc_p2_s2.jpg,sections/la_p7_s2.jpg,plain_negative
sections/calc_p2_s2.jpg,sections/la_p7_s3.jpg,plain_negative
sections/calc_p2_s2.jpg,sections/la_p8_s1.jpg,plain_negative
sections/calc_p2_s2.jpg,sections/la_p8_s2.jpg,plain_negative
sections/calc_p2_s2.jpg,sections/la_p8_s3.jpg,plain_negative
sections/calc_p2_s2.jpg,sections/la_p8_s4.jpg,plain_negative
sections/calc_p2_s2.jpg,sections/la_p9_s1.jpg,plain_negative
sections/calc_p2_s2.jpg,sections/la_p9_s2.jpg,plain_negative
sections/calc_p2_s2.jpg,sections/la_p9_s3.jpg,plain_negative
sections/calc_p2_s2.jpg,sections/la_p9_s5.jpg,plain_negative
sections/calc_p2_s2.jpg,sections/la_p10_s1.jpg,plain_negative
sections/calc_p2_s2.jpg,sections/la_p10_s2.jpg,plain_negative
sections/calc_p2_s2.jpg,sections/la_p10_s3.jpg,plain_negative
sections/calc_p2_s2.jpg,sections/la_p10_s4.jpg,plain_negative
sections/calc_p2_s2.jpg,sections/la_p10_s6.jpg,plain_negative
sections/calc_p2_s2.jpg,sections/la_p11_s1.jpg,plain_negative
sections/calc_p2_s2.jpg,sections/la_p11_s2.jpg,plain_negative
sections/calc_p2_s2.jpg,sections/la_p11_s4.jpg,plain_negative
sections/calc_p2_s2.jpg,sections/la_p11_s6.jpg,plain_negative
sections/calc_p2_s2.jpg,sections/la_p12_s1.jpg,plain_negative
sections/calc_p2_s2.jpg,sections/la_p12_s2.jpg,plain_negative
sections/calc_p2_s2.jpg,sections/la_p12_s3.jpg,plain_negative
sections/calc_p2_s2.jpg,sections/la_p13_s1.jpg,plain_negative
sections/calc_p2_s2.jpg,sections/la_p13_s2.jpg,plain_negative
sections/calc_p2_s2.jpg,sections/la_p13_s3.jpg,plain_negative
sections/calc_p2_s2.jpg,sections/la_p13_s4.jpg,plain_negative
sections/calc_p2_s2.jpg,sections/la_p13_s5.jpg,plain_negative
sections/calc_p2_s2.jpg,sections/la_p13_s6.jpg,plain_negative
sections/calc_p2_s2.jpg,sections/la_p14_s1.jpg,plain_negative
sections/calc_p2_s2.jpg,sections/la_p14_s2.jpg,plain_negative
sections/calc_p2_s2.jpg,sections/la_p14_s3.jpg,plain_negative
sections/calc_p2_s2.jpg,sections/la_p14_s4.jpg,plain_negative
sections/calc_p2_s2.jpg,sections/la_p14_s5.jpg,plain_negative
sections/calc_p2_s2.jpg,sections/la_p15_s1.jpg,plain_negative
sections/calc_p2_s2.jpg,sections/la_p15_s2.jpg,plain_negative
sections/calc_p2_s2.jpg,sections/la_p16_s1.jpg,plain_negative
sections/calc_p2_s2.jpg,sections/la_p16_s2.jpg,plain_negative
sections/calc_p2_s2.jpg,sections/la_p16_s3.jpg,plain_negative
sections/calc_p2_s2.jpg,sections/la_p16_s4.jpg,plain_negative
sections/calc_p2_s2.jpg,sections/la_p16_s5.jpg,plain_negative
sections/calc_p2_s2.jpg,sections/la_p17_s1.jpg,plain_negative
sections/calc_p2_s2.jpg,sections/la_p17_s2.jpg,plain_negative
sections/calc_p2_s2.jpg,sections/la_p17_s3.jpg,plain_negative
sections/calc_p2_s2.jpg,sections/la_p17_s4.jpg,plain_negative
sections/calc_p2_s2.jpg,sections/la_p17_s6.jpg,plain_negative
sections/calc_p2_s2.jpg,sections/la_p18_s2.jpg,plain_negative
sections/calc_p2_s2.jpg,sections/la_p18_s4.jpg,plain_negative
sections/calc_p2_s2.jpg,sections/la_p18_s5.jpg,plain_negative
sections/calc_p2_s2.jpg,sections/la_p18_s7.jpg,plain_negative
sections/calc_p2_s2.jpg,sections/la_p19_s1.jpg,plain_negative
sections/calc_p2_s2.jpg,sections/la_p19_s2.jpg,plain_negative
sections/calc_p2_s2.jpg,sections/la_p19_s4.jpg,plain_negative
sections/calc_p2_s3.jpg,sections/calc_p4_s1.jpg,plain_negative
sections/calc_p2_s3.jpg,sections/calc_p4_s2.jpg,plain_negative
sections/calc_p2_s3.jpg,sections/calc_p4_s3.jpg,plain_negative
sections/calc_p2_s3.jpg,sections/calc_p4_s4.jpg,plain_negative
sections/calc_p2_s3.jpg,sections/calc_p4_s6.jpg,plain_negative
sections/calc_p2_s3.jpg,sections/calc_p5_s1.jpg,plain_negative
sections/calc_p2_s3.jpg,sections/calc_p5_s2.jpg,plain_negative
sections/calc_p2_s3.jpg,sections/calc_p5_s3.jpg,plain_negative
sections/calc_p2_s3.jpg,sections/calc_p5_s5.jpg,plain_negative
sections/calc_p2_s3.jpg,sections/calc_p6_s1.jpg,plain_negative
sections/calc_p2_s3.jpg,sections/calc_p6_s2.jpg,plain_negative
sections/calc_p2_s3.jpg,sections/calc_p6_s3.jpg,plain_negative
sections/calc_p2_s3.jpg,sections/calc_p6_s4.jpg,plain_negative
sections/calc_p2_s3.jpg,sections/calc_p7_s1.jpg,plain_negative
sections/calc_p2_s3.jpg,sections/calc_p7_s2.jpg,plain_negative
sections/calc_p2_s3.jpg,sections/calc_p7_s4.jpg,plain_negative
sections/calc_p2_s3.jpg,sections/calc_p7_s5.jpg,plain_negative
sections/calc_p2_s3.jpg,sections/calc_p8_s1.jpg,plain_negative
sections/calc_p2_s3.jpg,sections/calc_p8_s2.jpg,plain_negative
sections/calc_p2_s3.jpg,sections/calc_p8_s3.jpg,plain_negative
sections/calc_p2_s3.jpg,sections/calc_p8_s5.jpg,plain_negative
sections/calc_p2_s3.jpg,sections/calc_p9_s1.jpg,plain_negative
sections/calc_p2_s3.jpg,sections/calc_p9_s2.jpg,plain_negative
sections/calc_p2_s3.jpg,sections/calc_p9_s3.jpg,plain_negative
sections/calc_p2_s3.jpg,sections/calc_p9_s4.jpg,plain_negative
sections/calc_p2_s3.jpg,sections/calc_p9_s5.jpg,plain_negative
sections/calc_p2_s3.jpg,sections/calc_p10_s1.jpg,plain_negative
sections/calc_p2_s3.jpg,sections/calc_p10_s2.jpg,plain_negative
sections/calc_p2_s3.jpg,sections/calc_p10_s3.jpg,plain_negative
sections/calc_p2_s3.jpg,sections/calc_p10_s4.jpg,plain_negative
sections/calc_p2_s3.jpg,sections/calc_p10_s5.jpg,plain_negative
sections/calc_p2_s3.jpg,sections/calc_p11_s3.jpg,plain_negative
sections/calc_p2_s3.jpg,sections/calc_p11_s4.jpg,plain_negative
sections/calc_p2_s3.jpg,sections/calc_p12_s1.jpg,plain_negative
sections/calc_p2_s3.jpg,sections/calc_p12_s2.jpg,plain_negative
sections/calc_p2_s3.jpg,sections/calc_p12_s3.jpg,plain_negative
sections/calc_p2_s3.jpg,sections/calc_p13_s1.jpg,plain_negative
sections/calc_p2_s3.jpg,sections/calc_p13_s2.jpg,plain_negative
sections/calc_p2_s3.jpg,sections/calc_p13_s3.jpg,plain_negative
sections/calc_p2_s3.jpg,sections/calc_p13_s4.jpg,plain_negative
sections/calc_p2_s3.jpg,sections/calc_p13_s5.jpg,plain_negative
sections/calc_p2_s3.jpg,sections/calc_p13_s6.jpg,plain_negative
sections/calc_p2_s3.jpg,sections/calc_p14_s1.jpg,plain_negative
sections/calc_p2_s3.jpg,sections/calc_p14_s2.jpg,plain_negative
sections/calc_p2_s3.jpg,sections/calc_p14_s3.jpg,plain_negative
sections/calc_p2_s3.jpg,sections/calc_p15_s1.jpg,plain_negative
sections/calc_p2_s3.jpg,sections/calc_p15_s2.jpg,plain_negative
sections/calc_p2_s3.jpg,sections/calc_p17_s1.jpg,plain_negative
sections/calc_p2_s3.jpg,sections/calc_p17_s2.jpg,plain_negative
sections/calc_p2_s3.jpg,sections/calc_p17_s3.jpg,plain_negative
sections/calc_p2_s3.jpg,sections/calc_p17_s4.jpg,plain_negative
sections/calc_p2_s3.jpg,sections/calc_p18_s2.jpg,plain_negative
sections/calc_p2_s3.jpg,sections/calc_p18_s3.jpg,plain_negative
sections/calc_p2_s3.jpg,sections/calc_p18_s4.jpg,plain_negative
sections/calc_p2_s3.jpg,sections/calc_p18_s5.jpg,plain_negative
sections/calc_p2_s3.jpg,sections/calc_p19_s1.jpg,plain_negative
sections/calc_p2_s3.jpg,sections/calc_p19_s2.jpg,plain_negative
sections/calc_p2_s3.jpg,sections/calc_p20_s2.jpg,plain_negative
sections/calc_p2_s3.jpg,sections/calc_p21_s1.jpg,plain_negative
sections/calc_p2_s3.jpg,sections/calc_p21_s2.jpg,plain_negative
sections/calc_p2_s3.jpg,sections/la_p1_s1.jpg,plain_negative
sections/calc_p2_s3.jpg,sections/la_p1_s2.jpg,plain_negative
sections/calc_p2_s3.jpg,sections/la_p1_s3.jpg,plain_negative
sections/calc_p2_s3.jpg,sections/la_p1_s4.jpg,plain_negative
sections/calc_p2_s3.jpg,sections/la_p1_s5.jpg,plain_negative
sections/calc_p2_s3.jpg,sections/la_p2_s1.jpg,plain_negative
sections/calc_p2_s3.jpg,sections/la_p2_s2.jpg,plain_negative
sections/calc_p2_s3.jpg,sections/la_p2_s3.jpg,plain_negative
sections/calc_p2_s3.jpg,sections/la_p2_s4.jpg,plain_negative
sections/calc_p2_s3.jpg,sections/la_p3_s1.jpg,plain_negative
sections/calc_p2_s3.jpg,sections/la_p3_s2.jpg,plain_negative
sections/calc_p2_s3.jpg,sections/la_p3_s3.jpg,plain_negative
sections/calc_p2_s3.jpg,sections/la_p3_s4.jpg,plain_negative
sections/calc_p2_s3.jpg,sections/la_p5_s1.jpg,plain_negative
sections/calc_p2_s3.jpg,sections/la_p5_s2.jpg,plain_negative
sections/calc_p2_s3.jpg,sections/la_p5_s3.jpg,plain_negative
sections/calc_p2_s3.jpg,sections/la_p6_s1.jpg,plain_negative
sections/calc_p2_s3.jpg,sections/la_p6_s3.jpg,plain_negative
sections/calc_p2_s3.jpg,sections/la_p7_s1.jpg,plain_negative
sections/calc_p2_s3.jpg,sections/la_p7_s2.jpg,plain_negative
sections/calc_p2_s3.jpg,sections/la_p7_s3.jpg,plain_negative
sections/calc_p2_s3.jpg,sections/la_p8_s1.jpg,plain_negative
sections/calc_p2_s3.jpg,sections/la_p8_s2.jpg,plain_negative
sections/calc_p2_s3.jpg,sections/la_p8_s3.jpg,plain_negative
sections/calc_p2_s3.jpg,sections/la_p8_s4.jpg,plain_negative
sections/calc_p2_s3.jpg,sections/la_p9_s1.jpg,plain_negative
sections/calc_p2_s3.jpg,sections/la_p9_s2.jpg,plain_negative
sections/calc_p2_s3.jpg,sections/la_p9_s3.jpg,plain_negative
sections/calc_p2_s3.jpg,sections/la_p9_s5.jpg,plain_negative
sections/calc_p2_s3.jpg,sections/la_p10_s1.jpg,plain_negative
sections/calc_p2_s3.jpg,sections/la_p10_s2.jpg,plain_negative
sections/calc_p2_s3.jpg,sections/la_p10_s3.jpg,plain_negative
sections/calc_p2_s3.jpg,sections/la_p10_s4.jpg,plain_negative
sections/calc_p2_s3.jpg,sections/la_p10_s6.jpg,plain_negative
sections/calc_p2_s3.jpg,sections/la_p11_s1.jpg,plain_negative
sections/calc_p2_s3.jpg,sections/la_p11_s2.jpg,plain_negative
sections/calc_p2_s3.jpg,sections/la_p11_s4.jpg,plain_negative
sections/calc_p2_s3.jpg,sections/la_p11_s6.jpg,plain_negative
sections/calc_p2_s3.jpg,sections/la_p12_s1.jpg,plain_negative
sections/calc_p2_s3.jpg,sections/la_p12_s2.jpg,plain_negative
sections/calc_p2_s3.jpg,sections/la_p12_s3.jpg,plain_negative
sections/calc_p2_s3.jpg,sections/la_p13_s1.jpg,plain_negative
sections/calc_p2_s3.jpg,sections/la_p13_s2.jpg,plain_negative
sections/calc_p2_s3.jpg,sections/la_p13_s3.jpg,plain_negative
sections/calc_p2_s3.jpg,sections/la_p13_s4.jpg,plain_negative
sections/calc_p2_s3.jpg,sections/la_p13_s5.jpg,plain_negative
sections/calc_p2_s3.jpg,sections/la_p13_s6.jpg,plain_negative
sections/calc_p2_s3.jpg,sections/la_p14_s1.jpg,plain_negative
sections/calc_p2_s3.jpg,sections/la_p14_s2.jpg,plain_negative
sections/calc_p2_s3.jpg,sections/la_p14_s3.jpg,plain_negative
sections/calc_p2_s3.jpg,sections/la_p14_s4.jpg,plain_negative
sections/calc_p2_s3.jpg,sections/la_p14_s5.jpg,plain_negative
sections/calc_p2_s3.jpg,sections/la_p15_s1.jpg,plain_negative
sections/calc_p2_s3.jpg,sections/la_p15_s2.jpg,plain_negative
sections/calc_p2_s3.jpg,sections/la_p16_s1.jpg,plain_negative
sections/calc_p2_s3.jpg,sections/la_p16_s2.jpg,plain_negative
sections/calc_p2_s3.jpg,sections/la_p16_s3.jpg,plain_negative
sections/calc_p2_s3.jpg,sections/la_p16_s4.jpg,plain_negative
sections/calc_p2_s3.jpg,sections/la_p16_s5.jpg,plain_negative
sections/calc_p2_s3.jpg,sections/la_p17_s1.jpg,plain_negative
sections/calc_p2_s3.jpg,sections/la_p17_s2.jpg,plain_negative
sections/calc_p2_s3.jpg,sections/la_p17_s3.jpg,plain_negative
sections/calc_p2_s3.jpg,sections/la_p17_s4.jpg,plain_negative
sections/calc_p2_s3.jpg,sections/la_p17_s6.jpg,plain_negative
sections/calc_p2_s3.jpg,sections/la_p18_s2.jpg,plain_negative
sections/calc_p2_s3.jpg,sections/la_p18_s4.jpg,plain_negative
sections/calc_p2_s3.jpg,sections/la_p18_s5.jpg,plain_negative
sections/calc_p2_s3.jpg,sections/la_p18_s7.jpg,plain_negative
sections/calc_p2_s3.jpg,sections/la_p19_s1.jpg,plain_negative
sections/calc_p2_s3.jpg,sections/la_p19_s2.jpg,plain_negative
sections/calc_p2_s3.jpg,sections/la_p19_s4.jpg,plain_negative
sections/calc_p4_s1.jpg,sections/calc_p4_s2.jpg,topic_positive
sections/calc_p4_s1.jpg,sections/calc_p4_s3.jpg,soft_positive
sections/calc_p4_s1.jpg,sections/calc_p4_s4.jpg,soft_positive
sections/calc_p4_s1.jpg,sections/calc_p4_s6.jpg,soft_positive
sections/calc_p4_s1.jpg,sections/calc_p5_s1.jpg,plain_negative
sections/calc_p4_s1.jpg,sections/calc_p5_s2.jpg,plain_negative
sections/calc_p4_s1.jpg,sections/calc_p5_s3.jpg,plain_negative
sections/calc_p4_s1.jpg,sections/calc_p5_s5.jpg,plain_negative
sections/calc_p4_s1.jpg,sections/calc_p6_s1.jpg,plain_negative
sections/calc_p4_s1.jpg,sections/calc_p6_s2.jpg,plain_negative
sections/calc_p4_s1.jpg,sections/calc_p6_s3.jpg,plain_negative
sections/calc_p4_s1.jpg,sections/calc_p6_s4.jpg,plain_negative
sections/calc_p4_s1.jpg,sections/calc_p7_s1.jpg,plain_negative
sections/calc_p4_s1.jpg,sections/calc_p7_s2.jpg,plain_negative
sections/calc_p4_s1.jpg,sections/calc_p7_s4.jpg,plain_negative
sections/calc_p4_s1.jpg,sections/calc_p7_s5.jpg,plain_negative
sections/calc_p4_s1.jpg,sections/calc_p8_s1.jpg,plain_negative
sections/calc_p4_s1.jpg,sections/calc_p8_s2.jpg,plain_negative
sections/calc_p4_s1.jpg,sections/calc_p8_s3.jpg,plain_negative
sections/calc_p4_s1.jpg,sections/calc_p8_s5.jpg,plain_negative
sections/calc_p4_s1.jpg,sections/calc_p9_s1.jpg,plain_negative
sections/calc_p4_s1.jpg,sections/calc_p9_s2.jpg,plain_negative
sections/calc_p4_s1.jpg,sections/calc_p9_s3.jpg,plain_negative
sections/calc_p4_s1.jpg,sections/calc_p9_s4.jpg,plain_negative
sections/calc_p4_s1.jpg,sections/calc_p9_s5.jpg,plain_negative
sections/calc_p4_s1.jpg,sections/calc_p10_s1.jpg,plain_negative
sections/calc_p4_s1.jpg,sections/calc_p10_s2.jpg,plain_negative
sections/calc_p4_s1.jpg,sections/calc_p10_s3.jpg,plain_negative
sections/calc_p4_s1.jpg,sections/calc_p10_s4.jpg,plain_negative
sections/calc_p4_s1.jpg,sections/calc_p10_s5.jpg,plain_negative
sections/calc_p4_s1.jpg,sections/calc_p11_s3.jpg,plain_negative
sections/calc_p4_s1.jpg,sections/calc_p11_s4.jpg,plain_negative
sections/calc_p4_s1.jpg,sections/calc_p12_s1.jpg,plain_negative
sections/calc_p4_s1.jpg,sections/calc_p12_s2.jpg,plain_negative
sections/calc_p4_s1.jpg,sections/calc_p12_s3.jpg,plain_negative
sections/calc_p4_s1.jpg,sections/calc_p13_s1.jpg,plain_negative
sections/calc_p4_s1.jpg,sections/calc_p13_s2.jpg,plain_negative
sections/calc_p4_s1.jpg,sections/calc_p13_s3.jpg,plain_negative
sections/calc_p4_s1.jpg,sections/calc_p13_s4.jpg,plain_negative
sections/calc_p4_s1.jpg,sections/calc_p13_s5.jpg,plain_negative
sections/calc_p4_s1.jpg,sections/calc_p13_s6.jpg,plain_negative
sections/calc_p4_s1.jpg,sections/calc_p14_s1.jpg,plain_negative
sections/calc_p4_s1.jpg,sections/calc_p14_s2.jpg,plain_negative
sections/calc_p4_s1.jpg,sections/calc_p14_s3.jpg,plain_negative
sections/calc_p4_s1.jpg,sections/calc_p15_s1.jpg,plain_negative
sections/calc_p4_s1.jpg,sections/calc_p15_s2.jpg,plain_negative
sections/calc_p4_s1.jpg,sections/calc_p17_s1.jpg,plain_negative
sections/calc_p4_s1.jpg,sections/calc_p17_s2.jpg,plain_negative
sections/calc_p4_s1.jpg,sections/calc_p17_s3.jpg,plain_negative
sections/calc_p4_s1.jpg,sections/calc_p17_s4.jpg,plain_negative
sections/calc_p4_s1.jpg,sections/calc_p18_s2.jpg,plain_negative
sections/calc_p4_s1.jpg,sections/calc_p18_s3.jpg,plain_negative
sections/calc_p4_s1.jpg,sections/calc_p18_s4.jpg,plain_negative
sections/calc_p4_s1.jpg,sections/calc_p18_s5.jpg,plain_negative
sections/calc_p4_s1.jpg,sections/calc_p19_s1.jpg,plain_negative
sections/calc_p4_s1.jpg,sections/calc_p19_s2.jpg,plain_negative
sections/calc_p4_s1.jpg,sections/calc_p20_s2.jpg,plain_negative
sections/calc_p4_s1.jpg,sections/calc_p21_s1.jpg,plain_negative
sections/calc_p4_s1.jpg,sections/calc_p21_s2.jpg,plain_negative
sections/calc_p4_s1.jpg,sections/la_p1_s1.jpg,plain_negative
sections/calc_p4_s1.jpg,sections/la_p1_s2.jpg,plain_negative
sections/calc_p4_s1.jpg,sections/la_p1_s3.jpg,plain_negative
sections/calc_p4_s1.jpg,sections/la_p1_s4.jpg,plain_negative
sections/calc_p4_s1.jpg,sections/la_p1_s5.jpg,plain_negative
sections/calc_p4_s1.jpg,sections/la_p2_s1.jpg,plain_negative
sections/calc_p4_s1.jpg,sections/la_p2_s2.jpg,plain_negative
sections/calc_p4_s1.jpg,sections/la_p2_s3.jpg,plain_negative
sections/calc_p4_s1.jpg,sections/la_p2_s4.jpg,plain_negative
sections/calc_p4_s1.jpg,sections/la_p3_s1.jpg,plain_negative
sections/calc_p4_s1.jpg,sections/la_p3_s2.jpg,plain_negative
sections/calc_p4_s1.jpg,sections/la_p3_s3.jpg,plain_negative
sections/calc_p4_s1.jpg,sections/la_p3_s4.jpg,plain_negative
sections/calc_p4_s1.jpg,sections/la_p5_s1.jpg,plain_negative
sections/calc_p4_s1.jpg,sections/la_p5_s2.jpg,plain_negative
sections/calc_p4_s1.jpg,sections/la_p5_s3.jpg,plain_negative
sections/calc_p4_s1.jpg,sections/la_p6_s1.jpg,plain_negative
sections/calc_p4_s1.jpg,sections/la_p6_s3.jpg,plain_negative
sections/calc_p4_s1.jpg,sections/la_p7_s1.jpg,plain_negative
sections/calc_p4_s1.jpg,sections/la_p7_s2.jpg,plain_negative
sections/calc_p4_s1.jpg,sections/la_p7_s3.jpg,plain_negative
sections/calc_p4_s1.jpg,sections/la_p8_s1.jpg,plain_negative
sections/calc_p4_s1.jpg,sections/la_p8_s2.jpg,plain_negative
sections/calc_p4_s1.jpg,sections/la_p8_s3.jpg,plain_negative
sections/calc_p4_s1.jpg,sections/la_p8_s4.jpg,plain_negative
sections/calc_p4_s1.jpg,sections/la_p9_s1.jpg,plain_negative
sections/calc_p4_s1.jpg,sections/la_p9_s2.jpg,plain_negative
sections/calc_p4_s1.jpg,sections/la_p9_s3.jpg,plain_negative
sections/calc_p4_s1.jpg,sections/la_p9_s5.jpg,plain_negative
sections/calc_p4_s1.jpg,sections/la_p10_s1.jpg,plain_negative
sections/calc_p4_s1.jpg,sections/la_p10_s2.jpg,plain_negative
sections/calc_p4_s1.jpg,sections/la_p10_s3.jpg,plain_negative
sections/calc_p4_s1.jpg,sections/la_p10_s4.jpg,plain_negative
sections/calc_p4_s1.jpg,sections/la_p10_s6.jpg,plain_negative
sections/calc_p4_s1.jpg,sections/la_p11_s1.jpg,plain_negative
sections/calc_p4_s1.jpg,sections/la_p11_s2.jpg,plain_negative
sections/calc_p4_s1.jpg,sections/la_p11_s4.jpg,plain_negative
sections/calc_p4_s1.jpg,sections/la_p11_s6.jpg,plain_negative
sections/calc_p4_s1.jpg,sections/la_p12_s1.jpg,plain_negative
sections/calc_p4_s1.jpg,sections/la_p12_s2.jpg,plain_negative
sections/calc_p4_s1.jpg,sections/la_p12_s3.jpg,plain_negative
sections/calc_p4_s1.jpg,sections/la_p13_s1.jpg,plain_negative
sections/calc_p4_s1.jpg,sections/la_p13_s2.jpg,plain_negative
sections/calc_p4_s1.jpg,sections/la_p13_s3.jpg,plain_negative
sections/calc_p4_s1.jpg,sections/la_p13_s4.jpg,plain_negative
sections/calc_p4_s1.jpg,sections/la_p13_s5.jpg,plain_negative
sections/calc_p4_s1.jpg,sections/la_p13_s6.jpg,plain_negative
sections/calc_p4_s1.jpg,sections/la_p14_s1.jpg,plain_negative
sections/calc_p4_s1.jpg,sections/la_p14_s2.jpg,plain_negative
sections/calc_p4_s1.jpg,sections/la_p14_s3.jpg,plain_negative
sections/calc_p4_s1.jpg,sections/la_p14_s4.jpg,plain_negative
sections/calc_p4_s1.jpg,sections/la_p14_s5.jpg,plain_negative
sections/calc_p4_s1.jpg,sections/la_p15_s1.jpg,plain_negative
sections/calc_p4_s1.jpg,sections/la_p15_s2.jpg,plain_negative
sections/calc_p4_s1.jpg,sections/la_p16_s1.jpg,plain_negative
sections/calc_p4_s1.jpg,sections/la_p16_s2.jpg,plain_negative
sections/calc_p4_s1.jpg,sections/la_p16_s3.jpg,plain_negative
sections/calc_p4_s1.jpg,sections/la_p16_s4.jpg,plain_negative
sections/calc_p4_s1.jpg,sections/la_p16_s5.jpg,plain_negative
sections/calc_p4_s1.jpg,sections/la_p17_s1.jpg,plain_negative
sections/calc_p4_s1.jpg,sections/la_p17_s2.jpg,plain_negative
sections/calc_p4_s1.jpg,sections/la_p17_s3.jpg,plain_negative
sections/calc_p4_s1.jpg,sections/la_p17_s4.jpg,plain_negative
sections/calc_p4_s1.jpg,sections/la_p17_s6.jpg,plain_negative
sections/calc_p4_s1.jpg,sections/la_p18_s2.jpg,plain_negative
sections/calc_p4_s1.jpg,sections/la_p18_s4.jpg,plain_negative
sections/calc_p4_s1.jpg,sections/la_p18_s5.jpg,plain_negative
sections/calc_p4_s1.jpg,sections/la_p18_s7.jpg,plain_negative
sections/calc_p4_s1.jpg,sections/la_p19_s1.jpg,plain_negative
sections/calc_p4_s1.jpg,sections/la_p19_s2.jpg,plain_negative
sections/calc_p4_s1.jpg,sections/la_p19_s4.jpg,plain_negative
sections/calc_p4_s2.jpg,sections/calc_p4_s3.jpg,soft_positive
sections/calc_p4_s2.jpg,sections/calc_p4_s4.jpg,soft_positive
sections/calc_p4_s2.jpg,sections/calc_p4_s6.jpg,soft_positive
sections/calc_p4_s2.jpg,sections/calc_p5_s1.jpg,plain_negative
sections/calc_p4_s2.jpg,sections/calc_p5_s2.jpg,plain_negative
sections/calc_p4_s2.jpg,sections/calc_p5_s3.jpg,plain_negative
sections/calc_p4_s2.jpg,sections/calc_p5_s5.jpg,plain_negative
sections/calc_p4_s2.jpg,sections/calc_p6_s1.jpg,plain_negative
sections/calc_p4_s2.jpg,sections/calc_p6_s2.jpg,plain_negative
sections/calc_p4_s2.jpg,sections/calc_p6_s3.jpg,plain_negative
sections/calc_p4_s2.jpg,sections/calc_p6_s4.jpg,plain_negative
sections/calc_p4_s2.jpg,sections/calc_p7_s1.jpg,plain_negative
sections/calc_p4_s2.jpg,sections/calc_p7_s2.jpg,plain_negative
sections/calc_p4_s2.jpg,sections/calc_p7_s4.jpg,plain_negative
sections/calc_p4_s2.jpg,sections/calc_p7_s5.jpg,plain_negative
sections/calc_p4_s2.jpg,sections/calc_p8_s1.jpg,plain_negative
sections/calc_p4_s2.jpg,sections/calc_p8_s2.jpg,plain_negative
sections/calc_p4_s2.jpg,sections/calc_p8_s3.jpg,plain_negative
sections/calc_p4_s2.jpg,sections/calc_p8_s5.jpg,plain_negative
sections/calc_p4_s2.jpg,sections/calc_p9_s1.jpg,plain_negative
sections/calc_p4_s2.jpg,sections/calc_p9_s2.jpg,plain_negative
sections/calc_p4_s2.jpg,sections/calc_p9_s3.jpg,plain_negative
sections/calc_p4_s2.jpg,sections/calc_p9_s4.jpg,plain_negative
sections/calc_p4_s2.jpg,sections/calc_p9_s5.jpg,plain_negative
sections/calc_p4_s2.jpg,sections/calc_p10_s1.jpg,plain_negative
sections/calc_p4_s2.jpg,sections/calc_p10_s2.jpg,plain_negative
sections/calc_p4_s2.jpg,sections/calc_p10_s3.jpg,plain_negative
sections/calc_p4_s2.jpg,sections/calc_p10_s4.jpg,plain_negative
sections/calc_p4_s2.jpg,sections/calc_p10_s5.jpg,plain_negative
sections/calc_p4_s2.jpg,sections/calc_p11_s3.jpg,plain_negative
sections/calc_p4_s2.jpg,sections/calc_p11_s4.jpg,plain_negative
sections/calc_p4_s2.jpg,sections/calc_p12_s1.jpg,plain_negative
sections/calc_p4_s2.jpg,sections/calc_p12_s2.jpg,plain_negative
sections/calc_p4_s2.jpg,sections/calc_p12_s3.jpg,plain_negative
sections/calc_p4_s2.jpg,sections/calc_p13_s1.jpg,plain_negative
sections/calc_p4_s2.jpg,sections/calc_p13_s2.jpg,plain_negative
sections/calc_p4_s2.jpg,sections/calc_p13_s3.jpg,plain_negative
sections/calc_p4_s2.jpg,sections/calc_p13_s4.jpg,plain_negative
sections/calc_p4_s2.jpg,sections/calc_p13_s5.jpg,plain_negative
sections/calc_p4_s2.jpg,sections/calc_p13_s6.jpg,plain_negative
sections/calc_p4_s2.jpg,sections/calc_p14_s1.jpg,plain_negative
sections/calc_p4_s2.jpg,sections/calc_p14_s2.jpg,plain_negative
sections/calc_p4_s2.jpg,sections/calc_p14_s3.jpg,plain_negative
sections/calc_p4_s2.jpg,sections/calc_p15_s1.jpg,plain_negative
sections/calc_p4_s2.jpg,sections/calc_p15_s2.jpg,plain_negative
sections/calc_p4_s2.jpg,sections/calc_p17_s1.jpg,plain_negative
sections/calc_p4_s2.jpg,sections/calc_p17_s2.jpg,plain_negative
sections/calc_p4_s2.jpg,sections/calc_p17_s3.jpg,plain_negative
sections/calc_p4_s2.jpg,sections/calc_p17_s4.jpg,plain_negative
sections/calc_p4_s2.jpg,sections/calc_p18_s2.jpg,plain_negative
sections/calc_p4_s2.jpg,sections/calc_p18_s3.jpg,plain_negative
sections/calc_p4_s2.jpg,sections/calc_p18_s4.jpg,plain_negative
sections/calc_p4_s2.jpg,sections/calc_p18_s5.jpg,plain_negative
sections/calc_p4_s2.jpg,sections/calc_p19_s1.jpg,plain_negative
sections/calc_p4_s2.jpg,sections/calc_p19_s2.jpg,plain_negative
sections/calc_p4_s2.jpg,sections/calc_p20_s2.jpg,plain_negative
sections/calc_p4_s2.jpg,sections/calc_p21_s1.jpg,plain_negative
sections/calc_p4_s2.jpg,sections/calc_p21_s2.jpg,plain_negative
sections/calc_p4_s2.jpg,sections/la_p1_s1.jpg,plain_negative
sections/calc_p4_s2.jpg,sections/la_p1_s2.jpg,plain_negative
sections/calc_p4_s2.jpg,sections/la_p1_s3.jpg,plain_negative
sections/calc_p4_s2.jpg,sections/la_p1_s4.jpg,plain_negative
sections/calc_p4_s2.jpg,sections/la_p1_s5.jpg,plain_negative
sections/calc_p4_s2.jpg,sections/la_p2_s1.jpg,plain_negative
sections/calc_p4_s2.jpg,sections/la_p2_s2.jpg,plain_negative
sections/calc_p4_s2.jpg,sections/la_p2_s3.jpg,plain_negative
sections/calc_p4_s2.jpg,sections/la_p2_s4.jpg,plain_negative
sections/calc_p4_s2.jpg,sections/la_p3_s1.jpg,plain_negative
sections/calc_p4_s2.jpg,sections/la_p3_s2.jpg,plain_negative
sections/calc_p4_s2.jpg,sections/la_p3_s3.jpg,plain_negative
sections/calc_p4_s2.jpg,sections/la_p3_s4.jpg,plain_negative
sections/calc_p4_s2.jpg,sections/la_p5_s1.jpg,plain_negative
sections/calc_p4_s2.jpg,sections/la_p5_s2.jpg,plain_negative
sections/calc_p4_s2.jpg,sections/la_p5_s3.jpg,plain_negative
sections/calc_p4_s2.jpg,sections/la_p6_s1.jpg,plain_negative
sections/calc_p4_s2.jpg,sections/la_p6_s3.jpg,plain_negative
sections/calc_p4_s2.jpg,sections/la_p7_s1.jpg,plain_negative
sections/calc_p4_s2.jpg,sections/la_p7_s2.jpg,plain_negative
sections/calc_p4_s2.jpg,sections/la_p7_s3.jpg,plain_negative
sections/calc_p4_s2.jpg,sections/la_p8_s1.jpg,plain_negative
sections/calc_p4_s2.jpg,sections/la_p8_s2.jpg,plain_negative
sections/calc_p4_s2.jpg,sections/la_p8_s3.jpg,plain_negative
sections/calc_p4_s2.jpg,sections/la_p8_s4.jpg,plain_negative
sections/calc_p4_s2.jpg,sections/la_p9_s1.jpg,plain_negative
sections/calc_p4_s2.jpg,sections/la_p9_s2.jpg,plain_negative
sections/calc_p4_s2.jpg,sections/la_p9_s3.jpg,plain_negative
sections/calc_p4_s2.jpg,sections/la_p9_s5.jpg,plain_negative
sections/calc_p4_s2.jpg,sections/la_p10_s1.jpg,plain_negative
sections/calc_p4_s2.jpg,sections/la_p10_s2.jpg,plain_negative
sections/calc_p4_s2.jpg,sections/la_p10_s3.jpg,plain_negative
sections/calc_p4_s2.jpg,sections/la_p10_s4.jpg,plain_negative
sections/calc_p4_s2.jpg,sections/la_p10_s6.jpg,plain_negative
sections/calc_p4_s2.jpg,sections/la_p11_s1.jpg,plain_negative
sections/calc_p4_s2.jpg,sections/la_p11_s2.jpg,plain_negative
sections/calc_p4_s2.jpg,sections/la_p11_s4.jpg,plain_negative
sections/calc_p4_s2.jpg,sections/la_p11_s6.jpg,plain_negative
sections/calc_p4_s2.jpg,sections/la_p12_s1.jpg,plain_negative
sections/calc_p4_s2.jpg,sections/la_p12_s2.jpg,plain_negative
sections/calc_p4_s2.jpg,sections/la_p12_s3.jpg,plain_negative
sections/calc_p4_s2.jpg,sections/la_p13_s1.jpg,plain_negative
sections/calc_p4_s2.jpg,sections/la_p13_s2.jpg,plain_negative
sections/calc_p4_s2.jpg,sections/la_p13_s3.jpg,plain_negative
sections/calc_p4_s2.jpg,sections/la_p13_s4.jpg,plain_negative
sections/calc_p4_s2.jpg,sections/la_p13_s5.jpg,plain_negative
sections/calc_p4_s2.jpg,sections/la_p13_s6.jpg,plain_negative
sections/calc_p4_s2.jpg,sections/la_p14_s1.jpg,plain_negative
sections/calc_p4_s2.jpg,sections/la_p14_s2.jpg,plain_negative
sections/calc_p4_s2.jpg,sections/la_p14_s3.jpg,plain_negative
sections/calc_p4_s2.jpg,sections/la_p14_s4.jpg,plain_negative
sections/calc_p4_s2.jpg,sections/la_p14_s5.jpg,plain_negative
sections/calc_p4_s2.jpg,sections/la_p15_s1.jpg,plain_negative
sections/calc_p4_s2.jpg,sections/la_p15_s2.jpg,plain_negative
sections/calc_p4_s2.jpg,sections/la_p16_s1.jpg,plain_negative
sections/calc_p4_s2.jpg,sections/la_p16_s2.jpg,plain_negative
sections/calc_p4_s2.jpg,sections/la_p16_s3.jpg,plain_negative
sections/calc_p4_s2.jpg,sections/la_p16_s4.jpg,plain_negative
sections/calc_p4_s2.jpg,sections/la_p16_s5.jpg,plain_negative
sections/calc_p4_s2.jpg,sections/la_p17_s1.jpg,plain_negative
sections/calc_p4_s2.jpg,sections/la_p17_s2.jpg,plain_negative
sections/calc_p4_s2.jpg,sections/la_p17_s3.jpg,plain_negative
sections/calc_p4_s2.jpg,sections/la_p17_s4.jpg,plain_negative
sections/calc_p4_s2.jpg,sections/la_p17_s6.jpg,plain_negative
sections/calc_p4_s2.jpg,sections/la_p18_s2.jpg,plain_negative
sections/calc_p4_s2.jpg,sections/la_p18_s4.jpg,plain_negative
sections/calc_p4_s2.jpg,sections/la_p18_s5.jpg,plain_negative
sections/calc_p4_s2.jpg,sections/la_p18_s7.jpg,plain_negative
sections/calc_p4_s2.jpg,sections/la_p19_s1.jpg,plain_negative
sections/calc_p4_s2.jpg,sections/la_p19_s2.jpg,plain_negative
sections/calc_p4_s2.jpg,sections/la_p19_s4.jpg,plain_negative
sections/calc_p4_s3.jpg,sections/calc_p4_s4.jpg,topic_positive
sections/calc_p4_s3.jpg,sections/calc_p4_s6.jpg,soft_positive
sections/calc_p4_s3.jpg,sections/calc_p5_s1.jpg,plain_negative
sections/calc_p4_s3.jpg,sections/calc_p5_s2.jpg,plain_negative
sections/calc_p4_s3.jpg,sections/calc_p5_s3.jpg,plain_negative
sections/calc_p4_s3.jpg,sections/calc_p5_s5.jpg,plain_negative
sections/calc_p4_s3.jpg,sections/calc_p6_s1.jpg,plain_negative
sections/calc_p4_s3.jpg,sections/calc_p6_s2.jpg,plain_negative
sections/calc_p4_s3.jpg,sections/calc_p6_s3.jpg,plain_negative
sections/calc_p4_s3.jpg,sections/calc_p6_s4.jpg,plain_negative
sections/calc_p4_s3.jpg,sections/calc_p7_s1.jpg,plain_negative
sections/calc_p4_s3.jpg,sections/calc_p7_s2.jpg,plain_negative
sections/calc_p4_s3.jpg,sections/calc_p7_s4.jpg,plain_negative
sections/calc_p4_s3.jpg,sections/calc_p7_s5.jpg,plain_negative
sections/calc_p4_s3.jpg,sections/calc_p8_s1.jpg,plain_negative
sections/calc_p4_s3.jpg,sections/calc_p8_s2.jpg,plain_negative
sections/calc_p4_s3.jpg,sections/calc_p8_s3.jpg,plain_negative
sections/calc_p4_s3.jpg,sections/calc_p8_s5.jpg,plain_negative
sections/calc_p4_s3.jpg,sections/calc_p9_s1.jpg,plain_negative
sections/calc_p4_s3.jpg,sections/calc_p9_s2.jpg,plain_negative
sections/calc_p4_s3.jpg,sections/calc_p9_s3.jpg,plain_negative
sections/calc_p4_s3.jpg,sections/calc_p9_s4.jpg,plain_negative
sections/calc_p4_s3.jpg,sections/calc_p9_s5.jpg,plain_negative
sections/calc_p4_s3.jpg,sections/calc_p10_s1.jpg,plain_negative
sections/calc_p4_s3.jpg,sections/calc_p10_s2.jpg,plain_negative
sections/calc_p4_s3.jpg,sections/calc_p10_s3.jpg,plain_negative
sections/calc_p4_s3.jpg,sections/calc_p10_s4.jpg,plain_negative
sections/calc_p4_s3.jpg,sections/calc_p10_s5.jpg,plain_negative
sections/calc_p4_s3.jpg,sections/calc_p11_s3.jpg,plain_negative
sections/calc_p4_s3.jpg,sections/calc_p11_s4.jpg,plain_negative
sections/calc_p4_s3.jpg,sections/calc_p12_s1.jpg,plain_negative
sections/calc_p4_s3.jpg,sections/calc_p12_s2.jpg,plain_negative
sections/calc_p4_s3.jpg,sections/calc_p12_s3.jpg,plain_negative
sections/calc_p4_s3.jpg,sections/calc_p13_s1.jpg,plain_negative
sections/calc_p4_s3.jpg,sections/calc_p13_s2.jpg,plain_negative
sections/calc_p4_s3.jpg,sections/calc_p13_s3.jpg,plain_negative
sections/calc_p4_s3.jpg,sections/calc_p13_s4.jpg,plain_negative
sections/calc_p4_s3.jpg,sections/calc_p13_s5.jpg,plain_negative
sections/calc_p4_s3.jpg,sections/calc_p13_s6.jpg,plain_negative
sections/calc_p4_s3.jpg,sections/calc_p14_s1.jpg,plain_negative
sections/calc_p4_s3.jpg,sections/calc_p14_s2.jpg,plain_negative
sections/calc_p4_s3.jpg,sections/calc_p14_s3.jpg,plain_negative
sections/calc_p4_s3.jpg,sections/calc_p15_s1.jpg,plain_negative
sections/calc_p4_s3.jpg,sections/calc_p15_s2.jpg,plain_negative
sections/calc_p4_s3.jpg,sections/calc_p17_s1.jpg,plain_negative
sections/calc_p4_s3.jpg,sections/calc_p17_s2.jpg,plain_negative
sections/calc_p4_s3.jpg,sections/calc_p17_s3.jpg,plain_negative
sections/calc_p4_s3.jpg,sections/calc_p17_s4.jpg,plain_negative
sections/calc_p4_s3.jpg,sections/calc_p18_s2.jpg,plain_negative
sections/calc_p4_s3.jpg,sections/calc_p18_s3.jpg,plain_negative
sections/calc_p4_s3.jpg,sections/calc_p18_s4.jpg,plain_negative
sections/calc_p4_s3.jpg,sections/calc_p18_s5.jpg,plain_negative
sections/calc_p4_s3.jpg,sections/calc_p19_s1.jpg,plain_negative
sections/calc_p4_s3.jpg,sections/calc_p19_s2.jpg,plain_negative
sections/calc_p4_s3.jpg,sections/calc_p20_s2.jpg,plain_negative
sections/calc_p4_s3.jpg,sections/calc_p21_s1.jpg,plain_negative
sections/calc_p4_s3.jpg,sections/calc_p21_s2.jpg,plain_negative
sections/calc_p4_s3.jpg,sections/la_p1_s1.jpg,plain_negative
sections/calc_p4_s3.jpg,sections/la_p1_s2.jpg,plain_negative
sections/calc_p4_s3.jpg,sections/la_p1_s3.jpg,plain_negative
sections/calc_p4_s3.jpg,sections/la_p1_s4.jpg,plain_negative
sections/calc_p4_s3.jpg,sections/la_p1_s5.jpg,plain_negative
sections/calc_p4_s3.jpg,sections/la_p2_s1.jpg,plain_negative
sections/calc_p4_s3.jpg,sections/la_p2_s2.jpg,plain_negative
sections/calc_p4_s3.jpg,sections/la_p2_s3.jpg,plain_negative
sections/calc_p4_s3.jpg,sections/la_p2_s4.jpg,plain_negative
sections/calc_p4_s3.jpg,sections/la_p3_s1.jpg,plain_negative
sections/calc_p4_s3.jpg,sections/la_p3_s2.jpg,plain_negative
sections/calc_p4_s3.jpg,sections/la_p3_s3.jpg,plain_negative
sections/calc_p4_s3.jpg,sections/la_p3_s4.jpg,plain_negative
sections/calc_p4_s3.jpg,sections/la_p5_s1.jpg,plain_negative
sections/calc_p4_s3.jpg,sections/la_p5_s2.jpg,plain_negative
sections/calc_p4_s3.jpg,sections/la_p5_s3.jpg,plain_negative
sections/calc_p4_s3.jpg,sections/la_p6_s1.jpg,plain_negative
sections/calc_p4_s3.jpg,sections/la_p6_s3.jpg,plain_negative
sections/calc_p4_s3.jpg,sections/la_p7_s1.jpg,plain_negative
sections/calc_p4_s3.jpg,sections/la_p7_s2.jpg,plain_negative
sections/calc_p4_s3.jpg,sections/la_p7_s3.jpg,plain_negative
sections/calc_p4_s3.jpg,sections/la_p8_s1.jpg,plain_negative
sections/calc_p4_s3.jpg,sections/la_p8_s2.jpg,plain_negative
sections/calc_p4_s3.jpg,sections/la_p8_s3.jpg,plain_negative
sections/calc_p4_s3.jpg,sections/la_p8_s4.jpg,plain_negative
sections/calc_p4_s3.jpg,sections/la_p9_s1.jpg,plain_negative
sections/calc_p4_s3.jpg,sections/la_p9_s2.jpg,plain_negative
sections/calc_p4_s3.jpg,sections/la_p9_s3.jpg,plain_negative
sections/calc_p4_s3.jpg,sections/la_p9_s5.jpg,plain_negative
sections/calc_p4_s3.jpg,sections/la_p10_s1.jpg,plain_negative
sections/calc_p4_s3.jpg,sections/la_p10_s2.jpg,plain_negative
sections/calc_p4_s3.jpg,sections/la_p10_s3.jpg,plain_negative
sections/calc_p4_s3.jpg,sections/la_p10_s4.jpg,plain_negative
sections/calc_p4_s3.jpg,sections/la_p10_s6.jpg,plain_negative
sections/calc_p4_s3.jpg,sections/la_p11_s1.jpg,plain_negative
sections/calc_p4_s3.jpg,sections/la_p11_s2.jpg,plain_negative
sections/calc_p4_s3.jpg,sections/la_p11_s4.jpg,plain_negative
sections/calc_p4_s3.jpg,sections/la_p11_s6.jpg,plain_negative
sections/calc_p4_s3.jpg,sections/la_p12_s1.jpg,plain_negative
sections/calc_p4_s3.jpg,sections/la_p12_s2.jpg,plain_negative
sections/calc_p4_s3.jpg,sections/la_p12_s3.jpg,plain_negative
sections/calc_p4_s3.jpg,sections/la_p13_s1.jpg,plain_negative
sections/calc_p4_s3.jpg,sections/la_p13_s2.jpg,plain_negative
sections/calc_p4_s3.jpg,sections/la_p13_s3.jpg,plain_negative
sections/calc_p4_s3.jpg,sections/la_p13_s4.jpg,plain_negative
sections/calc_p4_s3.jpg,sections/la_p13_s5.jpg,plain_negative
sections/calc_p4_s3.jpg,sections/la_p13_s6.jpg,plain_negative
sections/calc_p4_s3.jpg,sections/la_p14_s1.jpg,plain_negative
sections/calc_p4_s3.jpg,sections/la_p14_s2.jpg,plain_negative
sections/calc_p4_s3.jpg,sections/la_p14_s3.jpg,plain_negative
sections/calc_p4_s3.jpg,sections/la_p14_s4.jpg,plain_negative
sections/calc_p4_s3.jpg,sections/la_p14_s5.jpg,plain_negative
sections/calc_p4_s3.jpg,sections/la_p15_s1.jpg,plain_negative
sections/calc_p4_s3.jpg,sections/la_p15_s2.jpg,plain_negative
sections/calc_p4_s3.jpg,sections/la_p16_s1.jpg,plain_negative
sections/calc_p4_s3.jpg,sections/la_p16_s2.jpg,plain_negative
sections/calc_p4_s3.jpg,sections/la_p16_s3.jpg,plain_negative
sections/calc_p4_s3.jpg,sections/la_p16_s4.jpg,plain_negative
sections/calc_p4_s3.jpg,sections/la_p16_s5.jpg,plain_negative
sections/calc_p4_s3.jpg,sections/la_p17_s1.jpg,plain_negative
sections/calc_p4_s3.jpg,sections/la_p17_s2.jpg,plain_negative
sections/calc_p4_s3.jpg,sections/la_p17_s3.jpg,plain_negative
sections/calc_p4_s3.jpg,sections/la_p17_s4.jpg,plain_negative
sections/calc_p4_s3.jpg,sections/la_p17_s6.jpg,plain_negative
sections/calc_p4_s3.jpg,sections/la_p18_s2.jpg,plain_negative
sections/calc_p4_s3.jpg,sections/la_p18_s4.jpg,plain_negative
sections/calc_p4_s3.jpg,sections/la_p18_s5.jpg,plain_negative
sections/calc_p4_s3.jpg,sections/la_p18_s7.jpg,plain_negative
sections/calc_p4_s3.jpg,sections/la_p19_s1.jpg,plain_negative
sections/calc_p4_s3.jpg,sections/la_p19_s2.jpg,plain_negative
sections/calc_p4_s3.jpg,sections/la_p19_s4.jpg,plain_negative
sections/calc_p4_s4.jpg,sections/calc_p4_s6.jpg,soft_positive
sections/calc_p4_s4.jpg,sections/calc_p5_s1.jpg,plain_negative
sections/calc_p4_s4.jpg,sections/calc_p5_s2.jpg,plain_negative
sections/calc_p4_s4.jpg,sections/calc_p5_s3.jpg,plain_negative
sections/calc_p4_s4.jpg,sections/calc_p5_s5.jpg,plain_negative
sections/calc_p4_s4.jpg,sections/calc_p6_s1.jpg,plain_negative
sections/calc_p4_s4.jpg,sections/calc_p6_s2.jpg,plain_negative
sections/calc_p4_s4.jpg,sections/calc_p6_s3.jpg,plain_negative
sections/calc_p4_s4.jpg,sections/calc_p6_s4.jpg,plain_negative
sections/calc_p4_s4.jpg,sections/calc_p7_s1.jpg,plain_negative
sections/calc_p4_s4.jpg,sections/calc_p7_s2.jpg,plain_negative
sections/calc_p4_s4.jpg,sections/calc_p7_s4.jpg,plain_negative
sections/calc_p4_s4.jpg,sections/calc_p7_s5.jpg,plain_negative
sections/calc_p4_s4.jpg,sections/calc_p8_s1.jpg,plain_negative
sections/calc_p4_s4.jpg,sections/calc_p8_s2.jpg,plain_negative
sections/calc_p4_s4.jpg,sections/calc_p8_s3.jpg,plain_negative
sections/calc_p4_s4.jpg,sections/calc_p8_s5.jpg,plain_negative
sections/calc_p4_s4.jpg,sections/calc_p9_s1.jpg,plain_negative
sections/calc_p4_s4.jpg,sections/calc_p9_s2.jpg,plain_negative
sections/calc_p4_s4.jpg,sections/calc_p9_s3.jpg,plain_negative
sections/calc_p4_s4.jpg,sections/calc_p9_s4.jpg,plain_negative
sections/calc_p4_s4.jpg,sections/calc_p9_s5.jpg,plain_negative
sections/calc_p4_s4.jpg,sections/calc_p10_s1.jpg,plain_negative
sections/calc_p4_s4.jpg,sections/calc_p10_s2.jpg,plain_negative
sections/calc_p4_s4.jpg,sections/calc_p10_s3.jpg,plain_negative
sections/calc_p4_s4.jpg,sections/calc_p10_s4.jpg,plain_negative
sections/calc_p4_s4.jpg,sections/calc_p10_s5.jpg,plain_negative
sections/calc_p4_s4.jpg,sections/calc_p11_s3.jpg,plain_negative
sections/calc_p4_s4.jpg,sections/calc_p11_s4.jpg,plain_negative
sections/calc_p4_s4.jpg,sections/calc_p12_s1.jpg,plain_negative
sections/calc_p4_s4.jpg,sections/calc_p12_s2.jpg,plain_negative
sections/calc_p4_s4.jpg,sections/calc_p12_s3.jpg,plain_negative
sections/calc_p4_s4.jpg,sections/calc_p13_s1.jpg,plain_negative
sections/calc_p4_s4.jpg,sections/calc_p13_s2.jpg,plain_negative
sections/calc_p4_s4.jpg,sections/calc_p13_s3.jpg,plain_negative
sections/calc_p4_s4.jpg,sections/calc_p13_s4.jpg,plain_negative
sections/calc_p4_s4.jpg,sections/calc_p13_s5.jpg,plain_negative
sections/calc_p4_s4.jpg,sections/calc_p13_s6.jpg,plain_negative
sections/calc_p4_s4.jpg,sections/calc_p14_s1.jpg,plain_negative
sections/calc_p4_s4.jpg,sections/calc_p14_s2.jpg,plain_negative
sections/calc_p4_s4.jpg,sections/calc_p14_s3.jpg,plain_negative
sections/calc_p4_s4.jpg,sections/calc_p15_s1.jpg,plain_negative
sections/calc_p4_s4.jpg,sections/calc_p15_s2.jpg,plain_negative
sections/calc_p4_s4.jpg,sections/calc_p17_s1.jpg,plain_negative
sections/calc_p4_s4.jpg,sections/calc_p17_s2.jpg,plain_negative
sections/calc_p4_s4.jpg,sections/calc_p17_s3.jpg,plain_negative
sections/calc_p4_s4.jpg,sections/calc_p17_s4.jpg,plain_negative
sections/calc_p4_s4.jpg,sections/calc_p18_s2.jpg,plain_negative
sections/calc_p4_s4.jpg,sections/calc_p18_s3.jpg,plain_negative
sections/calc_p4_s4.jpg,sections/calc_p18_s4.jpg,plain_negative
sections/calc_p4_s4.jpg,sections/calc_p18_s5.jpg,plain_negative
sections/calc_p4_s4.jpg,sections/calc_p19_s1.jpg,plain_negative
sections/calc_p4_s4.jpg,sections/calc_p19_s2.jpg,plain_negative
sections/calc_p4_s4.jpg,sections/calc_p20_s2.jpg,plain_negative
sections/calc_p4_s4.jpg,sections/calc_p21_s1.jpg,plain_negative
sections/calc_p4_s4.jpg,sections/calc_p21_s2.jpg,plain_negative
sections/calc_p4_s4.jpg,sections/la_p1_s1.jpg,plain_negative
sections/calc_p4_s4.jpg,sections/la_p1_s2.jpg,plain_negative
sections/calc_p4_s4.jpg,sections/la_p1_s3.jpg,plain_negative
sections/calc_p4_s4.jpg,sections/la_p1_s4.jpg,plain_negative
sections/calc_p4_s4.jpg,sections/la_p1_s5.jpg,plain_negative
sections/calc_p4_s4.jpg,sections/la_p2_s1.jpg,plain_negative
sections/calc_p4_s4.jpg,sections/la_p2_s2.jpg,plain_negative
sections/calc_p4_s4.jpg,sections/la_p2_s3.jpg,plain_negative
sections/calc_p4_s4.jpg,sections/la_p2_s4.jpg,plain_negative
sections/calc_p4_s4.jpg,sections/la_p3_s1.jpg,plain_negative
sections/calc_p4_s4.jpg,sections/la_p3_s2.jpg,plain_negative
sections/calc_p4_s4.jpg,sections/la_p3_s3.jpg,plain_negative
sections/calc_p4_s4.jpg,sections/la_p3_s4.jpg,plain_negative
sections/calc_p4_s4.jpg,sections/la_p5_s1.jpg,plain_negative
sections/calc_p4_s4.jpg,sections/la_p5_s2.jpg,plain_negative
sections/calc_p4_s4.jpg,sections/la_p5_s3.jpg,plain_negative
sections/calc_p4_s4.jpg,sections/la_p6_s1.jpg,plain_negative
sections/calc_p4_s4.jpg,sections/la_p6_s3.jpg,plain_negative
sections/calc_p4_s4.jpg,sections/la_p7_s1.jpg,plain_negative
sections/calc_p4_s4.jpg,sections/la_p7_s2.jpg,plain_negative
sections/calc_p4_s4.jpg,sections/la_p7_s3.jpg,plain_negative
sections/calc_p4_s4.jpg,sections/la_p8_s1.jpg,plain_negative
sections/calc_p4_s4.jpg,sections/la_p8_s2.jpg,plain_negative
sections/calc_p4_s4.jpg,sections/la_p8_s3.jpg,plain_negative
sections/calc_p4_s4.jpg,sections/la_p8_s4.jpg,plain_negative
sections/calc_p4_s4.jpg,sections/la_p9_s1.jpg,plain_negative
sections/calc_p4_s4.jpg,sections/la_p9_s2.jpg,plain_negative
sections/calc_p4_s4.jpg,sections/la_p9_s3.jpg,plain_negative
sections/calc_p4_s4.jpg,sections/la_p9_s5.jpg,plain_negative
sections/calc_p4_s4.jpg,sections/la_p10_s1.jpg,plain_negative
sections/calc_p4_s4.jpg,sections/la_p10_s2.jpg,plain_negative
sections/calc_p4_s4.jpg,sections/la_p10_s3.jpg,plain_negative
sections/calc_p4_s4.jpg,sections/la_p10_s4.jpg,plain_negative
sections/calc_p4_s4.jpg,sections/la_p10_s6.jpg,plain_negative
sections/calc_p4_s4.jpg,sections/la_p11_s1.jpg,plain_negative
sections/calc_p4_s4.jpg,sections/la_p11_s2.jpg,plain_negative
sections/calc_p4_s4.jpg,sections/la_p11_s4.jpg,plain_negative
sections/calc_p4_s4.jpg,sections/la_p11_s6.jpg,plain_negative
sections/calc_p4_s4.jpg,sections/la_p12_s1.jpg,plain_negative
sections/calc_p4_s4.jpg,sections/la_p12_s2.jpg,plain_negative
sections/calc_p4_s4.jpg,sections/la_p12_s3.jpg,plain_negative
sections/calc_p4_s4.jpg,sections/la_p13_s1.jpg,plain_negative
sections/calc_p4_s4.jpg,sections/la_p13_s2.jpg,plain_negative
sections/calc_p4_s4.jpg,sections/la_p13_s3.jpg,plain_negative
sections/calc_p4_s4.jpg,sections/la_p13_s4.jpg,plain_negative
sections/calc_p4_s4.jpg,sections/la_p13_s5.jpg,plain_negative
sections/calc_p4_s4.jpg,sections/la_p13_s6.jpg,plain_negative
sections/calc_p4_s4.jpg,sections/la_p14_s1.jpg,plain_negative
sections/calc_p4_s4.jpg,sections/la_p14_s2.jpg,plain_negative
sections/calc_p4_s4.jpg,sections/la_p14_s3.jpg,plain_negative
sections/calc_p4_s4.jpg,sections/la_p14_s4.jpg,plain_negative
sections/calc_p4_s4.jpg,sections/la_p14_s5.jpg,plain_negative
sections/calc_p4_s4.jpg,sections/la_p15_s1.jpg,plain_negative
sections/calc_p4_s4.jpg,sections/la_p15_s2.jpg,plain_negative
sections/calc_p4_s4.jpg,sections/la_p16_s1.jpg,plain_negative
sections/calc_p4_s4.jpg,sections/la_p16_s2.jpg,plain_negative
sections/calc_p4_s4.jpg,sections/la_p16_s3.jpg,plain_negative
sections/calc_p4_s4.jpg,sections/la_p16_s4.jpg,plain_negative
sections/calc_p4_s4.jpg,sections/la_p16_s5.jpg,plain_negative
sections/calc_p4_s4.jpg,sections/la_p17_s1.jpg,plain_negative
sections/calc_p4_s4.jpg,sections/la_p17_s2.jpg,plain_negative
sections/calc_p4_s4.jpg,sections/la_p17_s3.jpg,plain_negative
sections/calc_p4_s4.jpg,sections/la_p17_s4.jpg,plain_negative
sections/calc_p4_s4.jpg,sections/la_p17_s6.jpg,plain_negative
sections/calc_p4_s4.jpg,sections/la_p18_s2.jpg,plain_negative
sections/calc_p4_s4.jpg,sections/la_p18_s4.jpg,plain_negative
sections/calc_p4_s4.jpg,sections/la_p18_s5.jpg,plain_negative
sections/calc_p4_s4.jpg,sections/la_p18_s7.jpg,plain_negative
sections/calc_p4_s4.jpg,sections/la_p19_s1.jpg,plain_negative
sections/calc_p4_s4.jpg,sections/la_p19_s2.jpg,plain_negative
sections/calc_p4_s4.jpg,sections/la_p19_s4.jpg,plain_negative
sections/calc_p4_s6.jpg,sections/calc_p5_s1.jpg,plain_negative
sections/calc_p4_s6.jpg,sections/calc_p5_s2.jpg,plain_negative
sections/calc_p4_s6.jpg,sections/calc_p5_s3.jpg,plain_negative
sections/calc_p4_s6.jpg,sections/calc_p5_s5.jpg,plain_negative
sections/calc_p4_s6.jpg,sections/calc_p6_s1.jpg,plain_negative
sections/calc_p4_s6.jpg,sections/calc_p6_s2.jpg,plain_negative
sections/calc_p4_s6.jpg,sections/calc_p6_s3.jpg,plain_negative
sections/calc_p4_s6.jpg,sections/calc_p6_s4.jpg,plain_negative
sections/calc_p4_s6.jpg,sections/calc_p7_s1.jpg,plain_negative
sections/calc_p4_s6.jpg,sections/calc_p7_s2.jpg,plain_negative
sections/calc_p4_s6.jpg,sections/calc_p7_s4.jpg,plain_negative
sections/calc_p4_s6.jpg,sections/calc_p7_s5.jpg,plain_negative
sections/calc_p4_s6.jpg,sections/calc_p8_s1.jpg,plain_negative
sections/calc_p4_s6.jpg,sections/calc_p8_s2.jpg,plain_negative
sections/calc_p4_s6.jpg,sections/calc_p8_s3.jpg,plain_negative
sections/calc_p4_s6.jpg,sections/calc_p8_s5.jpg,plain_negative
sections/calc_p4_s6.jpg,sections/calc_p9_s1.jpg,plain_negative
sections/calc_p4_s6.jpg,sections/calc_p9_s2.jpg,plain_negative
sections/calc_p4_s6.jpg,sections/calc_p9_s3.jpg,plain_negative
sections/calc_p4_s6.jpg,sections/calc_p9_s4.jpg,plain_negative
sections/calc_p4_s6.jpg,sections/calc_p9_s5.jpg,plain_negative
sections/calc_p4_s6.jpg,sections/calc_p10_s1.jpg,plain_negative
sections/calc_p4_s6.jpg,sections/calc_p10_s2.jpg,plain_negative
sections/calc_p4_s6.jpg,sections/calc_p10_s3.jpg,plain_negative
sections/calc_p4_s6.jpg,sections/calc_p10_s4.jpg,plain_negative
sections/calc_p4_s6.jpg,sections/calc_p10_s5.jpg,plain_negative
sections/calc_p4_s6.jpg,sections/calc_p11_s3.jpg,plain_negative
sections/calc_p4_s6.jpg,sections/calc_p11_s4.jpg,plain_negative
sections/calc_p4_s6.jpg,sections/calc_p12_s1.jpg,plain_negative
sections/calc_p4_s6.jpg,sections/calc_p12_s2.jpg,plain_negative
sections/calc_p4_s6.jpg,sections/calc_p12_s3.jpg,plain_negative
sections/calc_p4_s6.jpg,sections/calc_p13_s1.jpg,plain_negative
sections/calc_p4_s6.jpg,sections/calc_p13_s2.jpg,plain_negative
sections/calc_p4_s6.jpg,sections/calc_p13_s3.jpg,plain_negative
sections/calc_p4_s6.jpg,sections/calc_p13_s4.jpg,plain_negative
sections/calc_p4_s6.jpg,sections/calc_p13_s5.jpg,plain_negative
sections/calc_p4_s6.jpg,sections/calc_p13_s6.jpg,plain_negative
sections/calc_p4_s6.jpg,sections/calc_p14_s1.jpg,plain_negative
sections/calc_p4_s6.jpg,sections/calc_p14_s2.jpg,plain_negative
sections/calc_p4_s6.jpg,sections/calc_p14_s3.jpg,plain_negative
sections/calc_p4_s6.jpg,sections/calc_p15_s1.jpg,plain_negative
sections/calc_p4_s6.jpg,sections/calc_p15_s2.jpg,plain_negative
sections/calc_p4_s6.jpg,sections/calc_p17_s1.jpg,plain_negative
sections/calc_p4_s6.jpg,sections/calc_p17_s2.jpg,plain_negative
sections/calc_p4_s6.jpg,sections/calc_p17_s3.jpg,plain_negative
sections/calc_p4_s6.jpg,sections/calc_p17_s4.jpg,plain_negative
sections/calc_p4_s6.jpg,sections/calc_p18_s2.jpg,plain_negative
sections/calc_p4_s6.jpg,sections/calc_p18_s3.jpg,plain_negative
sections/calc_p4_s6.jpg,sections/calc_p18_s4.jpg,plain_negative
sections/calc_p4_s6.jpg,sections/calc_p18_s5.jpg,plain_negative
sections/calc_p4_s6.jpg,sections/calc_p19_s1.jpg,plain_negative
sections/calc_p4_s6.jpg,sections/calc_p19_s2.jpg,plain_negative
sections/calc_p4_s6.jpg,sections/calc_p20_s2.jpg,plain_negative
sections/calc_p4_s6.jpg,sections/calc_p21_s1.jpg,plain_negative
sections/calc_p4_s6.jpg,sections/calc_p21_s2.jpg,plain_negative
sections/calc_p4_s6.jpg,sections/la_p1_s1.jpg,plain_negative
sections/calc_p4_s6.jpg,sections/la_p1_s2.jpg,plain_negative
sections/calc_p4_s6.jpg,sections/la_p1_s3.jpg,plain_negative
sections/calc_p4_s6.jpg,sections/la_p1_s4.jpg,plain_negative
sections/calc_p4_s6.jpg,sections/la_p1_s5.jpg,plain_negative
sections/calc_p4_s6.jpg,sections/la_p2_s1.jpg,plain_negative
sections/calc_p4_s6.jpg,sections/la_p2_s2.jpg,plain_negative
sections/calc_p4_s6.jpg,sections/la_p2_s3.jpg,plain_negative
sections/calc_p4_s6.jpg,sections/la_p2_s4.jpg,plain_negative
sections/calc_p4_s6.jpg,sections/la_p3_s1.jpg,plain_negative
sections/calc_p4_s6.jpg,sections/la_p3_s2.jpg,plain_negative
sections/calc_p4_s6.jpg,sections/la_p3_s3.jpg,plain_negative
sections/calc_p4_s6.jpg,sections/la_p3_s4.jpg,plain_negative
sections/calc_p4_s6.jpg,sections/la_p5_s1.jpg,plain_negative
sections/calc_p4_s6.jpg,sections/la_p5_s2.jpg,plain_negative
sections/calc_p4_s6.jpg,sections/la_p5_s3.jpg,plain_negative
sections/calc_p4_s6.jpg,sections/la_p6_s1.jpg,plain_negative
sections/calc_p4_s6.jpg,sections/la_p6_s3.jpg,plain_negative
sections/calc_p4_s6.jpg,sections/la_p7_s1.jpg,plain_negative
sections/calc_p4_s6.jpg,sections/la_p7_s2.jpg,plain_negative
sections/calc_p4_s6.jpg,sections/la_p7_s3.jpg,plain_negative
sections/calc_p4_s6.jpg,sections/la_p8_s1.jpg,plain_negative
sections/calc_p4_s6.jpg,sections/la_p8_s2.jpg,plain_negative
sections/calc_p4_s6.jpg,sections/la_p8_s3.jpg,plain_negative
sections/calc_p4_s6.jpg,sections/la_p8_s4.jpg,plain_negative
sections/calc_p4_s6.jpg,sections/la_p9_s1.jpg,plain_negative
sections/calc_p4_s6.jpg,sections/la_p9_s2.jpg,plain_negative
sections/calc_p4_s6.jpg,sections/la_p9_s3.jpg,plain_negative
sections/calc_p4_s6.jpg,sections/la_p9_s5.jpg,plain_negative
sections/calc_p4_s6.jpg,sections/la_p10_s1.jpg,plain_negative
sections/calc_p4_s6.jpg,sections/la_p10_s2.jpg,plain_negative
sections/calc_p4_s6.jpg,sections/la_p10_s3.jpg,plain_negative
sections/calc_p4_s6.jpg,sections/la_p10_s4.jpg,plain_negative
sections/calc_p4_s6.jpg,sections/la_p10_s6.jpg,plain_negative
sections/calc_p4_s6.jpg,sections/la_p11_s1.jpg,plain_negative
sections/calc_p4_s6.jpg,sections/la_p11_s2.jpg,plain_negative
sections/calc_p4_s6.jpg,sections/la_p11_s4.jpg,plain_negative
sections/calc_p4_s6.jpg,sections/la_p11_s6.jpg,plain_negative
sections/calc_p4_s6.jpg,sections/la_p12_s1.jpg,plain_negative
sections/calc_p4_s6.jpg,sections/la_p12_s2.jpg,plain_negative
sections/calc_p4_s6.jpg,sections/la_p12_s3.jpg,plain_negative
sections/calc_p4_s6.jpg,sections/la_p13_s1.jpg,plain_negative
sections/calc_p4_s6.jpg,sections/la_p13_s2.jpg,plain_negative
sections/calc_p4_s6.jpg,sections/la_p13_s3.jpg,plain_negative
sections/calc_p4_s6.jpg,sections/la_p13_s4.jpg,plain_negative
sections/calc_p4_s6.jpg,sections/la_p13_s5.jpg,plain_negative
sections/calc_p4_s6.jpg,sections/la_p13_s6.jpg,plain_negative
sections/calc_p4_s6.jpg,sections/la_p14_s1.jpg,plain_negative
sections/calc_p4_s6.jpg,sections/la_p14_s2.jpg,plain_negative
sections/calc_p4_s6.jpg,sections/la_p14_s3.jpg,plain_negative
sections/calc_p4_s6.jpg,sections/la_p14_s4.jpg,plain_negative
sections/calc_p4_s6.jpg,sections/la_p14_s5.jpg,plain_negative
sections/calc_p4_s6.jpg,sections/la_p15_s1.jpg,plain_negative
sections/calc_p4_s6.jpg,sections/la_p15_s2.jpg,plain_negative
sections/calc_p4_s6.jpg,sections/la_p16_s1.jpg,plain_negative
sections/calc_p4_s6.jpg,sections/la_p16_s2.jpg,plain_negative
sections/calc_p4_s6.jpg,sections/la_p16_s3.jpg,plain_negative
sections/calc_p4_s6.jpg,sections/la_p16_s4.jpg,plain_negative
sections/calc_p4_s6.jpg,sections/la_p16_s5.jpg,plain_negative
sections/calc_p4_s6.jpg,sections/la_p17_s1.jpg,plain_negative
sections/calc_p4_s6.jpg,sections/la_p17_s2.jpg,plain_negative
sections/calc_p4_s6.jpg,sections/la_p17_s3.jpg,plain_negative
sections/calc_p4_s6.jpg,sections/la_p17_s4.jpg,plain_negative
sections/calc_p4_s6.jpg,sections/la_p17_s6.jpg,plain_negative
sections/calc_p4_s6.jpg,sections/la_p18_s2.jpg,plain_negative
sections/calc_p4_s6.jpg,sections/la_p18_s4.jpg,plain_negative
sections/calc_p4_s6.jpg,sections/la_p18_s5.jpg,plain_negative
sections/calc_p4_s6.jpg,sections/la_p18_s7.jpg,plain_negative
sections/calc_p4_s6.jpg,sections/la_p19_s1.jpg,plain_negative
sections/calc_p4_s6.jpg,sections/la_p19_s2.jpg,plain_negative
sections/calc_p4_s6.jpg,sections/la_p19_s4.jpg,plain_negative
sections/calc_p5_s1.jpg,sections/calc_p5_s2.jpg,soft_positive
sections/calc_p5_s1.jpg,sections/calc_p5_s3.jpg,soft_positive
sections/calc_p5_s1.jpg,sections/calc_p5_s5.jpg,soft_positive
sections/calc_p5_s1.jpg,sections/calc_p6_s1.jpg,topic_positive
sections/calc_p5_s1.jpg,sections/calc_p6_s2.jpg,topic_positive
sections/calc_p5_s1.jpg,sections/calc_p6_s3.jpg,soft_positive
sections/calc_p5_s1.jpg,sections/calc_p6_s4.jpg,plain_negative
sections/calc_p5_s1.jpg,sections/calc_p7_s1.jpg,soft_positive
sections/calc_p5_s1.jpg,sections/calc_p7_s2.jpg,soft_positive
sections/calc_p5_s1.jpg,sections/calc_p7_s4.jpg,hard_negative
sections/calc_p5_s1.jpg,sections/calc_p7_s5.jpg,hard_negative
sections/calc_p5_s1.jpg,sections/calc_p8_s1.jpg,plain_negative
sections/calc_p5_s1.jpg,sections/calc_p8_s2.jpg,plain_negative
sections/calc_p5_s1.jpg,sections/calc_p8_s3.jpg,plain_negative
sections/calc_p5_s1.jpg,sections/calc_p8_s5.jpg,plain_negative
sections/calc_p5_s1.jpg,sections/calc_p9_s1.jpg,plain_negative
sections/calc_p5_s1.jpg,sections/calc_p9_s2.jpg,plain_negative
sections/calc_p5_s1.jpg,sections/calc_p9_s3.jpg,plain_negative
sections/calc_p5_s1.jpg,sections/calc_p9_s4.jpg,plain_negative
sections/calc_p5_s1.jpg,sections/calc_p9_s5.jpg,plain_negative
sections/calc_p5_s1.jpg,sections/calc_p10_s1.jpg,plain_negative
sections/calc_p5_s1.jpg,sections/calc_p10_s2.jpg,plain_negative
sections/calc_p5_s1.jpg,sections/calc_p10_s3.jpg,plain_negative
sections/calc_p5_s1.jpg,sections/calc_p10_s4.jpg,plain_negative
sections/calc_p5_s1.jpg,sections/calc_p10_s5.jpg,plain_negative
sections/calc_p5_s1.jpg,sections/calc_p11_s3.jpg,plain_negative
sections/calc_p5_s1.jpg,sections/calc_p11_s4.jpg,plain_negative
sections/calc_p5_s1.jpg,sections/calc_p12_s1.jpg,plain_negative
sections/calc_p5_s1.jpg,sections/calc_p12_s2.jpg,plain_negative
sections/calc_p5_s1.jpg,sections/calc_p12_s3.jpg,plain_negative
sections/calc_p5_s1.jpg,sections/calc_p13_s1.jpg,plain_negative
sections/calc_p5_s1.jpg,sections/calc_p13_s2.jpg,plain_negative
sections/calc_p5_s1.jpg,sections/calc_p13_s3.jpg,plain_negative
sections/calc_p5_s1.jpg,sections/calc_p13_s4.jpg,plain_negative
sections/calc_p5_s1.jpg,sections/calc_p13_s5.jpg,plain_negative
sections/calc_p5_s1.jpg,sections/calc_p13_s6.jpg,plain_negative
sections/calc_p5_s1.jpg,sections/calc_p14_s1.jpg,plain_negative
sections/calc_p5_s1.jpg,sections/calc_p14_s2.jpg,plain_negative
sections/calc_p5_s1.jpg,sections/calc_p14_s3.jpg,plain_negative
sections/calc_p5_s1.jpg,sections/calc_p15_s1.jpg,plain_negative
sections/calc_p5_s1.jpg,sections/calc_p15_s2.jpg,plain_negative
sections/calc_p5_s1.jpg,sections/calc_p17_s1.jpg,plain_negative
sections/calc_p5_s1.jpg,sections/calc_p17_s2.jpg,plain_negative
sections/calc_p5_s1.jpg,sections/calc_p17_s3.jpg,plain_negative
sections/calc_p5_s1.jpg,sections/calc_p17_s4.jpg,plain_negative
sections/calc_p5_s1.jpg,sections/calc_p18_s2.jpg,plain_negative
sections/calc_p5_s1.jpg,sections/calc_p18_s3.jpg,plain_negative
sections/calc_p5_s1.jpg,sections/calc_p18_s4.jpg,plain_negative
sections/calc_p5_s1.jpg,sections/calc_p18_s5.jpg,plain_negative
sections/calc_p5_s1.jpg,sections/calc_p19_s1.jpg,plain_negative
sections/calc_p5_s1.jpg,sections/calc_p19_s2.jpg,plain_negative
sections/calc_p5_s1.jpg,sections/calc_p20_s2.jpg,hard_negative
sections/calc_p5_s1.jpg,sections/calc_p21_s1.jpg,hard_negative
sections/calc_p5_s1.jpg,sections/calc_p21_s2.jpg,hard_negative
sections/calc_p5_s1.jpg,sections/la_p1_s1.jpg,plain_negative
sections/calc_p5_s1.jpg,sections/la_p1_s2.jpg,plain_negative
sections/calc_p5_s1.jpg,sections/la_p1_s3.jpg,plain_negative
sections/calc_p5_s1.jpg,sections/la_p1_s4.jpg,plain_negative
sections/calc_p5_s1.jpg,sections/la_p1_s5.jpg,plain_negative
sections/calc_p5_s1.jpg,sections/la_p2_s1.jpg,plain_negative
sections/calc_p5_s1.jpg,sections/la_p2_s2.jpg,plain_negative
sections/calc_p5_s1.jpg,sections/la_p2_s3.jpg,plain_negative
sections/calc_p5_s1.jpg,sections/la_p2_s4.jpg,plain_negative
sections/calc_p5_s1.jpg,sections/la_p3_s1.jpg,plain_negative
sections/calc_p5_s1.jpg,sections/la_p3_s2.jpg,plain_negative
sections/calc_p5_s1.jpg,sections/la_p3_s3.jpg,plain_negative
sections/calc_p5_s1.jpg,sections/la_p3_s4.jpg,plain_negative
sections/calc_p5_s1.jpg,sections/la_p5_s1.jpg,plain_negative
sections/calc_p5_s1.jpg,sections/la_p5_s2.jpg,plain_negative
sections/calc_p5_s1.jpg,sections/la_p5_s3.jpg,plain_negative
sections/calc_p5_s1.jpg,sections/la_p6_s1.jpg,plain_negative
sections/calc_p5_s1.jpg,sections/la_p6_s3.jpg,plain_negative
sections/calc_p5_s1.jpg,sections/la_p7_s1.jpg,plain_negative
sections/calc_p5_s1.jpg,sections/la_p7_s2.jpg,plain_negative
sections/calc_p5_s1.jpg,sections/la_p7_s3.jpg,plain_negative
sections/calc_p5_s1.jpg,sections/la_p8_s1.jpg,plain_negative
sections/calc_p5_s1.jpg,sections/la_p8_s2.jpg,plain_negative
sections/calc_p5_s1.jpg,sections/la_p8_s3.jpg,plain_negative
sections/calc_p5_s1.jpg,sections/la_p8_s4.jpg,plain_negative
sections/calc_p5_s1.jpg,sections/la_p9_s1.jpg,plain_negative
sections/calc_p5_s1.jpg,sections/la_p9_s2.jpg,plain_negative
sections/calc_p5_s1.jpg,sections/la_p9_s3.jpg,plain_negative
sections/calc_p5_s1.jpg,sections/la_p9_s5.jpg,plain_negative
sections/calc_p5_s1.jpg,sections/la_p10_s1.jpg,plain_negative
sections/calc_p5_s1.jpg,sections/la_p10_s2.jpg,plain_negative
sections/calc_p5_s1.jpg,sections/la_p10_s3.jpg,plain_negative
sections/calc_p5_s1.jpg,sections/la_p10_s4.jpg,plain_negative
sections/calc_p5_s1.jpg,sections/la_p10_s6.jpg,plain_negative
sections/calc_p5_s1.jpg,sections/la_p11_s1.jpg,plain_negative
sections/calc_p5_s1.jpg,sections/la_p11_s2.jpg,plain_negative
sections/calc_p5_s1.jpg,sections/la_p11_s4.jpg,plain_negative
sections/calc_p5_s1.jpg,sections/la_p11_s6.jpg,plain_negative
sections/calc_p5_s1.jpg,sections/la_p12_s1.jpg,plain_negative
sections/calc_p5_s1.jpg,sections/la_p12_s2.jpg,plain_negative
sections/calc_p5_s1.jpg,sections/la_p12_s3.jpg,plain_negative
sections/calc_p5_s1.jpg,sections/la_p13_s1.jpg,plain_negative
sections/calc_p5_s1.jpg,sections/la_p13_s2.jpg,plain_negative
sections/calc_p5_s1.jpg,sections/la_p13_s3.jpg,plain_negative
sections/calc_p5_s1.jpg,sections/la_p13_s4.jpg,plain_negative
sections/calc_p5_s1.jpg,sections/la_p13_s5.jpg,plain_negative
sections/calc_p5_s1.jpg,sections/la_p13_s6.jpg,plain_negative
sections/calc_p5_s1.jpg,sections/la_p14_s1.jpg,plain_negative
sections/calc_p5_s1.jpg,sections/la_p14_s2.jpg,plain_negative
sections/calc_p5_s1.jpg,sections/la_p14_s3.jpg,plain_negative
sections/calc_p5_s1.jpg,sections/la_p14_s4.jpg,plain_negative
sections/calc_p5_s1.jpg,sections/la_p14_s5.jpg,plain_negative
sections/calc_p5_s1.jpg,sections/la_p15_s1.jpg,plain_negative
sections/calc_p5_s1.jpg,sections/la_p15_s2.jpg,plain_negative
sections/calc_p5_s1.jpg,sections/la_p16_s1.jpg,plain_negative
sections/calc_p5_s1.jpg,sections/la_p16_s2.jpg,plain_negative
sections/calc_p5_s1.jpg,sections/la_p16_s3.jpg,plain_negative
sections/calc_p5_s1.jpg,sections/la_p16_s4.jpg,plain_negative
sections/calc_p5_s1.jpg,sections/la_p16_s5.jpg,plain_negative
sections/calc_p5_s1.jpg,sections/la_p17_s1.jpg,plain_negative
sections/calc_p5_s1.jpg,sections/la_p17_s2.jpg,plain_negative
sections/calc_p5_s1.jpg,sections/la_p17_s3.jpg,plain_negative
sections/calc_p5_s1.jpg,sections/la_p17_s4.jpg,plain_negative
sections/calc_p5_s1.jpg,sections/la_p17_s6.jpg,plain_negative
sections/calc_p5_s1.jpg,sections/la_p18_s2.jpg,plain_negative
sections/calc_p5_s1.jpg,sections/la_p18_s4.jpg,plain_negative
sections/calc_p5_s1.jpg,sections/la_p18_s5.jpg,plain_negative
sections/calc_p5_s1.jpg,sections/la_p18_s7.jpg,plain_negative
sections/calc_p5_s1.jpg,sections/la_p19_s1.jpg,plain_negative
sections/calc_p5_s1.jpg,sections/la_p19_s2.jpg,plain_negative
sections/calc_p5_s1.jpg,sections/la_p19_s4.jpg,plain_negative
sections/calc_p5_s2.jpg,sections/calc_p5_s3.jpg,soft_positive
sections/calc_p5_s2.jpg,sections/calc_p5_s5.jpg,soft_positive
sections/calc_p5_s2.jpg,sections/calc_p6_s1.jpg,soft_positive
sections/calc_p5_s2.jpg,sections/calc_p6_s2.jpg,soft_positive
sections/calc_p5_s2.jpg,sections/calc_p6_s3.jpg,topic_positive
sections/calc_p5_s2.jpg,sections/calc_p6_s4.jpg,plain_negative
sections/calc_p5_s2.jpg,sections/calc_p7_s1.jpg,topic_positive
sections/calc_p5_s2.jpg,sections/calc_p7_s2.jpg,soft_positive
sections/calc_p5_s2.jpg,sections/calc_p7_s4.jpg,hard_negative
sections/calc_p5_s2.jpg,sections/calc_p7_s5.jpg,hard_negative
sections/calc_p5_s2.jpg,sections/calc_p8_s1.jpg,plain_negative
sections/calc_p5_s2.jpg,sections/calc_p8_s2.jpg,plain_negative
sections/calc_p5_s2.jpg,sections/calc_p8_s3.jpg,plain_negative
sections/calc_p5_s2.jpg,sections/calc_p8_s5.jpg,plain_negative
sections/calc_p5_s2.jpg,sections/calc_p9_s1.jpg,plain_negative
sections/calc_p5_s2.jpg,sections/calc_p9_s2.jpg,plain_negative
sections/calc_p5_s2.jpg,sections/calc_p9_s3.jpg,plain_negative
sections/calc_p5_s2.jpg,sections/calc_p9_s4.jpg,plain_negative
sections/calc_p5_s2.jpg,sections/calc_p9_s5.jpg,plain_negative
sections/calc_p5_s2.jpg,sections/calc_p10_s1.jpg,plain_negative
sections/calc_p5_s2.jpg,sections/calc_p10_s2.jpg,plain_negative
sections/calc_p5_s2.jpg,sections/calc_p10_s3.jpg,plain_negative
sections/calc_p5_s2.jpg,sections/calc_p10_s4.jpg,plain_negative
sections/calc_p5_s2.jpg,sections/calc_p10_s5.jpg,plain_negative
sections/calc_p5_s2.jpg,sections/calc_p11_s3.jpg,plain_negative
sections/calc_p5_s2.jpg,sections/calc_p11_s4.jpg,plain_negative
sections/calc_p5_s2.jpg,sections/calc_p12_s1.jpg,plain_negative
sections/calc_p5_s2.jpg,sections/calc_p12_s2.jpg,plain_negative
sections/calc_p5_s2.jpg,sections/calc_p12_s3.jpg,plain_negative
sections/calc_p5_s2.jpg,sections/calc_p13_s1.jpg,plain_negative
sections/calc_p5_s2.jpg,sections/calc_p13_s2.jpg,plain_negative
sections/calc_p5_s2.jpg,sections/calc_p13_s3.jpg,plain_negative
sections/calc_p5_s2.jpg,sections/calc_p13_s4.jpg,plain_negative
sections/calc_p5_s2.jpg,sections/calc_p13_s5.jpg,plain_negative
sections/calc_p5_s2.jpg,sections/calc_p13_s6.jpg,plain_negative
sections/calc_p5_s2.jpg,sections/calc_p14_s1.jpg,plain_negative
sections/calc_p5_s2.jpg,sections/calc_p14_s2.jpg,plain_negative
sections/calc_p5_s2.jpg,sections/calc_p14_s3.jpg,plain_negative
sections/calc_p5_s2.jpg,sections/calc_p15_s1.jpg,plain_negative
sections/calc_p5_s2.jpg,sections/calc_p15_s2.jpg,plain_negative
sections/calc_p5_s2.jpg,sections/calc_p17_s1.jpg,plain_negative
sections/calc_p5_s2.jpg,sections/calc_p17_s2.jpg,plain_negative
sections/calc_p5_s2.jpg,sections/calc_p17_s3.jpg,plain_negative
sections/calc_p5_s2.jpg,sections/calc_p17_s4.jpg,plain_negative
sections/calc_p5_s2.jpg,sections/calc_p18_s2.jpg,plain_negative
sections/calc_p5_s2.jpg,sections/calc_p18_s3.jpg,plain_negative
sections/calc_p5_s2.jpg,sections/calc_p18_s4.jpg,plain_negative
sections/calc_p5_s2.jpg,sections/calc_p18_s5.jpg,plain_negative
sections/calc_p5_s2.jpg,sections/calc_p19_s1.jpg,plain_negative
sections/calc_p5_s2.jpg,sections/calc_p19_s2.jpg,plain_negative
sections/calc_p5_s2.jpg,sections/calc_p20_s2.jpg,hard_negative
sections/calc_p5_s2.jpg,sections/calc_p21_s1.jpg,hard_negative
sections/calc_p5_s2.jpg,sections/calc_p21_s2.jpg,hard_negative
sections/calc_p5_s2.jpg,sections/la_p1_s1.jpg,plain_negative
sections/calc_p5_s2.jpg,sections/la_p1_s2.jpg,plain_negative
sections/calc_p5_s2.jpg,sections/la_p1_s3.jpg,plain_negative
sections/calc_p5_s2.jpg,sections/la_p1_s4.jpg,plain_negative
sections/calc_p5_s2.jpg,sections/la_p1_s5.jpg,plain_negative
sections/calc_p5_s2.jpg,sections/la_p2_s1.jpg,plain_negative
sections/calc_p5_s2.jpg,sections/la_p2_s2.jpg,plain_negative
sections/calc_p5_s2.jpg,sections/la_p2_s3.jpg,plain_negative
sections/calc_p5_s2.jpg,sections/la_p2_s4.jpg,plain_negative
sections/calc_p5_s2.jpg,sections/la_p3_s1.jpg,plain_negative
sections/calc_p5_s2.jpg,sections/la_p3_s2.jpg,plain_negative
sections/calc_p5_s2.jpg,sections/la_p3_s3.jpg,plain_negative
sections/calc_p5_s2.jpg,sections/la_p3_s4.jpg,plain_negative
sections/calc_p5_s2.jpg,sections/la_p5_s1.jpg,plain_negative
sections/calc_p5_s2.jpg,sections/la_p5_s2.jpg,plain_negative
sections/calc_p5_s2.jpg,sections/la_p5_s3.jpg,plain_negative
sections/calc_p5_s2.jpg,sections/la_p6_s1.jpg,plain_negative
sections/calc_p5_s2.jpg,sections/la_p6_s3.jpg,plain_negative
sections/calc_p5_s2.jpg,sections/la_p7_s1.jpg,plain_negative
sections/calc_p5_s2.jpg,sections/la_p7_s2.jpg,plain_negative
sections/calc_p5_s2.jpg,sections/la_p7_s3.jpg,plain_negative
sections/calc_p5_s2.jpg,sections/la_p8_s1.jpg,plain_negative
sections/calc_p5_s2.jpg,sections/la_p8_s2.jpg,plain_negative
sections/calc_p5_s2.jpg,sections/la_p8_s3.jpg,plain_negative
sections/calc_p5_s2.jpg,sections/la_p8_s4.jpg,plain_negative
sections/calc_p5_s2.jpg,sections/la_p9_s1.jpg,plain_negative
sections/calc_p5_s2.jpg,sections/la_p9_s2.jpg,plain_negative
sections/calc_p5_s2.jpg,sections/la_p9_s3.jpg,plain_negative
sections/calc_p5_s2.jpg,sections/la_p9_s5.jpg,plain_negative
sections/calc_p5_s2.jpg,sections/la_p10_s1.jpg,plain_negative
sections/calc_p5_s2.jpg,sections/la_p10_s2.jpg,plain_negative
sections/calc_p5_s2.jpg,sections/la_p10_s3.jpg,plain_negative
sections/calc_p5_s2.jpg,sections/la_p10_s4.jpg,plain_negative
sections/calc_p5_s2.jpg,sections/la_p10_s6.jpg,plain_negative
sections/calc_p5_s2.jpg,sections/la_p11_s1.jpg,plain_negative
sections/calc_p5_s2.jpg,sections/la_p11_s2.jpg,plain_negative
sections/calc_p5_s2.jpg,sections/la_p11_s4.jpg,plain_negative
sections/calc_p5_s2.jpg,sections/la_p11_s6.jpg,plain_negative
sections/calc_p5_s2.jpg,sections/la_p12_s1.jpg,plain_negative
sections/calc_p5_s2.jpg,sections/la_p12_s2.jpg,plain_negative
sections/calc_p5_s2.jpg,sections/la_p12_s3.jpg,plain_negative
sections/calc_p5_s2.jpg,sections/la_p13_s1.jpg,plain_negative
sections/calc_p5_s2.jpg,sections/la_p13_s2.jpg,plain_negative
sections/calc_p5_s2.jpg,sections/la_p13_s3.jpg,plain_negative
sections/calc_p5_s2.jpg,sections/la_p13_s4.jpg,plain_negative
sections/calc_p5_s2.jpg,sections/la_p13_s5.jpg,plain_negative
sections/calc_p5_s2.jpg,sections/la_p13_s6.jpg,plain_negative
sections/calc_p5_s2.jpg,sections/la_p14_s1.jpg,plain_negative
sections/calc_p5_s2.jpg,sections/la_p14_s2.jpg,plain_negative
sections/calc_p5_s2.jpg,sections/la_p14_s3.jpg,plain_negative
sections/calc_p5_s2.jpg,sections/la_p14_s4.jpg,plain_negative
sections/calc_p5_s2.jpg,sections/la_p14_s5.jpg,plain_negative
sections/calc_p5_s2.jpg,sections/la_p15_s1.jpg,plain_negative
sections/calc_p5_s2.jpg,sections/la_p15_s2.jpg,plain_negative
sections/calc_p5_s2.jpg,sections/la_p16_s1.jpg,plain_negative
sections/calc_p5_s2.jpg,sections/la_p16_s2.jpg,plain_negative
sections/calc_p5_s2.jpg,sections/la_p16_s3.jpg,plain_negative
sections/calc_p5_s2.jpg,sections/la_p16_s4.jpg,plain_negative
sections/calc_p5_s2.jpg,sections/la_p16_s5.jpg,plain_negative
sections/calc_p5_s2.jpg,sections/la_p17_s1.jpg,plain_negative
sections/calc_p5_s2.jpg,sections/la_p17_s2.jpg,plain_negative
sections/calc_p5_s2.jpg,sections/la_p17_s3.jpg,plain_negative
sections/calc_p5_s2.jpg,sections/la_p17_s4.jpg,plain_negative
sections/calc_p5_s2.jpg,sections/la_p17_s6.jpg,plain_negative
sections/calc_p5_s2.jpg,sections/la_p18_s2.jpg,plain_negative
sections/calc_p5_s2.jpg,sections/la_p18_s4.jpg,plain_negative
sections/calc_p5_s2.jpg,sections/la_p18_s5.jpg,plain_negative
sections/calc_p5_s2.jpg,sections/la_p18_s7.jpg,plain_negative
sections/calc_p5_s2.jpg,sections/la_p19_s1.jpg,plain_negative
sections/calc_p5_s2.jpg,sections/la_p19_s2.jpg,plain_negative
sections/calc_p5_s2.jpg,sections/la_p19_s4.jpg,plain_negative
sections/calc_p5_s3.jpg,sections/calc_p5_s5.jpg,topic_positive
sections/calc_p5_s3.jpg,sections/calc_p6_s1.jpg,soft_positive
sections/calc_p5_s3.jpg,sections/calc_p6_s2.jpg,soft_positive
sections/calc_p5_s3.jpg,sections/calc_p6_s3.jpg,soft_positive
sections/calc_p5_s3.jpg,sections/calc_p6_s4.jpg,plain_negative
sections/calc_p5_s3.jpg,sections/calc_p7_s1.jpg,soft_positive
sections/calc_p5_s3.jpg,sections/calc_p7_s2.jpg,topic_positive
sections/calc_p5_s3.jpg,sections/calc_p7_s4.jpg,plain_negative
sections/calc_p5_s3.jpg,sections/calc_p7_s5.jpg,plain_negative
sections/calc_p5_s3.jpg,sections/calc_p8_s1.jpg,plain_negative
sections/calc_p5_s3.jpg,sections/calc_p8_s2.jpg,plain_negative
sections/calc_p5_s3.jpg,sections/calc_p8_s3.jpg,plain_negative
sections/calc_p5_s3.jpg,sections/calc_p8_s5.jpg,plain_negative
sections/calc_p5_s3.jpg,sections/calc_p9_s1.jpg,plain_negative
sections/calc_p5_s3.jpg,sections/calc_p9_s2.jpg,plain_negative
sections/calc_p5_s3.jpg,sections/calc_p9_s3.jpg,plain_negative
sections/calc_p5_s3.jpg,sections/calc_p9_s4.jpg,plain_negative
sections/calc_p5_s3.jpg,sections/calc_p9_s5.jpg,plain_negative
sections/calc_p5_s3.jpg,sections/calc_p10_s1.jpg,plain_negative
sections/calc_p5_s3.jpg,sections/calc_p10_s2.jpg,plain_negative
sections/calc_p5_s3.jpg,sections/calc_p10_s3.jpg,plain_negative
sections/calc_p5_s3.jpg,sections/calc_p10_s4.jpg,plain_negative
sections/calc_p5_s3.jpg,sections/calc_p10_s5.jpg,plain_negative
sections/calc_p5_s3.jpg,sections/calc_p11_s3.jpg,plain_negative
sections/calc_p5_s3.jpg,sections/calc_p11_s4.jpg,plain_negative
sections/calc_p5_s3.jpg,sections/calc_p12_s1.jpg,plain_negative
sections/calc_p5_s3.jpg,sections/calc_p12_s2.jpg,plain_negative
sections/calc_p5_s3.jpg,sections/calc_p12_s3.jpg,plain_negative
sections/calc_p5_s3.jpg,sections/calc_p13_s1.jpg,plain_negative
sections/calc_p5_s3.jpg,sections/calc_p13_s2.jpg,plain_negative
sections/calc_p5_s3.jpg,sections/calc_p13_s3.jpg,plain_negative
sections/calc_p5_s3.jpg,sections/calc_p13_s4.jpg,plain_negative
sections/calc_p5_s3.jpg,sections/calc_p13_s5.jpg,plain_negative
sections/calc_p5_s3.jpg,sections/calc_p13_s6.jpg,plain_negative
sections/calc_p5_s3.jpg,sections/calc_p14_s1.jpg,plain_negative
sections/calc_p5_s3.jpg,sections/calc_p14_s2.jpg,plain_negative
sections/calc_p5_s3.jpg,sections/calc_p14_s3.jpg,plain_negative
sections/calc_p5_s3.jpg,sections/calc_p15_s1.jpg,plain_negative
sections/calc_p5_s3.jpg,sections/calc_p15_s2.jpg,plain_negative
sections/calc_p5_s3.jpg,sections/calc_p17_s1.jpg,plain_negative
sections/calc_p5_s3.jpg,sections/calc_p17_s2.jpg,plain_negative
sections/calc_p5_s3.jpg,sections/calc_p17_s3.jpg,plain_negative
sections/calc_p5_s3.jpg,sections/calc_p17_s4.jpg,plain_negative
sections/calc_p5_s3.jpg,sections/calc_p18_s2.jpg,plain_negative
sections/calc_p5_s3.jpg,sections/calc_p18_s3.jpg,plain_negative
sections/calc_p5_s3.jpg,sections/calc_p18_s4.jpg,plain_negative
sections/calc_p5_s3.jpg,sections/calc_p18_s5.jpg,plain_negative
sections/calc_p5_s3.jpg,sections/calc_p19_s1.jpg,plain_negative
sections/calc_p5_s3.jpg,sections/calc_p19_s2.jpg,plain_negative
sections/calc_p5_s3.jpg,sections/calc_p20_s2.jpg,plain_negative
sections/calc_p5_s3.jpg,sections/calc_p21_s1.jpg,plain_negative
sections/calc_p5_s3.jpg,sections/calc_p21_s2.jpg,plain_negative
sections/calc_p5_s3.jpg,sections/la_p1_s1.jpg,plain_negative
sections/calc_p5_s3.jpg,sections/la_p1_s2.jpg,plain_negative
sections/calc_p5_s3.jpg,sections/la_p1_s3.jpg,plain_negative
sections/calc_p5_s3.jpg,sections/la_p1_s4.jpg,plain_negative
sections/calc_p5_s3.jpg,sections/la_p1_s5.jpg,plain_negative
sections/calc_p5_s3.jpg,sections/la_p2_s1.jpg,plain_negative
sections/calc_p5_s3.jpg,sections/la_p2_s2.jpg,plain_negative
sections/calc_p5_s3.jpg,sections/la_p2_s3.jpg,plain_negative
sections/calc_p5_s3.jpg,sections/la_p2_s4.jpg,plain_negative
sections/calc_p5_s3.jpg,sections/la_p3_s1.jpg,plain_negative
sections/calc_p5_s3.jpg,sections/la_p3_s2.jpg,plain_negative
sections/calc_p5_s3.jpg,sections/la_p3_s3.jpg,plain_negative
sections/calc_p5_s3.jpg,sections/la_p3_s4.jpg,plain_negative
sections/calc_p5_s3.jpg,sections/la_p5_s1.jpg,plain_negative
sections/calc_p5_s3.jpg,sections/la_p5_s2.jpg,plain_negative
sections/calc_p5_s3.jpg,sections/la_p5_s3.jpg,plain_negative
sections/calc_p5_s3.jpg,sections/la_p6_s1.jpg,plain_negative
sections/calc_p5_s3.jpg,sections/la_p6_s3.jpg,plain_negative
sections/calc_p5_s3.jpg,sections/la_p7_s1.jpg,plain_negative
sections/calc_p5_s3.jpg,sections/la_p7_s2.jpg,plain_negative
sections/calc_p5_s3.jpg,sections/la_p7_s3.jpg,plain_negative
sections/calc_p5_s3.jpg,sections/la_p8_s1.jpg,plain_negative
sections/calc_p5_s3.jpg,sections/la_p8_s2.jpg,plain_negative
sections/calc_p5_s3.jpg,sections/la_p8_s3.jpg,plain_negative
sections/calc_p5_s3.jpg,sections/la_p8_s4.jpg,plain_negative
sections/calc_p5_s3.jpg,sections/la_p9_s1.jpg,plain_negative
sections/calc_p5_s3.jpg,sections/la_p9_s2.jpg,plain_negative
sections/calc_p5_s3.jpg,sections/la_p9_s3.jpg,plain_negative
sections/calc_p5_s3.jpg,sections/la_p9_s5.jpg,plain_negative
sections/calc_p5_s3.jpg,sections/la_p10_s1.jpg,plain_negative
sections/calc_p5_s3.jpg,sections/la_p10_s2.jpg,plain_negative
sections/calc_p5_s3.jpg,sections/la_p10_s3.jpg,plain_negative
sections/calc_p5_s3.jpg,sections/la_p10_s4.jpg,plain_negative
sections/calc_p5_s3.jpg,sections/la_p10_s6.jpg,plain_negative
sections/calc_p5_s3.jpg,sections/la_p11_s1.jpg,plain_negative
sections/calc_p5_s3.jpg,sections/la_p11_s2.jpg,plain_negative
sections/calc_p5_s3.jpg,sections/la_p11_s4.jpg,plain_negative
sections/calc_p5_s3.jpg,sections/la_p11_s6.jpg,plain_negative
sections/calc_p5_s3.jpg,sections/la_p12_s1.jpg,plain_negative
sections/calc_p5_s3.jpg,sections/la_p12_s2.jpg,plain_negative
sections/calc_p5_s3.jpg,sections/la_p12_s3.jpg,plain_negative
sections/calc_p5_s3.jpg,sections/la_p13_s1.jpg,plain_negative
sections/calc_p5_s3.jpg,sections/la_p13_s2.jpg,plain_negative
sections/calc_p5_s3.jpg,sections/la_p13_s3.jpg,plain_negative
sections/calc_p5_s3.jpg,sections/la_p13_s4.jpg,plain_negative
sections/calc_p5_s3.jpg,sections/la_p13_s5.jpg,plain_negative
sections/calc_p5_s3.jpg,sections/la_p13_s6.jpg,plain_negative
sections/calc_p5_s3.jpg,sections/la_p14_s1.jpg,plain_negative
sections/calc_p5_s3.jpg,sections/la_p14_s2.jpg,plain_negative
sections/calc_p5_s3.jpg,sections/la_p14_s3.jpg,plain_negative
sections/calc_p5_s3.jpg,sections/la_p14_s4.jpg,plain_negative
sections/calc_p5_s3.jpg,sections/la_p14_s5.jpg,plain_negative
sections/calc_p5_s3.jpg,sections/la_p15_s1.jpg,plain_negative
sections/calc_p5_s3.jpg,sections/la_p15_s2.jpg,plain_negative
sections/calc_p5_s3.jpg,sections/la_p16_s1.jpg,plain_negative
sections/calc_p5_s3.jpg,sections/la_p16_s2.jpg,plain_negative
sections/calc_p5_s3.jpg,sections/la_p16_s3.jpg,plain_negative
sections/calc_p5_s3.jpg,sections/la_p16_s4.jpg,plain_negative
sections/calc_p5_s3.jpg,sections/la_p16_s5.jpg,plain_negative
sections/calc_p5_s3.jpg,sections/la_p17_s1.jpg,plain_negative
sections/calc_p5_s3.jpg,sections/la_p17_s2.jpg,plain_negative
sections/calc_p5_s3.jpg,sections/la_p17_s3.jpg,plain_negative
sections/calc_p5_s3.jpg,sections/la_p17_s4.jpg,plain_negative
sections/calc_p5_s3.jpg,sections/la_p17_s6.jpg,plain_negative
sections/calc_p5_s3.jpg,sections/la_p18_s2.jpg,plain_negative
sections/calc_p5_s3.jpg,sections/la_p18_s4.jpg,plain_negative
sections/calc_p5_s3.jpg,sections/la_p18_s5.jpg,plain_negative
sections/calc_p5_s3.jpg,sections/la_p18_s7.jpg,plain_negative
sections/calc_p5_s3.jpg,sections/la_p19_s1.jpg,plain_negative
sections/calc_p5_s3.jpg,sections/la_p19_s2.jpg,plain_negative
sections/calc_p5_s3.jpg,sections/la_p19_s4.jpg,plain_negative
sections/calc_p5_s5.jpg,sections/calc_p6_s1.jpg,soft_positive
sections/calc_p5_s5.jpg,sections/calc_p6_s2.jpg,soft_positive
sections/calc_p5_s5.jpg,sections/calc_p6_s3.jpg,soft_positive
sections/calc_p5_s5.jpg,sections/calc_p6_s4.jpg,plain_negative
sections/calc_p5_s5.jpg,sections/calc_p7_s1.jpg,soft_positive
sections/calc_p5_s5.jpg,sections/calc_p7_s2.jpg,topic_positive
sections/calc_p5_s5.jpg,sections/calc_p7_s4.jpg,plain_negative
sections/calc_p5_s5.jpg,sections/calc_p7_s5.jpg,plain_negative
sections/calc_p5_s5.jpg,sections/calc_p8_s1.jpg,plain_negative
sections/calc_p5_s5.jpg,sections/calc_p8_s2.jpg,plain_negative
sections/calc_p5_s5.jpg,sections/calc_p8_s3.jpg,plain_negative
sections/calc_p5_s5.jpg,sections/calc_p8_s5.jpg,plain_negative
sections/calc_p5_s5.jpg,sections/calc_p9_s1.jpg,plain_negative
sections/calc_p5_s5.jpg,sections/calc_p9_s2.jpg,plain_negative
sections/calc_p5_s5.jpg,sections/calc_p9_s3.jpg,plain_negative
sections/calc_p5_s5.jpg,sections/calc_p9_s4.jpg,plain_negative
sections/calc_p5_s5.jpg,sections/calc_p9_s5.jpg,plain_negative
sections/calc_p5_s5.jpg,sections/calc_p10_s1.jpg,plain_negative
sections/calc_p5_s5.jpg,sections/calc_p10_s2.jpg,plain_negative
sections/calc_p5_s5.jpg,sections/calc_p10_s3.jpg,plain_negative
sections/calc_p5_s5.jpg,sections/calc_p10_s4.jpg,plain_negative
sections/calc_p5_s5.jpg,sections/calc_p10_s5.jpg,plain_negative
sections/calc_p5_s5.jpg,sections/calc_p11_s3.jpg,plain_negative
sections/calc_p5_s5.jpg,sections/calc_p11_s4.jpg,plain_negative
sections/calc_p5_s5.jpg,sections/calc_p12_s1.jpg,plain_negative
sections/calc_p5_s5.jpg,sections/calc_p12_s2.jpg,plain_negative
sections/calc_p5_s5.jpg,sections/calc_p12_s3.jpg,plain_negative
sections/calc_p5_s5.jpg,sections/calc_p13_s1.jpg,plain_negative
sections/calc_p5_s5.jpg,sections/calc_p13_s2.jpg,plain_negative
sections/calc_p5_s5.jpg,sections/calc_p13_s3.jpg,plain_negative
sections/calc_p5_s5.jpg,sections/calc_p13_s4.jpg,plain_negative
sections/calc_p5_s5.jpg,sections/calc_p13_s5.jpg,plain_negative
sections/calc_p5_s5.jpg,sections/calc_p13_s6.jpg,plain_negative
sections/calc_p5_s5.jpg,sections/calc_p14_s1.jpg,plain_negative
sections/calc_p5_s5.jpg,sections/calc_p14_s2.jpg,plain_negative
sections/calc_p5_s5.jpg,sections/calc_p14_s3.jpg,plain_negative
sections/calc_p5_s5.jpg,sections/calc_p15_s1.jpg,plain_negative
sections/calc_p5_s5.jpg,sections/calc_p15_s2.jpg,plain_negative
sections/calc_p5_s5.jpg,sections/calc_p17_s1.jpg,plain_negative
sections/calc_p5_s5.jpg,sections/calc_p17_s2.jpg,plain_negative
sections/calc_p5_s5.jpg,sections/calc_p17_s3.jpg,plain_negative
sections/calc_p5_s5.jpg,sections/calc_p17_s4.jpg,plain_negative
sections/calc_p5_s5.jpg,sections/calc_p18_s2.jpg,plain_negative
sections/calc_p5_s5.jpg,sections/calc_p18_s3.jpg,plain_negative
sections/calc_p5_s5.jpg,sections/calc_p18_s4.jpg,plain_negative
sections/calc_p5_s5.jpg,sections/calc_p18_s5.jpg,plain_negative
sections/calc_p5_s5.jpg,sections/calc_p19_s1.jpg,plain_negative
sections/calc_p5_s5.jpg,sections/calc_p19_s2.jpg,plain_negative
sections/calc_p5_s5.jpg,sections/calc_p20_s2.jpg,plain_negative
sections/calc_p5_s5.jpg,sections/calc_p21_s1.jpg,plain_negative
sections/calc_p5_s5.jpg,sections/calc_p21_s2.jpg,plain_negative
sections/calc_p5_s5.jpg,sections/la_p1_s1.jpg,plain_negative
sections/calc_p5_s5.jpg,sections/la_p1_s2.jpg,plain_negative
sections/calc_p5_s5.jpg,sections/la_p1_s3.jpg,plain_negative
sections/calc_p5_s5.jpg,sections/la_p1_s4.jpg,plain_negative
sections/calc_p5_s5.jpg,sections/la_p1_s5.jpg,plain_negative
sections/calc_p5_s5.jpg,sections/la_p2_s1.jpg,plain_negative
sections/calc_p5_s5.jpg,sections/la_p2_s2.jpg,plain_negative
sections/calc_p5_s5.jpg,sections/la_p2_s3.jpg,plain_negative
sections/calc_p5_s5.jpg,sections/la_p2_s4.jpg,plain_negative
sections/calc_p5_s5.jpg,sections/la_p3_s1.jpg,plain_negative
sections/calc_p5_s5.jpg,sections/la_p3_s2.jpg,plain_negative
sections/calc_p5_s5.jpg,sections/la_p3_s3.jpg,plain_negative
sections/calc_p5_s5.jpg,sections/la_p3_s4.jpg,plain_negative
sections/calc_p5_s5.jpg,sections/la_p5_s1.jpg,plain_negative
sections/calc_p5_s5.jpg,sections/la_p5_s2.jpg,plain_negative
sections/calc_p5_s5.jpg,sections/la_p5_s3.jpg,plain_negative
sections/calc_p5_s5.jpg,sections/la_p6_s1.jpg,plain_negative
sections/calc_p5_s5.jpg,sections/la_p6_s3.jpg,plain_negative
sections/calc_p5_s5.jpg,sections/la_p7_s1.jpg,plain_negative
sections/calc_p5_s5.jpg,sections/la_p7_s2.jpg,plain_negative
sections/calc_p5_s5.jpg,sections/la_p7_s3.jpg,plain_negative
sections/calc_p5_s5.jpg,sections/la_p8_s1.jpg,plain_negative
sections/calc_p5_s5.jpg,sections/la_p8_s2.jpg,plain_negative
sections/calc_p5_s5.jpg,sections/la_p8_s3.jpg,plain_negative
sections/calc_p5_s5.jpg,sections/la_p8_s4.jpg,plain_negative
sections/calc_p5_s5.jpg,sections/la_p9_s1.jpg,plain_negative
sections/calc_p5_s5.jpg,sections/la_p9_s2.jpg,plain_negative
sections/calc_p5_s5.jpg,sections/la_p9_s3.jpg,plain_negative
sections/calc_p5_s5.jpg,sections/la_p9_s5.jpg,plain_negative
sections/calc_p5_s5.jpg,sections/la_p10_s1.jpg,plain_negative
sections/calc_p5_s5.jpg,sections/la_p10_s2.jpg,plain_negative
sections/calc_p5_s5.jpg,sections/la_p10_s3.jpg,plain_negative
sections/calc_p5_s5.jpg,sections/la_p10_s4.jpg,plain_negative
sections/calc_p5_s5.jpg,sections/la_p10_s6.jpg,plain_negative
sections/calc_p5_s5.jpg,sections/la_p11_s1.jpg,plain_negative
sections/calc_p5_s5.jpg,sections/la_p11_s2.jpg,plain_negative
sections/calc_p5_s5.jpg,sections/la_p11_s4.jpg,plain_negative
sections/calc_p5_s5.jpg,sections/la_p11_s6.jpg,plain_negative
sections/calc_p5_s5.jpg,sections/la_p12_s1.jpg,plain_negative
sections/calc_p5_s5.jpg,sections/la_p12_s2.jpg,plain_negative
sections/calc_p5_s5.jpg,sections/la_p12_s3.jpg,plain_negative
sections/calc_p5_s5.jpg,sections/la_p13_s1.jpg,plain_negative
sections/calc_p5_s5.jpg,sections/la_p13_s2.jpg,plain_negative
sections/calc_p5_s5.jpg,sections/la_p13_s3.jpg,plain_negative
sections/calc_p5_s5.jpg,sections/la_p13_s4.jpg,plain_negative
sections/calc_p5_s5.jpg,sections/la_p13_s5.jpg,plain_negative
sections/calc_p5_s5.jpg,sections/la_p13_s6.jpg,plain_negative
sections/calc_p5_s5.jpg,sections/la_p14_s1.jpg,plain_negative
sections/calc_p5_s5.jpg,sections/la_p14_s2.jpg,plain_negative
sections/calc_p5_s5.jpg,sections/la_p14_s3.jpg,plain_negative
sections/calc_p5_s5.jpg,sections/la_p14_s4.jpg,plain_negative
sections/calc_p5_s5.jpg,sections/la_p14_s5.jpg,plain_negative
sections/calc_p5_s5.jpg,sections/la_p15_s1.jpg,plain_negative
sections/calc_p5_s5.jpg,sections/la_p15_s2.jpg,plain_negative
sections/calc_p5_s5.jpg,sections/la_p16_s1.jpg,plain_negative
sections/calc_p5_s5.jpg,sections/la_p16_s2.jpg,plain_negative
sections/calc_p5_s5.jpg,sections/la_p16_s3.jpg,plain_negative
sections/calc_p5_s5.jpg,sections/la_p16_s4.jpg,plain_negative
sections/calc_p5_s5.jpg,sections/la_p16_s5.jpg,plain_negative
sections/calc_p5_s5.jpg,sections/la_p17_s1.jpg,plain_negative
sections/calc_p5_s5.jpg,sections/la_p17_s2.jpg,plain_negative
sections/calc_p5_s5.jpg,sections/la_p17_s3.jpg,plain_negative
sections/calc_p5_s5.jpg,sections/la_p17_s4.jpg,plain_negative
sections/calc_p5_s5.jpg,sections/la_p17_s6.jpg,plain_negative
sections/calc_p5_s5.jpg,sections/la_p18_s2.jpg,plain_negative
sections/calc_p5_s5.jpg,sections/la_p18_s4.jpg,plain_negative
sections/calc_p5_s5.jpg,sections/la_p18_s5.jpg,plain_negative
sections/calc_p5_s5.jpg,sections/la_p18_s7.jpg,plain_negative
sections/calc_p5_s5.jpg,sections/la_p19_s1.jpg,plain_negative
sections/calc_p5_s5.jpg,sections/la_p19_s2.jpg,plain_negative
sections/calc_p5_s5.jpg,sections/la_p19_s4.jpg,plain_negative
sections/calc_p6_s1.jpg,sections/calc_p6_s2.jpg,topic_positive
sections/calc_p6_s1.jpg,sections/calc_p6_s3.jpg,soft_positive
sections/calc_p6_s1.jpg,sections/calc_p6_s4.jpg,plain_negative
sections/calc_p6_s1.jpg,sections/calc_p7_s1.jpg,soft_positive
sections/calc_p6_s1.jpg,sections/calc_p7_s2.jpg,soft_positive
sections/calc_p6_s1.jpg,sections/calc_p7_s4.jpg,hard_negative
sections/calc_p6_s1.jpg,sections/calc_p7_s5.jpg,hard_negative
sections/calc_p6_s1.jpg,sections/calc_p8_s1.jpg,plain_negative
sections/calc_p6_s1.jpg,sections/calc_p8_s2.jpg,plain_negative
sections/calc_p6_s1.jpg,sections/calc_p8_s3.jpg,plain_negative
sections/calc_p6_s1.jpg,sections/calc_p8_s5.jpg,plain_negative
sections/calc_p6_s1.jpg,sections/calc_p9_s1.jpg,plain_negative
sections/calc_p6_s1.jpg,sections/calc_p9_s2.jpg,plain_negative
sections/calc_p6_s1.jpg,sections/calc_p9_s3.jpg,plain_negative
sections/calc_p6_s1.jpg,sections/calc_p9_s4.jpg,plain_negative
sections/calc_p6_s1.jpg,sections/calc_p9_s5.jpg,plain_negative
sections/calc_p6_s1.jpg,sections/calc_p10_s1.jpg,plain_negative
sections/calc_p6_s1.jpg,sections/calc_p10_s2.jpg,plain_negative
sections/calc_p6_s1.jpg,sections/calc_p10_s3.jpg,plain_negative
sections/calc_p6_s1.jpg,sections/calc_p10_s4.jpg,plain_negative
sections/calc_p6_s1.jpg,sections/calc_p10_s5.jpg,plain_negative
sections/calc_p6_s1.jpg,sections/calc_p11_s3.jpg,plain_negative
sections/calc_p6_s1.jpg,sections/calc_p11_s4.jpg,plain_negative
sections/calc_p6_s1.jpg,sections/calc_p12_s1.jpg,plain_negative
sections/calc_p6_s1.jpg,sections/calc_p12_s2.jpg,plain_negative
sections/calc_p6_s1.jpg,sections/calc_p12_s3.jpg,plain_negative
sections/calc_p6_s1.jpg,sections/calc_p13_s1.jpg,plain_negative
sections/calc_p6_s1.jpg,sections/calc_p13_s2.jpg,plain_negative
sections/calc_p6_s1.jpg,sections/calc_p13_s3.jpg,plain_negative
sections/calc_p6_s1.jpg,sections/calc_p13_s4.jpg,plain_negative
sections/calc_p6_s1.jpg,sections/calc_p13_s5.jpg,plain_negative
sections/calc_p6_s1.jpg,sections/calc_p13_s6.jpg,plain_negative
sections/calc_p6_s1.jpg,sections/calc_p14_s1.jpg,plain_negative
sections/calc_p6_s1.jpg,sections/calc_p14_s2.jpg,plain_negative
sections/calc_p6_s1.jpg,sections/calc_p14_s3.jpg,plain_negative
sections/calc_p6_s1.jpg,sections/calc_p15_s1.jpg,plain_negative
sections/calc_p6_s1.jpg,sections/calc_p15_s2.jpg,plain_negative
sections/calc_p6_s1.jpg,sections/calc_p17_s1.jpg,plain_negative
sections/calc_p6_s1.jpg,sections/calc_p17_s2.jpg,plain_negative
sections/calc_p6_s1.jpg,sections/calc_p17_s3.jpg,plain_negative
sections/calc_p6_s1.jpg,sections/calc_p17_s4.jpg,plain_negative
sections/calc_p6_s1.jpg,sections/calc_p18_s2.jpg,plain_negative
sections/calc_p6_s1.jpg,sections/calc_p18_s3.jpg,plain_negative
sections/calc_p6_s1.jpg,sections/calc_p18_s4.jpg,plain_negative
sections/calc_p6_s1.jpg,sections/calc_p18_s5.jpg,plain_negative
sections/calc_p6_s1.jpg,sections/calc_p19_s1.jpg,plain_negative
sections/calc_p6_s1.jpg,sections/calc_p19_s2.jpg,plain_negative
sections/calc_p6_s1.jpg,sections/calc_p20_s2.jpg,hard_negative
sections/calc_p6_s1.jpg,sections/calc_p21_s1.jpg,hard_negative
sections/calc_p6_s1.jpg,sections/calc_p21_s2.jpg,hard_negative
sections/calc_p6_s1.jpg,sections/la_p1_s1.jpg,plain_negative
sections/calc_p6_s1.jpg,sections/la_p1_s2.jpg,plain_negative
sections/calc_p6_s1.jpg,sections/la_p1_s3.jpg,plain_negative
sections/calc_p6_s1.jpg,sections/la_p1_s4.jpg,plain_negative
sections/calc_p6_s1.jpg,sections/la_p1_s5.jpg,plain_negative
sections/calc_p6_s1.jpg,sections/la_p2_s1.jpg,plain_negative
sections/calc_p6_s1.jpg,sections/la_p2_s2.jpg,plain_negative
sections/calc_p6_s1.jpg,sections/la_p2_s3.jpg,plain_negative
sections/calc_p6_s1.jpg,sections/la_p2_s4.jpg,plain_negative
sections/calc_p6_s1.jpg,sections/la_p3_s1.jpg,plain_negative
sections/calc_p6_s1.jpg,sections/la_p3_s2.jpg,plain_negative
sections/calc_p6_s1.jpg,sections/la_p3_s3.jpg,plain_negative
sections/calc_p6_s1.jpg,sections/la_p3_s4.jpg,plain_negative
sections/calc_p6_s1.jpg,sections/la_p5_s1.jpg,plain_negative
sections/calc_p6_s1.jpg,sections/la_p5_s2.jpg,plain_negative
sections/calc_p6_s1.jpg,sections/la_p5_s3.jpg,plain_negative
sections/calc_p6_s1.jpg,sections/la_p6_s1.jpg,plain_negative
sections/calc_p6_s1.jpg,sections/la_p6_s3.jpg,plain_negative
sections/calc_p6_s1.jpg,sections/la_p7_s1.jpg,plain_negative
sections/calc_p6_s1.jpg,sections/la_p7_s2.jpg,plain_negative
sections/calc_p6_s1.jpg,sections/la_p7_s3.jpg,plain_negative
sections/calc_p6_s1.jpg,sections/la_p8_s1.jpg,plain_negative
sections/calc_p6_s1.jpg,sections/la_p8_s2.jpg,plain_negative
sections/calc_p6_s1.jpg,sections/la_p8_s3.jpg,plain_negative
sections/calc_p6_s1.jpg,sections/la_p8_s4.jpg,plain_negative
sections/calc_p6_s1.jpg,sections/la_p9_s1.jpg,plain_negative
sections/calc_p6_s1.jpg,sections/la_p9_s2.jpg,plain_negative
sections/calc_p6_s1.jpg,sections/la_p9_s3.jpg,plain_negative
sections/calc_p6_s1.jpg,sections/la_p9_s5.jpg,plain_negative
sections/calc_p6_s1.jpg,sections/la_p10_s1.jpg,plain_negative
sections/calc_p6_s1.jpg,sections/la_p10_s2.jpg,plain_negative
sections/calc_p6_s1.jpg,sections/la_p10_s3.jpg,plain_negative
sections/calc_p6_s1.jpg,sections/la_p10_s4.jpg,plain_negative
sections/calc_p6_s1.jpg,sections/la_p10_s6.jpg,plain_negative
sections/calc_p6_s1.jpg,sections/la_p11_s1.jpg,plain_negative
sections/calc_p6_s1.jpg,sections/la_p11_s2.jpg,plain_negative
sections/calc_p6_s1.jpg,sections/la_p11_s4.jpg,plain_negative
sections/calc_p6_s1.jpg,sections/la_p11_s6.jpg,plain_negative
sections/calc_p6_s1.jpg,sections/la_p12_s1.jpg,plain_negative
sections/calc_p6_s1.jpg,sections/la_p12_s2.jpg,plain_negative
sections/calc_p6_s1.jpg,sections/la_p12_s3.jpg,plain_negative
sections/calc_p6_s1.jpg,sections/la_p13_s1.jpg,plain_negative
sections/calc_p6_s1.jpg,sections/la_p13_s2.jpg,plain_negative
sections/calc_p6_s1.jpg,sections/la_p13_s3.jpg,plain_negative
sections/calc_p6_s1.jpg,sections/la_p13_s4.jpg,plain_negative
sections/calc_p6_s1.jpg,sections/la_p13_s5.jpg,plain_negative
sections/calc_p6_s1.jpg,sections/la_p13_s6.jpg,plain_negative
sections/calc_p6_s1.jpg,sections/la_p14_s1.jpg,plain_negative
sections/calc_p6_s1.jpg,sections/la_p14_s2.jpg,plain_negative
sections/calc_p6_s1.jpg,sections/la_p14_s3.jpg,plain_negative
sections/calc_p6_s1.jpg,sections/la_p14_s4.jpg,plain_negative
sections/calc_p6_s1.jpg,sections/la_p14_s5.jpg,plain_negative
sections/calc_p6_s1.jpg,sections/la_p15_s1.jpg,plain_negative
sections/calc_p6_s1.jpg,sections/la_p15_s2.jpg,plain_negative
sections/calc_p6_s1.jpg,sections/la_p16_s1.jpg,plain_negative
sections/calc_p6_s1.jpg,sections/la_p16_s2.jpg,plain_negative
sections/calc_p6_s1.jpg,sections/la_p16_s3.jpg,plain_negative
sections/calc_p6_s1.jpg,sections/la_p16_s4.jpg,plain_negative
sections/calc_p6_s1.jpg,sections/la_p16_s5.jpg,plain_negative
sections/calc_p6_s1.jpg,sections/la_p17_s1.jpg,plain_negative
sections/calc_p6_s1.jpg,sections/la_p17_s2.jpg,plain_negative
sections/calc_p6_s1.jpg,sections/la_p17_s3.jpg,plain_negative
sections/calc_p6_s1.jpg,sections/la_p17_s4.jpg,plain_negative
sections/calc_p6_s1.jpg,sections/la_p17_s6.jpg,plain_negative
sections/calc_p6_s1.jpg,sections/la_p18_s2.jpg,plain_negative
sections/calc_p6_s1.jpg,sections/la_p18_s4.jpg,plain_negative
sections/calc_p6_s1.jpg,sections/la_p18_s5.jpg,plain_negative
sections/calc_p6_s1.jpg,sections/la_p18_s7.jpg,plain_negative
sections/calc_p6_s1.jpg,sections/la_p19_s1.jpg,plain_negative
sections/calc_p6_s1.jpg,sections/la_p19_s2.jpg,plain_negative
sections/calc_p6_s1.jpg,sections/la_p19_s4.jpg,plain_negative
sections/calc_p6_s2.jpg,sections/calc_p6_s3.jpg,soft_positive
sections/calc_p6_s2.jpg,sections/calc_p6_s4.jpg,plain_negative
sections/calc_p6_s2.jpg,sections/calc_p7_s1.jpg,soft_positive
sections/calc_p6_s2.jpg,sections/calc_p7_s2.jpg,soft_positive
sections/calc_p6_s2.jpg,sections/calc_p7_s4.jpg,hard_negative
sections/calc_p6_s2.jpg,sections/calc_p7_s5.jpg,hard_negative
sections/calc_p6_s2.jpg,sections/calc_p8_s1.jpg,plain_negative
sections/calc_p6_s2.jpg,sections/calc_p8_s2.jpg,plain_negative
sections/calc_p6_s2.jpg,sections/calc_p8_s3.jpg,plain_negative
sections/calc_p6_s2.jpg,sections/calc_p8_s5.jpg,plain_negative
sections/calc_p6_s2.jpg,sections/calc_p9_s1.jpg,plain_negative
sections/calc_p6_s2.jpg,sections/calc_p9_s2.jpg,plain_negative
sections/calc_p6_s2.jpg,sections/calc_p9_s3.jpg,plain_negative
sections/calc_p6_s2.jpg,sections/calc_p9_s4.jpg,plain_negative
sections/calc_p6_s2.jpg,sections/calc_p9_s5.jpg,plain_negative
sections/calc_p6_s2.jpg,sections/calc_p10_s1.jpg,plain_negative
sections/calc_p6_s2.jpg,sections/calc_p10_s2.jpg,plain_negative
sections/calc_p6_s2.jpg,sections/calc_p10_s3.jpg,plain_negative
sections/calc_p6_s2.jpg,sections/calc_p10_s4.jpg,plain_negative
sections/calc_p6_s2.jpg,sections/calc_p10_s5.jpg,plain_negative
sections/calc_p6_s2.jpg,sections/calc_p11_s3.jpg,plain_negative
sections/calc_p6_s2.jpg,sections/calc_p11_s4.jpg,plain_negative
sections/calc_p6_s2.jpg,sections/calc_p12_s1.jpg,plain_negative
sections/calc_p6_s2.jpg,sections/calc_p12_s2.jpg,plain_negative
sections/calc_p6_s2.jpg,sections/calc_p12_s3.jpg,plain_negative
sections/calc_p6_s2.jpg,sections/calc_p13_s1.jpg,plain_negative
sections/calc_p6_s2.jpg,sections/calc_p13_s2.jpg,plain_negative
sections/calc_p6_s2.jpg,sections/calc_p13_s3.jpg,plain_negative
sections/calc_p6_s2.jpg,sections/calc_p13_s4.jpg,plain_negative
sections/calc_p6_s2.jpg,sections/calc_p13_s5.jpg,plain_negative
sections/calc_p6_s2.jpg,sections/calc_p13_s6.jpg,plain_negative
sections/calc_p6_s2.jpg,sections/calc_p14_s1.jpg,plain_negative
sections/calc_p6_s2.jpg,sections/calc_p14_s2.jpg,plain_negative
sections/calc_p6_s2.jpg,sections/calc_p14_s3.jpg,plain_negative
sections/calc_p6_s2.jpg,sections/calc_p15_s1.jpg,plain_negative
sections/calc_p6_s2.jpg,sections/calc_p15_s2.jpg,plain_negative
sections/calc_p6_s2.jpg,sections/calc_p17_s1.jpg,plain_negative
sections/calc_p6_s2.jpg,sections/calc_p17_s2.jpg,plain_negative
sections/calc_p6_s2.jpg,sections/calc_p17_s3.jpg,plain_negative
sections/calc_p6_s2.jpg,sections/calc_p17_s4.jpg,plain_negative
sections/calc_p6_s2.jpg,sections/calc_p18_s2.jpg,plain_negative
sections/calc_p6_s2.jpg,sections/calc_p18_s3.jpg,plain_negative
sections/calc_p6_s2.jpg,sections/calc_p18_s4.jpg,plain_negative
sections/calc_p6_s2.jpg,sections/calc_p18_s5.jpg,plain_negative
sections/calc_p6_s2.jpg,sections/calc_p19_s1.jpg,plain_negative
sections/calc_p6_s2.jpg,sections/calc_p19_s2.jpg,plain_negative
sections/calc_p6_s2.jpg,sections/calc_p20_s2.jpg,hard_negative
sections/calc_p6_s2.jpg,sections/calc_p21_s1.jpg,hard_negative
sections/calc_p6_s2.jpg,sections/calc_p21_s2.jpg,hard_negative
sections/calc_p6_s2.jpg,sections/la_p1_s1.jpg,plain_negative
sections/calc_p6_s2.jpg,sections/la_p1_s2.jpg,plain_negative
sections/calc_p6_s2.jpg,sections/la_p1_s3.jpg,plain_negative
sections/calc_p6_s2.jpg,sections/la_p1_s4.jpg,plain_negative
sections/calc_p6_s2.jpg,sections/la_p1_s5.jpg,plain_negative
sections/calc_p6_s2.jpg,sections/la_p2_s1.jpg,plain_negative
sections/calc_p6_s2.jpg,sections/la_p2_s2.jpg,plain_negative
sections/calc_p6_s2.jpg,sections/la_p2_s3.jpg,plain_negative
sections/calc_p6_s2.jpg,sections/la_p2_s4.jpg,plain_negative
sections/calc_p6_s2.jpg,sections/la_p3_s1.jpg,plain_negative
sections/calc_p6_s2.jpg,sections/la_p3_s2.jpg,plain_negative
sections/calc_p6_s2.jpg,sections/la_p3_s3.jpg,plain_negative
sections/calc_p6_s2.jpg,sections/la_p3_s4.jpg,plain_negative
sections/calc_p6_s2.jpg,sections/la_p5_s1.jpg,plain_negative
sections/calc_p6_s2.jpg,sections/la_p5_s2.jpg,plain_negative
sections/calc_p6_s2.jpg,sections/la_p5_s3.jpg,plain_negative
sections/calc_p6_s2.jpg,sections/la_p6_s1.jpg,plain_negative
sections/calc_p6_s2.jpg,sections/la_p6_s3.jpg,plain_negative
sections/calc_p6_s2.jpg,sections/la_p7_s1.jpg,plain_negative
sections/calc_p6_s2.jpg,sections/la_p7_s2.jpg,plain_negative
sections/calc_p6_s2.jpg,sections/la_p7_s3.jpg,plain_negative
sections/calc_p6_s2.jpg,sections/la_p8_s1.jpg,plain_negative
sections/calc_p6_s2.jpg,sections/la_p8_s2.jpg,plain_negative
sections/calc_p6_s2.jpg,sections/la_p8_s3.jpg,plain_negative
sections/calc_p6_s2.jpg,sections/la_p8_s4.jpg,plain_negative
sections/calc_p6_s2.jpg,sections/la_p9_s1.jpg,plain_negative
sections/calc_p6_s2.jpg,sections/la_p9_s2.jpg,plain_negative
sections/calc_p6_s2.jpg,sections/la_p9_s3.jpg,plain_negative
sections/calc_p6_s2.jpg,sections/la_p9_s5.jpg,plain_negative
sections/calc_p6_s2.jpg,sections/la_p10_s1.jpg,plain_negative
sections/calc_p6_s2.jpg,sections/la_p10_s2.jpg,plain_negative
sections/calc_p6_s2.jpg,sections/la_p10_s3.jpg,plain_negative
sections/calc_p6_s2.jpg,sections/la_p10_s4.jpg,plain_negative
sections/calc_p6_s2.jpg,sections/la_p10_s6.jpg,plain_negative
sections/calc_p6_s2.jpg,sections/la_p11_s1.jpg,plain_negative
sections/calc_p6_s2.jpg,sections/la_p11_s2.jpg,plain_negative
sections/calc_p6_s2.jpg,sections/la_p11_s4.jpg,plain_negative
sections/calc_p6_s2.jpg,sections/la_p11_s6.jpg,plain_negative
sections/calc_p6_s2.jpg,sections/la_p12_s1.jpg,plain_negative
sections/calc_p6_s2.jpg,sections/la_p12_s2.jpg,plain_negative
sections/calc_p6_s2.jpg,sections/la_p12_s3.jpg,plain_negative
sections/calc_p6_s2.jpg,sections/la_p13_s1.jpg,plain_negative
sections/calc_p6_s2.jpg,sections/la_p13_s2.jpg,plain_negative
sections/calc_p6_s2.jpg,sections/la_p13_s3.jpg,plain_negative
sections/calc_p6_s2.jpg,sections/la_p13_s4.jpg,plain_negative
sections/calc_p6_s2.jpg,sections/la_p13_s5.jpg,plain_negative
sections/calc_p6_s2.jpg,sections/la_p13_s6.jpg,plain_negative
sections/calc_p6_s2.jpg,sections/la_p14_s1.jpg,plain_negative
sections/calc_p6_s2.jpg,sections/la_p14_s2.jpg,plain_negative
sections/calc_p6_s2.jpg,sections/la_p14_s3.jpg,plain_negative
sections/calc_p6_s2.jpg,sections/la_p14_s4.jpg,plain_negative
sections/calc_p6_s2.jpg,sections/la_p14_s5.jpg,plain_negative
sections/calc_p6_s2.jpg,sections/la_p15_s1.jpg,plain_negative
sections/calc_p6_s2.jpg,sections/la_p15_s2.jpg,plain_negative
sections/calc_p6_s2.jpg,sections/la_p16_s1.jpg,plain_negative
sections/calc_p6_s2.jpg,sections/la_p16_s2.jpg,plain_negative
sections/calc_p6_s2.jpg,sections/la_p16_s3.jpg,plain_negative
sections/calc_p6_s2.jpg,sections/la_p16_s4.jpg,plain_negative
sections/calc_p6_s2.jpg,sections/la_p16_s5.jpg,plain_negative
sections/calc_p6_s2.jpg,sections/la_p17_s1.jpg,plain_negative
sections/calc_p6_s2.jpg,sections/la_p17_s2.jpg,plain_negative
sections/calc_p6_s2.jpg,sections/la_p17_s3.jpg,plain_negative
sections/calc_p6_s2.jpg,sections/la_p17_s4.jpg,plain_negative
sections/calc_p6_s2.jpg,sections/la_p17_s6.jpg,plain_negative
sections/calc_p6_s2.jpg,sections/la_p18_s2.jpg,plain_negative
sections/calc_p6_s2.jpg,sections/la_p18_s4.jpg,plain_negative
sections/calc_p6_s2.jpg,sections/la_p18_s5.jpg,plain_negative
sections/calc_p6_s2.jpg,sections/la_p18_s7.jpg,plain_negative
sections/calc_p6_s2.jpg,sections/la_p19_s1.jpg,plain_negative
sections/calc_p6_s2.jpg,sections/la_p19_s2.jpg,plain_negative
sections/calc_p6_s2.jpg,sections/la_p19_s4.jpg,plain_negative
sections/calc_p6_s3.jpg,sections/calc_p6_s4.jpg,plain_negative
sections/calc_p6_s3.jpg,sections/calc_p7_s1.jpg,topic_positive
sections/calc_p6_s3.jpg,sections/calc_p7_s2.jpg,soft_positive
sections/calc_p6_s3.jpg,sections/calc_p7_s4.jpg,hard_negative
sections/calc_p6_s3.jpg,sections/calc_p7_s5.jpg,hard_negative
sections/calc_p6_s3.jpg,sections/calc_p8_s1.jpg,plain_negative
sections/calc_p6_s3.jpg,sections/calc_p8_s2.jpg,plain_negative
sections/calc_p6_s3.jpg,sections/calc_p8_s3.jpg,plain_negative
sections/calc_p6_s3.jpg,sections/calc_p8_s5.jpg,plain_negative
sections/calc_p6_s3.jpg,sections/calc_p9_s1.jpg,plain_negative
sections/calc_p6_s3.jpg,sections/calc_p9_s2.jpg,plain_negative
sections/calc_p6_s3.jpg,sections/calc_p9_s3.jpg,plain_negative
sections/calc_p6_s3.jpg,sections/calc_p9_s4.jpg,plain_negative
sections/calc_p6_s3.jpg,sections/calc_p9_s5.jpg,plain_negative
sections/calc_p6_s3.jpg,sections/calc_p10_s1.jpg,plain_negative
sections/calc_p6_s3.jpg,sections/calc_p10_s2.jpg,plain_negative
sections/calc_p6_s3.jpg,sections/calc_p10_s3.jpg,plain_negative
sections/calc_p6_s3.jpg,sections/calc_p10_s4.jpg,plain_negative
sections/calc_p6_s3.jpg,sections/calc_p10_s5.jpg,plain_negative
sections/calc_p6_s3.jpg,sections/calc_p11_s3.jpg,plain_negative
sections/calc_p6_s3.jpg,sections/calc_p11_s4.jpg,plain_negative
sections/calc_p6_s3.jpg,sections/calc_p12_s1.jpg,plain_negative
sections/calc_p6_s3.jpg,sections/calc_p12_s2.jpg,plain_negative
sections/calc_p6_s3.jpg,sections/calc_p12_s3.jpg,plain_negative
sections/calc_p6_s3.jpg,sections/calc_p13_s1.jpg,plain_negative
sections/calc_p6_s3.jpg,sections/calc_p13_s2.jpg,plain_negative
sections/calc_p6_s3.jpg,sections/calc_p13_s3.jpg,plain_negative
sections/calc_p6_s3.jpg,sections/calc_p13_s4.jpg,plain_negative
sections/calc_p6_s3.jpg,sections/calc_p13_s5.jpg,plain_negative
sections/calc_p6_s3.jpg,sections/calc_p13_s6.jpg,plain_negative
sections/calc_p6_s3.jpg,sections/calc_p14_s1.jpg,plain_negative
sections/calc_p6_s3.jpg,sections/calc_p14_s2.jpg,plain_negative
sections/calc_p6_s3.jpg,sections/calc_p14_s3.jpg,plain_negative
sections/calc_p6_s3.jpg,sections/calc_p15_s1.jpg,plain_negative
sections/calc_p6_s3.jpg,sections/calc_p15_s2.jpg,plain_negative
sections/calc_p6_s3.jpg,sections/calc_p17_s1.jpg,plain_negative
sections/calc_p6_s3.jpg,sections/calc_p17_s2.jpg,plain_negative
sections/calc_p6_s3.jpg,sections/calc_p17_s3.jpg,plain_negative
sections/calc_p6_s3.jpg,sections/calc_p17_s4.jpg,plain_negative
sections/calc_p6_s3.jpg,sections/calc_p18_s2.jpg,plain_negative
sections/calc_p6_s3.jpg,sections/calc_p18_s3.jpg,plain_negative
sections/calc_p6_s3.jpg,sections/calc_p18_s4.jpg,plain_negative
sections/calc_p6_s3.jpg,sections/calc_p18_s5.jpg,plain_negative
sections/calc_p6_s3.jpg,sections/calc_p19_s1.jpg,plain_negative
sections/calc_p6_s3.jpg,sections/calc_p19_s2.jpg,plain_negative
sections/calc_p6_s3.jpg,sections/calc_p20_s2.jpg,hard_negative
sections/calc_p6_s3.jpg,sections/calc_p21_s1.jpg,hard_negative
sections/calc_p6_s3.jpg,sections/calc_p21_s2.jpg,hard_negative
sections/calc_p6_s3.jpg,sections/la_p1_s1.jpg,plain_negative
sections/calc_p6_s3.jpg,sections/la_p1_s2.jpg,plain_negative
sections/calc_p6_s3.jpg,sections/la_p1_s3.jpg,plain_negative
sections/calc_p6_s3.jpg,sections/la_p1_s4.jpg,plain_negative
sections/calc_p6_s3.jpg,sections/la_p1_s5.jpg,plain_negative
sections/calc_p6_s3.jpg,sections/la_p2_s1.jpg,plain_negative
sections/calc_p6_s3.jpg,sections/la_p2_s2.jpg,plain_negative
sections/calc_p6_s3.jpg,sections/la_p2_s3.jpg,plain_negative
sections/calc_p6_s3.jpg,sections/la_p2_s4.jpg,plain_negative
sections/calc_p6_s3.jpg,sections/la_p3_s1.jpg,plain_negative
sections/calc_p6_s3.jpg,sections/la_p3_s2.jpg,plain_negative
sections/calc_p6_s3.jpg,sections/la_p3_s3.jpg,plain_negative
sections/calc_p6_s3.jpg,sections/la_p3_s4.jpg,plain_negative
sections/calc_p6_s3.jpg,sections/la_p5_s1.jpg,plain_negative
sections/calc_p6_s3.jpg,sections/la_p5_s2.jpg,plain_negative
sections/calc_p6_s3.jpg,sections/la_p5_s3.jpg,plain_negative
sections/calc_p6_s3.jpg,sections/la_p6_s1.jpg,plain_negative
sections/calc_p6_s3.jpg,sections/la_p6_s3.jpg,plain_negative
sections/calc_p6_s3.jpg,sections/la_p7_s1.jpg,plain_negative
sections/calc_p6_s3.jpg,sections/la_p7_s2.jpg,plain_negative
sections/calc_p6_s3.jpg,sections/la_p7_s3.jpg,plain_negative
sections/calc_p6_s3.jpg,sections/la_p8_s1.jpg,plain_negative
sections/calc_p6_s3.jpg,sections/la_p8_s2.jpg,plain_negative
sections/calc_p6_s3.jpg,sections/la_p8_s3.jpg,plain_negative
sections/calc_p6_s3.jpg,sections/la_p8_s4.jpg,plain_negative
sections/calc_p6_s3.jpg,sections/la_p9_s1.jpg,plain_negative
sections/calc_p6_s3.jpg,sections/la_p9_s2.jpg,plain_negative
sections/calc_p6_s3.jpg,sections/la_p9_s3.jpg,plain_negative
sections/calc_p6_s3.jpg,sections/la_p9_s5.jpg,plain_negative
sections/calc_p6_s3.jpg,sections/la_p10_s1.jpg,plain_negative
sections/calc_p6_s3.jpg,sections/la_p10_s2.jpg,plain_negative
sections/calc_p6_s3.jpg,sections/la_p10_s3.jpg,plain_negative
sections/calc_p6_s3.jpg,sections/la_p10_s4.jpg,plain_negative
sections/calc_p6_s3.jpg,sections/la_p10_s6.jpg,plain_negative
sections/calc_p6_s3.jpg,sections/la_p11_s1.jpg,plain_negative
sections/calc_p6_s3.jpg,sections/la_p11_s2.jpg,plain_negative
sections/calc_p6_s3.jpg,sections/la_p11_s4.jpg,plain_negative
sections/calc_p6_s3.jpg,sections/la_p11_s6.jpg,plain_negative
sections/calc_p6_s3.jpg,sections/la_p12_s1.jpg,plain_negative
sections/calc_p6_s3.jpg,sections/la_p12_s2.jpg,plain_negative
sections/calc_p6_s3.jpg,sections/la_p12_s3.jpg,plain_negative
sections/calc_p6_s3.jpg,sections/la_p13_s1.jpg,plain_negative
sections/calc_p6_s3.jpg,sections/la_p13_s2.jpg,plain_negative
sections/calc_p6_s3.jpg,sections/la_p13_s3.jpg,plain_negative
sections/calc_p6_s3.jpg,sections/la_p13_s4.jpg,plain_negative
sections/calc_p6_s3.jpg,sections/la_p13_s5.jpg,plain_negative
sections/calc_p6_s3.jpg,sections/la_p13_s6.jpg,plain_negative
sections/calc_p6_s3.jpg,sections/la_p14_s1.jpg,plain_negative
sections/calc_p6_s3.jpg,sections/la_p14_s2.jpg,plain_negative
sections/calc_p6_s3.jpg,sections/la_p14_s3.jpg,plain_negative
sections/calc_p6_s3.jpg,sections/la_p14_s4.jpg,plain_negative
sections/calc_p6_s3.jpg,sections/la_p14_s5.jpg,plain_negative
sections/calc_p6_s3.jpg,sections/la_p15_s1.jpg,plain_negative
sections/calc_p6_s3.jpg,sections/la_p15_s2.jpg,plain_negative
sections/calc_p6_s3.jpg,sections/la_p16_s1.jpg,plain_negative
sections/calc_p6_s3.jpg,sections/la_p16_s2.jpg,plain_negative
sections/calc_p6_s3.jpg,sections/la_p16_s3.jpg,plain_negative
sections/calc_p6_s3.jpg,sections/la_p16_s4.jpg,plain_negative
sections/calc_p6_s3.jpg,sections/la_p16_s5.jpg,plain_negative
sections/calc_p6_s3.jpg,sections/la_p17_s1.jpg,plain_negative
sections/calc_p6_s3.jpg,sections/la_p17_s2.jpg,plain_negative
sections/calc_p6_s3.jpg,sections/la_p17_s3.jpg,plain_negative
sections/calc_p6_s3.jpg,sections/la_p17_s4.jpg,plain_negative
sections/calc_p6_s3.jpg,sections/la_p17_s6.jpg,plain_negative
sections/calc_p6_s3.jpg,sections/la_p18_s2.jpg,plain_negative
sections/calc_p6_s3.jpg,sections/la_p18_s4.jpg,plain_negative
sections/calc_p6_s3.jpg,sections/la_p18_s5.jpg,plain_negative
sections/calc_p6_s3.jpg,sections/la_p18_s7.jpg,plain_negative
sections/calc_p6_s3.jpg,sections/la_p19_s1.jpg,plain_negative
sections/calc_p6_s3.jpg,sections/la_p19_s2.jpg,plain_negative
sections/calc_p6_s3.jpg,sections/la_p19_s4.jpg,plain_negative
sections/calc_p6_s4.jpg,sections/calc_p7_s1.jpg,plain_negative
sections/calc_p6_s4.jpg,sections/calc_p7_s2.jpg,plain_negative
sections/calc_p6_s4.jpg,sections/calc_p7_s4.jpg,plain_negative
sections/calc_p6_s4.jpg,sections/calc_p7_s5.jpg,plain_negative
sections/calc_p6_s4.jpg,sections/calc_p8_s1.jpg,soft_positive
sections/calc_p6_s4.jpg,sections/calc_p8_s2.jpg,soft_positive
sections/calc_p6_s4.jpg,sections/calc_p8_s3.jpg,soft_positive
sections/calc_p6_s4.jpg,sections/calc_p8_s5.jpg,soft_positive
sections/calc_p6_s4.jpg,sections/calc_p9_s1.jpg,plain_negative
sections/calc_p6_s4.jpg,sections/calc_p9_s2.jpg,plain_negative
sections/calc_p6_s4.jpg,sections/calc_p9_s3.jpg,plain_negative
sections/calc_p6_s4.jpg,sections/calc_p9_s4.jpg,plain_negative
sections/calc_p6_s4.jpg,sections/calc_p9_s5.jpg,plain_negative
sections/calc_p6_s4.jpg,sections/calc_p10_s1.jpg,plain_negative
sections/calc_p6_s4.jpg,sections/calc_p10_s2.jpg,plain_negative
sections/calc_p6_s4.jpg,sections/calc_p10_s3.jpg,plain_negative
sections/calc_p6_s4.jpg,sections/calc_p10_s4.jpg,plain_negative
sections/calc_p6_s4.jpg,sections/calc_p10_s5.jpg,plain_negative
sections/calc_p6_s4.jpg,sections/calc_p11_s3.jpg,plain_negative
sections/calc_p6_s4.jpg,sections/calc_p11_s4.jpg,plain_negative
sections/calc_p6_s4.jpg,sections/calc_p12_s1.jpg,plain_negative
sections/calc_p6_s4.jpg,sections/calc_p12_s2.jpg,plain_negative
sections/calc_p6_s4.jpg,sections/calc_p12_s3.jpg,plain_negative
sections/calc_p6_s4.jpg,sections/calc_p13_s1.jpg,plain_negative
sections/calc_p6_s4.jpg,sections/calc_p13_s2.jpg,plain_negative
sections/calc_p6_s4.jpg,sections/calc_p13_s3.jpg,plain_negative
sections/calc_p6_s4.jpg,sections/calc_p13_s4.jpg,plain_negative
sections/calc_p6_s4.jpg,sections/calc_p13_s5.jpg,plain_negative
sections/calc_p6_s4.jpg,sections/calc_p13_s6.jpg,plain_negative
sections/calc_p6_s4.jpg,sections/calc_p14_s1.jpg,plain_negative
sections/calc_p6_s4.jpg,sections/calc_p14_s2.jpg,plain_negative
sections/calc_p6_s4.jpg,sections/calc_p14_s3.jpg,plain_negative
sections/calc_p6_s4.jpg,sections/calc_p15_s1.jpg,plain_negative
sections/calc_p6_s4.jpg,sections/calc_p15_s2.jpg,plain_negative
sections/calc_p6_s4.jpg,sections/calc_p17_s1.jpg,plain_negative
sections/calc_p6_s4.jpg,sections/calc_p17_s2.jpg,plain_negative
sections/calc_p6_s4.jpg,sections/calc_p17_s3.jpg,plain_negative
sections/calc_p6_s4.jpg,sections/calc_p17_s4.jpg,plain_negative
sections/calc_p6_s4.jpg,sections/calc_p18_s2.jpg,plain_negative
sections/calc_p6_s4.jpg,sections/calc_p18_s3.jpg,plain_negative
sections/calc_p6_s4.jpg,sections/calc_p18_s4.jpg,plain_negative
sections/calc_p6_s4.jpg,sections/calc_p18_s5.jpg,plain_negative
sections/calc_p6_s4.jpg,sections/calc_p19_s1.jpg,plain_negative
sections/calc_p6_s4.jpg,sections/calc_p19_s2.jpg,plain_negative
sections/calc_p6_s4.jpg,sections/calc_p20_s2.jpg,plain_negative
sections/calc_p6_s4.jpg,sections/calc_p21_s1.jpg,plain_negative
sections/calc_p6_s4.jpg,sections/calc_p21_s2.jpg,plain_negative
sections/calc_p6_s4.jpg,sections/la_p1_s1.jpg,plain_negative
sections/calc_p6_s4.jpg,sections/la_p1_s2.jpg,plain_negative
sections/calc_p6_s4.jpg,sections/la_p1_s3.jpg,plain_negative
sections/calc_p6_s4.jpg,sections/la_p1_s4.jpg,plain_negative
sections/calc_p6_s4.jpg,sections/la_p1_s5.jpg,plain_negative
sections/calc_p6_s4.jpg,sections/la_p2_s1.jpg,plain_negative
sections/calc_p6_s4.jpg,sections/la_p2_s2.jpg,plain_negative
sections/calc_p6_s4.jpg,sections/la_p2_s3.jpg,plain_negative
sections/calc_p6_s4.jpg,sections/la_p2_s4.jpg,plain_negative
sections/calc_p6_s4.jpg,sections/la_p3_s1.jpg,plain_negative
sections/calc_p6_s4.jpg,sections/la_p3_s2.jpg,plain_negative
sections/calc_p6_s4.jpg,sections/la_p3_s3.jpg,plain_negative
sections/calc_p6_s4.jpg,sections/la_p3_s4.jpg,plain_negative
sections/calc_p6_s4.jpg,sections/la_p5_s1.jpg,plain_negative
sections/calc_p6_s4.jpg,sections/la_p5_s2.jpg,plain_negative
sections/calc_p6_s4.jpg,sections/la_p5_s3.jpg,plain_negative
sections/calc_p6_s4.jpg,sections/la_p6_s1.jpg,plain_negative
sections/calc_p6_s4.jpg,sections/la_p6_s3.jpg,plain_negative
sections/calc_p6_s4.jpg,sections/la_p7_s1.jpg,plain_negative
sections/calc_p6_s4.jpg,sections/la_p7_s2.jpg,plain_negative
sections/calc_p6_s4.jpg,sections/la_p7_s3.jpg,plain_negative
sections/calc_p6_s4.jpg,sections/la_p8_s1.jpg,plain_negative
sections/calc_p6_s4.jpg,sections/la_p8_s2.jpg,plain_negative
sections/calc_p6_s4.jpg,sections/la_p8_s3.jpg,plain_negative
sections/calc_p6_s4.jpg,sections/la_p8_s4.jpg,plain_negative
sections/calc_p6_s4.jpg,sections/la_p9_s1.jpg,plain_negative
sections/calc_p6_s4.jpg,sections/la_p9_s2.jpg,plain_negative
sections/calc_p6_s4.jpg,sections/la_p9_s3.jpg,plain_negative
sections/calc_p6_s4.jpg,sections/la_p9_s5.jpg,plain_negative
sections/calc_p6_s4.jpg,sections/la_p10_s1.jpg,plain_negative
sections/calc_p6_s4.jpg,sections/la_p10_s2.jpg,plain_negative
sections/calc_p6_s4.jpg,sections/la_p10_s3.jpg,plain_negative
sections/calc_p6_s4.jpg,sections/la_p10_s4.jpg,plain_negative
sections/calc_p6_s4.jpg,sections/la_p10_s6.jpg,plain_negative
sections/calc_p6_s4.jpg,sections/la_p11_s1.jpg,plain_negative
sections/calc_p6_s4.jpg,sections/la_p11_s2.jpg,plain_negative
sections/calc_p6_s4.jpg,sections/la_p11_s4.jpg,plain_negative
sections/calc_p6_s4.jpg,sections/la_p11_s6.jpg,plain_negative
sections/calc_p6_s4.jpg,sections/la_p12_s1.jpg,plain_negative
sections/calc_p6_s4.jpg,sections/la_p12_s2.jpg,plain_negative
sections/calc_p6_s4.jpg,sections/la_p12_s3.jpg,plain_negative
sections/calc_p6_s4.jpg,sections/la_p13_s1.jpg,plain_negative
sections/calc_p6_s4.jpg,sections/la_p13_s2.jpg,plain_negative
sections/calc_p6_s4.jpg,sections/la_p13_s3.jpg,plain_negative
sections/calc_p6_s4.jpg,sections/la_p13_s4.jpg,plain_negative
sections/calc_p6_s4.jpg,sections/la_p13_s5.jpg,plain_negative
sections/calc_p6_s4.jpg,sections/la_p13_s6.jpg,plain_negative
sections/calc_p6_s4.jpg,sections/la_p14_s1.jpg,plain_negative
sections/calc_p6_s4.jpg,sections/la_p14_s2.jpg,plain_negative
sections/calc_p6_s4.jpg,sections/la_p14_s3.jpg,plain_negative
sections/calc_p6_s4.jpg,sections/la_p14_s4.jpg,plain_negative
sections/calc_p6_s4.jpg,sections/la_p14_s5.jpg,plain_negative
sections/calc_p6_s4.jpg,sections/la_p15_s1.jpg,plain_negative
sections/calc_p6_s4.jpg,sections/la_p15_s2.jpg,plain_negative
sections/calc_p6_s4.jpg,sections/la_p16_s1.jpg,plain_negative
sections/calc_p6_s4.jpg,sections/la_p16_s2.jpg,plain_negative
sections/calc_p6_s4.jpg,sections/la_p16_s3.jpg,plain_negative
sections/calc_p6_s4.jpg,sections/la_p16_s4.jpg,plain_negative
sections/calc_p6_s4.jpg,sections/la_p16_s5.jpg,plain_negative
sections/calc_p6_s4.jpg,sections/la_p17_s1.jpg,plain_negative
sections/calc_p6_s4.jpg,sections/la_p17_s2.jpg,plain_negative
sections/calc_p6_s4.jpg,sections/la_p17_s3.jpg,plain_negative
sections/calc_p6_s4.jpg,sections/la_p17_s4.jpg,plain_negative
sections/calc_p6_s4.jpg,sections/la_p17_s6.jpg,plain_negative
sections/calc_p6_s4.jpg,sections/la_p18_s2.jpg,plain_negative
sections/calc_p6_s4.jpg,sections/la_p18_s4.jpg,plain_negative
sections/calc_p6_s4.jpg,sections/la_p18_s5.jpg,plain_negative
sections/calc_p6_s4.jpg,sections/la_p18_s7.jpg,plain_negative
sections/calc_p6_s4.jpg,sections/la_p19_s1.jpg,plain_negative
sections/calc_p6_s4.jpg,sections/la_p19_s2.jpg,plain_negative
sections/calc_p6_s4.jpg,sections/la_p19_s4.jpg,plain_negative
sections/calc_p7_s1.jpg,sections/calc_p7_s2.jpg,soft_positive
sections/calc_p7_s1.jpg,sections/calc_p7_s4.jpg,hard_negative
sections/calc_p7_s1.jpg,sections/calc_p7_s5.jpg,hard_negative
sections/calc_p7_s1.jpg,sections/calc_p8_s1.jpg,plain_negative
sections/calc_p7_s1.jpg,sections/calc_p8_s2.jpg,plain_negative
sections/calc_p7_s1.jpg,sections/calc_p8_s3.jpg,plain_negative
sections/calc_p7_s1.jpg,sections/calc_p8_s5.jpg,plain_negative
sections/calc_p7_s1.jpg,sections/calc_p9_s1.jpg,plain_negative
sections/calc_p7_s1.jpg,sections/calc_p9_s2.jpg,plain_negative
sections/calc_p7_s1.jpg,sections/calc_p9_s3.jpg,plain_negative
sections/calc_p7_s1.jpg,sections/calc_p9_s4.jpg,plain_negative
sections/calc_p7_s1.jpg,sections/calc_p9_s5.jpg,plain_negative
sections/calc_p7_s1.jpg,sections/calc_p10_s1.jpg,plain_negative
sections/calc_p7_s1.jpg,sections/calc_p10_s2.jpg,plain_negative
sections/calc_p7_s1.jpg,sections/calc_p10_s3.jpg,plain_negative
sections/calc_p7_s1.jpg,sections/calc_p10_s4.jpg,plain_negative
sections/calc_p7_s1.jpg,sections/calc_p10_s5.jpg,plain_negative
sections/calc_p7_s1.jpg,sections/calc_p11_s3.jpg,plain_negative
sections/calc_p7_s1.jpg,sections/calc_p11_s4.jpg,plain_negative
sections/calc_p7_s1.jpg,sections/calc_p12_s1.jpg,plain_negative
sections/calc_p7_s1.jpg,sections/calc_p12_s2.jpg,plain_negative
sections/calc_p7_s1.jpg,sections/calc_p12_s3.jpg,plain_negative
sections/calc_p7_s1.jpg,sections/calc_p13_s1.jpg,plain_negative
sections/calc_p7_s1.jpg,sections/calc_p13_s2.jpg,plain_negative
sections/calc_p7_s1.jpg,sections/calc_p13_s3.jpg,plain_negative
sections/calc_p7_s1.jpg,sections/calc_p13_s4.jpg,plain_negative
sections/calc_p7_s1.jpg,sections/calc_p13_s5.jpg,plain_negative
sections/calc_p7_s1.jpg,sections/calc_p13_s6.jpg,plain_negative
sections/calc_p7_s1.jpg,sections/calc_p14_s1.jpg,plain_negative
sections/calc_p7_s1.jpg,sections/calc_p14_s2.jpg,plain_negative
sections/calc_p7_s1.jpg,sections/calc_p14_s3.jpg,plain_negative
sections/calc_p7_s1.jpg,sections/calc_p15_s1.jpg,plain_negative
sections/calc_p7_s1.jpg,sections/calc_p15_s2.jpg,plain_negative
sections/calc_p7_s1.jpg,sections/calc_p17_s1.jpg,plain_negative
sections/calc_p7_s1.jpg,sections/calc_p17_s2.jpg,plain_negative
sections/calc_p7_s1.jpg,sections/calc_p17_s3.jpg,plain_negative
sections/calc_p7_s1.jpg,sections/calc_p17_s4.jpg,plain_negative
sections/calc_p7_s1.jpg,sections/calc_p18_s2.jpg,plain_negative
sections/calc_p7_s1.jpg,sections/calc_p18_s3.jpg,plain_negative
sections/calc_p7_s1.jpg,sections/calc_p18_s4.jpg,plain_negative
sections/calc_p7_s1.jpg,sections/calc_p18_s5.jpg,plain_negative
sections/calc_p7_s1.jpg,sections/calc_p19_s1.jpg,plain_negative
sections/calc_p7_s1.jpg,sections/calc_p19_s2.jpg,plain_negative
sections/calc_p7_s1.jpg,sections/calc_p20_s2.jpg,hard_negative
sections/calc_p7_s1.jpg,sections/calc_p21_s1.jpg,hard_negative
sections/calc_p7_s1.jpg,sections/calc_p21_s2.jpg,hard_negative
sections/calc_p7_s1.jpg,sections/la_p1_s1.jpg,plain_negative
sections/calc_p7_s1.jpg,sections/la_p1_s2.jpg,plain_negative
sections/calc_p7_s1.jpg,sections/la_p1_s3.jpg,plain_negative
sections/calc_p7_s1.jpg,sections/la_p1_s4.jpg,plain_negative
sections/calc_p7_s1.jpg,sections/la_p1_s5.jpg,plain_negative
sections/calc_p7_s1.jpg,sections/la_p2_s1.jpg,plain_negative
sections/calc_p7_s1.jpg,sections/la_p2_s2.jpg,plain_negative
sections/calc_p7_s1.jpg,sections/la_p2_s3.jpg,plain_negative
sections/calc_p7_s1.jpg,sections/la_p2_s4.jpg,plain_negative
sections/calc_p7_s1.jpg,sections/la_p3_s1.jpg,plain_negative
sections/calc_p7_s1.jpg,sections/la_p3_s2.jpg,plain_negative
sections/calc_p7_s1.jpg,sections/la_p3_s3.jpg,plain_negative
sections/calc_p7_s1.jpg,sections/la_p3_s4.jpg,plain_negative
sections/calc_p7_s1.jpg,sections/la_p5_s1.jpg,plain_negative
sections/calc_p7_s1.jpg,sections/la_p5_s2.jpg,plain_negative
sections/calc_p7_s1.jpg,sections/la_p5_s3.jpg,plain_negative
sections/calc_p7_s1.jpg,sections/la_p6_s1.jpg,plain_negative
sections/calc_p7_s1.jpg,sections/la_p6_s3.jpg,plain_negative
sections/calc_p7_s1.jpg,sections/la_p7_s1.jpg,plain_negative
sections/calc_p7_s1.jpg,sections/la_p7_s2.jpg,plain_negative
sections/calc_p7_s1.jpg,sections/la_p7_s3.jpg,plain_negative
sections/calc_p7_s1.jpg,sections/la_p8_s1.jpg,plain_negative
sections/calc_p7_s1.jpg,sections/la_p8_s2.jpg,plain_negative
sections/calc_p7_s1.jpg,sections/la_p8_s3.jpg,plain_negative
sections/calc_p7_s1.jpg,sections/la_p8_s4.jpg,plain_negative
sections/calc_p7_s1.jpg,sections/la_p9_s1.jpg,plain_negative
sections/calc_p7_s1.jpg,sections/la_p9_s2.jpg,plain_negative
sections/calc_p7_s1.jpg,sections/la_p9_s3.jpg,plain_negative
sections/calc_p7_s1.jpg,sections/la_p9_s5.jpg,plain_negative
sections/calc_p7_s1.jpg,sections/la_p10_s1.jpg,plain_negative
sections/calc_p7_s1.jpg,sections/la_p10_s2.jpg,plain_negative
sections/calc_p7_s1.jpg,sections/la_p10_s3.jpg,plain_negative
sections/calc_p7_s1.jpg,sections/la_p10_s4.jpg,plain_negative
sections/calc_p7_s1.jpg,sections/la_p10_s6.jpg,plain_negative
sections/calc_p7_s1.jpg,sections/la_p11_s1.jpg,plain_negative
sections/calc_p7_s1.jpg,sections/la_p11_s2.jpg,plain_negative
sections/calc_p7_s1.jpg,sections/la_p11_s4.jpg,plain_negative
sections/calc_p7_s1.jpg,sections/la_p11_s6.jpg,plain_negative
sections/calc_p7_s1.jpg,sections/la_p12_s1.jpg,plain_negative
sections/calc_p7_s1.jpg,sections/la_p12_s2.jpg,plain_negative
sections/calc_p7_s1.jpg,sections/la_p12_s3.jpg,plain_negative
sections/calc_p7_s1.jpg,sections/la_p13_s1.jpg,plain_negative
sections/calc_p7_s1.jpg,sections/la_p13_s2.jpg,plain_negative
sections/calc_p7_s1.jpg,sections/la_p13_s3.jpg,plain_negative
sections/calc_p7_s1.jpg,sections/la_p13_s4.jpg,plain_negative
sections/calc_p7_s1.jpg,sections/la_p13_s5.jpg,plain_negative
sections/calc_p7_s1.jpg,sections/la_p13_s6.jpg,plain_negative
sections/calc_p7_s1.jpg,sections/la_p14_s1.jpg,plain_negative
sections/calc_p7_s1.jpg,sections/la_p14_s2.jpg,plain_negative
sections/calc_p7_s1.jpg,sections/la_p14_s3.jpg,plain_negative
sections/calc_p7_s1.jpg,sections/la_p14_s4.jpg,plain_negative
sections/calc_p7_s1.jpg,sections/la_p14_s5.jpg,plain_negative
sections/calc_p7_s1.jpg,sections/la_p15_s1.jpg,plain_negative
sections/calc_p7_s1.jpg,sections/la_p15_s2.jpg,plain_negative
sections/calc_p7_s1.jpg,sections/la_p16_s1.jpg,plain_negative
sections/calc_p7_s1.jpg,sections/la_p16_s2.jpg,plain_negative
sections/calc_p7_s1.jpg,sections/la_p16_s3.jpg,plain_negative
sections/calc_p7_s1.jpg,sections/la_p16_s4.jpg,plain_negative
sections/calc_p7_s1.jpg,sections/la_p16_s5.jpg,plain_negative
sections/calc_p7_s1.jpg,sections/la_p17_s1.jpg,plain_negative
sections/calc_p7_s1.jpg,sections/la_p17_s2.jpg,plain_negative
sections/calc_p7_s1.jpg,sections/la_p17_s3.jpg,plain_negative
sections/calc_p7_s1.jpg,sections/la_p17_s4.jpg,plain_negative
sections/calc_p7_s1.jpg,sections/la_p17_s6.jpg,plain_negative
sections/calc_p7_s1.jpg,sections/la_p18_s2.jpg,plain_negative
sections/calc_p7_s1.jpg,sections/la_p18_s4.jpg,plain_negative
sections/calc_p7_s1.jpg,sections/la_p18_s5.jpg,plain_negative
sections/calc_p7_s1.jpg,sections/la_p18_s7.jpg,plain_negative
sections/calc_p7_s1.jpg,sections/la_p19_s1.jpg,plain_negative
sections/calc_p7_s1.jpg,sections/la_p19_s2.jpg,plain_negative
sections/calc_p7_s1.jpg,sections/la_p19_s4.jpg,plain_negative
sections/calc_p7_s2.jpg,sections/calc_p7_s4.jpg,plain_negative
sections/calc_p7_s2.jpg,sections/calc_p7_s5.jpg,plain_negative
sections/calc_p7_s2.jpg,sections/calc_p8_s1.jpg,plain_negative
sections/calc_p7_s2.jpg,sections/calc_p8_s2.jpg,plain_negative
sections/calc_p7_s2.jpg,sections/calc_p8_s3.jpg,plain_negative
sections/calc_p7_s2.jpg,sections/calc_p8_s5.jpg,plain_negative
sections/calc_p7_s2.jpg,sections/calc_p9_s1.jpg,plain_negative
sections/calc_p7_s2.jpg,sections/calc_p9_s2.jpg,plain_negative
sections/calc_p7_s2.jpg,sections/calc_p9_s3.jpg,plain_negative
sections/calc_p7_s2.jpg,sections/calc_p9_s4.jpg,plain_negative
sections/calc_p7_s2.jpg,sections/calc_p9_s5.jpg,plain_negative
sections/calc_p7_s2.jpg,sections/calc_p10_s1.jpg,plain_negative
sections/calc_p7_s2.jpg,sections/calc_p10_s2.jpg,plain_negative
sections/calc_p7_s2.jpg,sections/calc_p10_s3.jpg,plain_negative
sections/calc_p7_s2.jpg,sections/calc_p10_s4.jpg,plain_negative
sections/calc_p7_s2.jpg,sections/calc_p10_s5.jpg,plain_negative
sections/calc_p7_s2.jpg,sections/calc_p11_s3.jpg,plain_negative
sections/calc_p7_s2.jpg,sections/calc_p11_s4.jpg,plain_negative
sections/calc_p7_s2.jpg,sections/calc_p12_s1.jpg,plain_negative
sections/calc_p7_s2.jpg,sections/calc_p12_s2.jpg,plain_negative
sections/calc_p7_s2.jpg,sections/calc_p12_s3.jpg,plain_negative
sections/calc_p7_s2.jpg,sections/calc_p13_s1.jpg,plain_negative
sections/calc_p7_s2.jpg,sections/calc_p13_s2.jpg,plain_negative
sections/calc_p7_s2.jpg,sections/calc_p13_s3.jpg,plain_negative
sections/calc_p7_s2.jpg,sections/calc_p13_s4.jpg,plain_negative
sections/calc_p7_s2.jpg,sections/calc_p13_s5.jpg,plain_negative
sections/calc_p7_s2.jpg,sections/calc_p13_s6.jpg,plain_negative
sections/calc_p7_s2.jpg,sections/calc_p14_s1.jpg,plain_negative
sections/calc_p7_s2.jpg,sections/calc_p14_s2.jpg,plain_negative
sections/calc_p7_s2.jpg,sections/calc_p14_s3.jpg,plain_negative
sections/calc_p7_s2.jpg,sections/calc_p15_s1.jpg,plain_negative
sections/calc_p7_s2.jpg,sections/calc_p15_s2.jpg,plain_negative
sections/calc_p7_s2.jpg,sections/calc_p17_s1.jpg,plain_negative
sections/calc_p7_s2.jpg,sections/calc_p17_s2.jpg,plain_negative
sections/calc_p7_s2.jpg,sections/calc_p17_s3.jpg,plain_negative
sections/calc_p7_s2.jpg,sections/calc_p17_s4.jpg,plain_negative
sections/calc_p7_s2.jpg,sections/calc_p18_s2.jpg,plain_negative
sections/calc_p7_s2.jpg,sections/calc_p18_s3.jpg,plain_negative
sections/calc_p7_s2.jpg,sections/calc_p18_s4.jpg,plain_negative
sections/calc_p7_s2.jpg,sections/calc_p18_s5.jpg,plain_negative
sections/calc_p7_s2.jpg,sections/calc_p19_s1.jpg,plain_negative
sections/calc_p7_s2.jpg,sections/calc_p19_s2.jpg,plain_negative
sections/calc_p7_s2.jpg,sections/calc_p20_s2.jpg,plain_negative
sections/calc_p7_s2.jpg,sections/calc_p21_s1.jpg,plain_negative
sections/calc_p7_s2.jpg,sections/calc_p21_s2.jpg,plain_negative
sections/calc_p7_s2.jpg,sections/la_p1_s1.jpg,plain_negative
sections/calc_p7_s2.jpg,sections/la_p1_s2.jpg,plain_negative
sections/calc_p7_s2.jpg,sections/la_p1_s3.jpg,plain_negative
sections/calc_p7_s2.jpg,sections/la_p1_s4.jpg,plain_negative
sections/calc_p7_s2.jpg,sections/la_p1_s5.jpg,plain_negative
sections/calc_p7_s2.jpg,sections/la_p2_s1.jpg,plain_negative
sections/calc_p7_s2.jpg,sections/la_p2_s2.jpg,plain_negative
sections/calc_p7_s2.jpg,sections/la_p2_s3.jpg,plain_negative
sections/calc_p7_s2.jpg,sections/la_p2_s4.jpg,plain_negative
sections/calc_p7_s2.jpg,sections/la_p3_s1.jpg,plain_negative
sections/calc_p7_s2.jpg,sections/la_p3_s2.jpg,plain_negative
sections/calc_p7_s2.jpg,sections/la_p3_s3.jpg,plain_negative
sections/calc_p7_s2.jpg,sections/la_p3_s4.jpg,plain_negative
sections/calc_p7_s2.jpg,sections/la_p5_s1.jpg,plain_negative
sections/calc_p7_s2.jpg,sections/la_p5_s2.jpg,plain_negative
sections/calc_p7_s2.jpg,sections/la_p5_s3.jpg,plain_negative
sections/calc_p7_s2.jpg,sections/la_p6_s1.jpg,plain_negative
sections/calc_p7_s2.jpg,sections/la_p6_s3.jpg,plain_negative
sections/calc_p7_s2.jpg,sections/la_p7_s1.jpg,plain_negative
sections/calc_p7_s2.jpg,sections/la_p7_s2.jpg,plain_negative
sections/calc_p7_s2.jpg,sections/la_p7_s3.jpg,plain_negative
sections/calc_p7_s2.jpg,sections/la_p8_s1.jpg,plain_negative
sections/calc_p7_s2.jpg,sections/la_p8_s2.jpg,plain_negative
sections/calc_p7_s2.jpg,sections/la_p8_s3.jpg,plain_negative
sections/calc_p7_s2.jpg,sections/la_p8_s4.jpg,plain_negative
sections/calc_p7_s2.jpg,sections/la_p9_s1.jpg,plain_negative
sections/calc_p7_s2.jpg,sections/la_p9_s2.jpg,plain_negative
sections/calc_p7_s2.jpg,sections/la_p9_s3.jpg,plain_negative
sections/calc_p7_s2.jpg,sections/la_p9_s5.jpg,plain_negative
sections/calc_p7_s2.jpg,sections/la_p10_s1.jpg,plain_negative
sections/calc_p7_s2.jpg,sections/la_p10_s2.jpg,plain_negative
sections/calc_p7_s2.jpg,sections/la_p10_s3.jpg,plain_negative
sections/calc_p7_s2.jpg,sections/la_p10_s4.jpg,plain_negative
sections/calc_p7_s2.jpg,sections/la_p10_s6.jpg,plain_negative
sections/calc_p7_s2.jpg,sections/la_p11_s1.jpg,plain_negative
sections/calc_p7_s2.jpg,sections/la_p11_s2.jpg,plain_negative
sections/calc_p7_s2.jpg,sections/la_p11_s4.jpg,plain_negative
sections/calc_p7_s2.jpg,sections/la_p11_s6.jpg,plain_negative
sections/calc_p7_s2.jpg,sections/la_p12_s1.jpg,plain_negative
sections/calc_p7_s2.jpg,sections/la_p12_s2.jpg,plain_negative
sections/calc_p7_s2.jpg,sections/la_p12_s3.jpg,plain_negative
sections/calc_p7_s2.jpg,sections/la_p13_s1.jpg,plain_negative
sections/calc_p7_s2.jpg,sections/la_p13_s2.jpg,plain_negative
sections/calc_p7_s2.jpg,sections/la_p13_s3.jpg,plain_negative
sections/calc_p7_s2.jpg,sections/la_p13_s4.jpg,plain_negative
sections/calc_p7_s2.jpg,sections/la_p13_s5.jpg,plain_negative
sections/calc_p7_s2.jpg,sections/la_p13_s6.jpg,plain_negative
sections/calc_p7_s2.jpg,sections/la_p14_s1.jpg,plain_negative
sections/calc_p7_s2.jpg,sections/la_p14_s2.jpg,plain_negative
sections/calc_p7_s2.jpg,sections/la_p14_s3.jpg,plain_negative
sections/calc_p7_s2.jpg,sections/la_p14_s4.jpg,plain_negative
sections/calc_p7_s2.jpg,sections/la_p14_s5.jpg,plain_negative
sections/calc_p7_s2.jpg,sections/la_p15_s1.jpg,plain_negative
sections/calc_p7_s2.jpg,sections/la_p15_s2.jpg,plain_negative
sections/calc_p7_s2.jpg,sections/la_p16_s1.jpg,plain_negative
sections/calc_p7_s2.jpg,sections/la_p16_s2.jpg,plain_negative
sections/calc_p7_s2.jpg,sections/la_p16_s3.jpg,plain_negative
sections/calc_p7_s2.jpg,sections/la_p16_s4.jpg,plain_negative
sections/calc_p7_s2.jpg,sections/la_p16_s5.jpg,plain_negative
sections/calc_p7_s2.jpg,sections/la_p17_s1.jpg,plain_negative
sections/calc_p7_s2.jpg,sections/la_p17_s2.jpg,plain_negative
sections/calc_p7_s2.jpg,sections/la_p17_s3.jpg,plain_negative
sections/calc_p7_s2.jpg,sections/la_p17_s4.jpg,plain_negative
sections/calc_p7_s2.jpg,sections/la_p17_s6.jpg,plain_negative
sections/calc_p7_s2.jpg,sections/la_p18_s2.jpg,plain_negative
sections/calc_p7_s2.jpg,sections/la_p18_s4.jpg,plain_negative
sections/calc_p7_s2.jpg,sections/la_p18_s5.jpg,plain_negative
sections/calc_p7_s2.jpg,sections/la_p18_s7.jpg,plain_negative
sections/calc_p7_s2.jpg,sections/la_p19_s1.jpg,plain_negative
sections/calc_p7_s2.jpg,sections/la_p19_s2.jpg,plain_negative
sections/calc_p7_s2.jpg,sections/la_p19_s4.jpg,plain_negative
sections/calc_p7_s4.jpg,sections/calc_p7_s5.jpg,topic_positive
sections/calc_p7_s4.jpg,sections/calc_p8_s1.jpg,plain_negative
sections/calc_p7_s4.jpg,sections/calc_p8_s2.jpg,plain_negative
sections/calc_p7_s4.jpg,sections/calc_p8_s3.jpg,plain_negative
sections/calc_p7_s4.jpg,sections/calc_p8_s5.jpg,plain_negative
sections/calc_p7_s4.jpg,sections/calc_p9_s1.jpg,plain_negative
sections/calc_p7_s4.jpg,sections/calc_p9_s2.jpg,plain_negative
sections/calc_p7_s4.jpg,sections/calc_p9_s3.jpg,plain_negative
sections/calc_p7_s4.jpg,sections/calc_p9_s4.jpg,plain_negative
sections/calc_p7_s4.jpg,sections/calc_p9_s5.jpg,plain_negative
sections/calc_p7_s4.jpg,sections/calc_p10_s1.jpg,plain_negative
sections/calc_p7_s4.jpg,sections/calc_p10_s2.jpg,plain_negative
sections/calc_p7_s4.jpg,sections/calc_p10_s3.jpg,plain_negative
sections/calc_p7_s4.jpg,sections/calc_p10_s4.jpg,plain_negative
sections/calc_p7_s4.jpg,sections/calc_p10_s5.jpg,plain_negative
sections/calc_p7_s4.jpg,sections/calc_p11_s3.jpg,plain_negative
sections/calc_p7_s4.jpg,sections/calc_p11_s4.jpg,plain_negative
sections/calc_p7_s4.jpg,sections/calc_p12_s1.jpg,plain_negative
sections/calc_p7_s4.jpg,sections/calc_p12_s2.jpg,plain_negative
sections/calc_p7_s4.jpg,sections/calc_p12_s3.jpg,plain_negative
sections/calc_p7_s4.jpg,sections/calc_p13_s1.jpg,plain_negative
sections/calc_p7_s4.jpg,sections/calc_p13_s2.jpg,plain_negative
sections/calc_p7_s4.jpg,sections/calc_p13_s3.jpg,plain_negative
sections/calc_p7_s4.jpg,sections/calc_p13_s4.jpg,plain_negative
sections/calc_p7_s4.jpg,sections/calc_p13_s5.jpg,plain_negative
sections/calc_p7_s4.jpg,sections/calc_p13_s6.jpg,plain_negative
sections/calc_p7_s4.jpg,sections/calc_p14_s1.jpg,plain_negative
sections/calc_p7_s4.jpg,sections/calc_p14_s2.jpg,plain_negative
sections/calc_p7_s4.jpg,sections/calc_p14_s3.jpg,plain_negative
sections/calc_p7_s4.jpg,sections/calc_p15_s1.jpg,plain_negative
sections/calc_p7_s4.jpg,sections/calc_p15_s2.jpg,plain_negative
sections/calc_p7_s4.jpg,sections/calc_p17_s1.jpg,plain_negative
sections/calc_p7_s4.jpg,sections/calc_p17_s2.jpg,plain_negative
sections/calc_p7_s4.jpg,sections/calc_p17_s3.jpg,plain_negative
sections/calc_p7_s4.jpg,sections/calc_p17_s4.jpg,plain_negative
sections/calc_p7_s4.jpg,sections/calc_p18_s2.jpg,plain_negative
sections/calc_p7_s4.jpg,sections/calc_p18_s3.jpg,plain_negative
sections/calc_p7_s4.jpg,sections/calc_p18_s4.jpg,plain_negative
sections/calc_p7_s4.jpg,sections/calc_p18_s5.jpg,plain_negative
sections/calc_p7_s4.jpg,sections/calc_p19_s1.jpg,soft_positive
sections/calc_p7_s4.jpg,sections/calc_p19_s2.jpg,soft_positive
sections/calc_p7_s4.jpg,sections/calc_p20_s2.jpg,soft_positive
sections/calc_p7_s4.jpg,sections/calc_p21_s1.jpg,soft_positive
sections/calc_p7_s4.jpg,sections/calc_p21_s2.jpg,soft_positive
sections/calc_p7_s4.jpg,sections/la_p1_s1.jpg,plain_negative
sections/calc_p7_s4.jpg,sections/la_p1_s2.jpg,plain_negative
sections/calc_p7_s4.jpg,sections/la_p1_s3.jpg,plain_negative
sections/calc_p7_s4.jpg,sections/la_p1_s4.jpg,plain_negative
sections/calc_p7_s4.jpg,sections/la_p1_s5.jpg,plain_negative
sections/calc_p7_s4.jpg,sections/la_p2_s1.jpg,plain_negative
sections/calc_p7_s4.jpg,sections/la_p2_s2.jpg,plain_negative
sections/calc_p7_s4.jpg,sections/la_p2_s3.jpg,plain_negative
sections/calc_p7_s4.jpg,sections/la_p2_s4.jpg,plain_negative
sections/calc_p7_s4.jpg,sections/la_p3_s1.jpg,plain_negative
sections/calc_p7_s4.jpg,sections/la_p3_s2.jpg,plain_negative
sections/calc_p7_s4.jpg,sections/la_p3_s3.jpg,plain_negative
sections/calc_p7_s4.jpg,sections/la_p3_s4.jpg,plain_negative
sections/calc_p7_s4.jpg,sections/la_p5_s1.jpg,plain_negative
sections/calc_p7_s4.jpg,sections/la_p5_s2.jpg,plain_negative
sections/calc_p7_s4.jpg,sections/la_p5_s3.jpg,plain_negative
sections/calc_p7_s4.jpg,sections/la_p6_s1.jpg,plain_negative
sections/calc_p7_s4.jpg,sections/la_p6_s3.jpg,plain_negative
sections/calc_p7_s4.jpg,sections/la_p7_s1.jpg,plain_negative
sections/calc_p7_s4.jpg,sections/la_p7_s2.jpg,plain_negative
sections/calc_p7_s4.jpg,sections/la_p7_s3.jpg,plain_negative
sections/calc_p7_s4.jpg,sections/la_p8_s1.jpg,plain_negative
sections/calc_p7_s4.jpg,sections/la_p8_s2.jpg,plain_negative
sections/calc_p7_s4.jpg,sections/la_p8_s3.jpg,plain_negative
sections/calc_p7_s4.jpg,sections/la_p8_s4.jpg,plain_negative
sections/calc_p7_s4.jpg,sections/la_p9_s1.jpg,plain_negative
sections/calc_p7_s4.jpg,sections/la_p9_s2.jpg,plain_negative
sections/calc_p7_s4.jpg,sections/la_p9_s3.jpg,plain_negative
sections/calc_p7_s4.jpg,sections/la_p9_s5.jpg,plain_negative
sections/calc_p7_s4.jpg,sections/la_p10_s1.jpg,plain_negative
sections/calc_p7_s4.jpg,sections/la_p10_s2.jpg,plain_negative
sections/calc_p7_s4.jpg,sections/la_p10_s3.jpg,plain_negative
sections/calc_p7_s4.jpg,sections/la_p10_s4.jpg,plain_negative
sections/calc_p7_s4.jpg,sections/la_p10_s6.jpg,plain_negative
sections/calc_p7_s4.jpg,sections/la_p11_s1.jpg,plain_negative
sections/calc_p7_s4.jpg,sections/la_p11_s2.jpg,plain_negative
sections/calc_p7_s4.jpg,sections/la_p11_s4.jpg,plain_negative
sections/calc_p7_s4.jpg,sections/la_p11_s6.jpg,plain_negative
sections/calc_p7_s4.jpg,sections/la_p12_s1.jpg,plain_negative
sections/calc_p7_s4.jpg,sections/la_p12_s2.jpg,plain_negative
sections/calc_p7_s4.jpg,sections/la_p12_s3.jpg,plain_negative
sections/calc_p7_s4.jpg,sections/la_p13_s1.jpg,plain_negative
sections/calc_p7_s4.jpg,sections/la_p13_s2.jpg,plain_negative
sections/calc_p7_s4.jpg,sections/la_p13_s3.jpg,plain_negative
sections/calc_p7_s4.jpg,sections/la_p13_s4.jpg,plain_negative
sections/calc_p7_s4.jpg,sections/la_p13_s5.jpg,plain_negative
sections/calc_p7_s4.jpg,sections/la_p13_s6.jpg,plain_negative
sections/calc_p7_s4.jpg,sections/la_p14_s1.jpg,plain_negative
sections/calc_p7_s4.jpg,sections/la_p14_s2.jpg,plain_negative
sections/calc_p7_s4.jpg,sections/la_p14_s3.jpg,plain_negative
sections/calc_p7_s4.jpg,sections/la_p14_s4.jpg,plain_negative
sections/calc_p7_s4.jpg,sections/la_p14_s5.jpg,plain_negative
sections/calc_p7_s4.jpg,sections/la_p15_s1.jpg,plain_negative
sections/calc_p7_s4.jpg,sections/la_p15_s2.jpg,plain_negative
sections/calc_p7_s4.jpg,sections/la_p16_s1.jpg,plain_negative
sections/calc_p7_s4.jpg,sections/la_p16_s2.jpg,plain_negative
sections/calc_p7_s4.jpg,sections/la_p16_s3.jpg,plain_negative
sections/calc_p7_s4.jpg,sections/la_p16_s4.jpg,plain_negative
sections/calc_p7_s4.jpg,sections/la_p16_s5.jpg,plain_negative
sections/calc_p7_s4.jpg,sections/la_p17_s1.jpg,plain_negative
sections/calc_p7_s4.jpg,sections/la_p17_s2.jpg,plain_negative
sections/calc_p7_s4.jpg,sections/la_p17_s3.jpg,plain_negative
sections/calc_p7_s4.jpg,sections/la_p17_s4.jpg,plain_negative
sections/calc_p7_s4.jpg,sections/la_p17_s6.jpg,plain_negative
sections/calc_p7_s4.jpg,sections/la_p18_s2.jpg,plain_negative
sections/calc_p7_s4.jpg,sections/la_p18_s4.jpg,plain_negative
sections/calc_p7_s4.jpg,sections/la_p18_s5.jpg,plain_negative
sections/calc_p7_s4.jpg,sections/la_p18_s7.jpg,plain_negative
sections/calc_p7_s4.jpg,sections/la_p19_s1.jpg,plain_negative
sections/calc_p7_s4.jpg,sections/la_p19_s2.jpg,plain_negative
sections/calc_p7_s4.jpg,sections/la_p19_s4.jpg,plain_negative
sections/calc_p7_s5.jpg,sections/calc_p8_s1.jpg,plain_negative
sections/calc_p7_s5.jpg,sections/calc_p8_s2.jpg,plain_negative
sections/calc_p7_s5.jpg,sections/calc_p8_s3.jpg,plain_negative
sections/calc_p7_s5.jpg,sections/calc_p8_s5.jpg,plain_negative
sections/calc_p7_s5.jpg,sections/calc_p9_s1.jpg,plain_negative
sections/calc_p7_s5.jpg,sections/calc_p9_s2.jpg,plain_negative
sections/calc_p7_s5.jpg,sections/calc_p9_s3.jpg,plain_negative
sections/calc_p7_s5.jpg,sections/calc_p9_s4.jpg,plain_negative
sections/calc_p7_s5.jpg,sections/calc_p9_s5.jpg,plain_negative
sections/calc_p7_s5.jpg,sections/calc_p10_s1.jpg,plain_negative
sections/calc_p7_s5.jpg,sections/calc_p10_s2.jpg,plain_negative
sections/calc_p7_s5.jpg,sections/calc_p10_s3.jpg,plain_negative
sections/calc_p7_s5.jpg,sections/calc_p10_s4.jpg,plain_negative
sections/calc_p7_s5.jpg,sections/calc_p10_s5.jpg,plain_negative
sections/calc_p7_s5.jpg,sections/calc_p11_s3.jpg,plain_negative
sections/calc_p7_s5.jpg,sections/calc_p11_s4.jpg,plain_negative
sections/calc_p7_s5.jpg,sections/calc_p12_s1.jpg,plain_negative
sections/calc_p7_s5.jpg,sections/calc_p12_s2.jpg,plain_negative
sections/calc_p7_s5.jpg,sections/calc_p12_s3.jpg,plain_negative
sections/calc_p7_s5.jpg,sections/calc_p13_s1.jpg,plain_negative
sections/calc_p7_s5.jpg,sections/calc_p13_s2.jpg,plain_negative
sections/calc_p7_s5.jpg,sections/calc_p13_s3.jpg,plain_negative
sections/calc_p7_s5.jpg,sections/calc_p13_s4.jpg,plain_negative
sections/calc_p7_s5.jpg,sections/calc_p13_s5.jpg,plain_negative
sections/calc_p7_s5.jpg,sections/calc_p13_s6.jpg,plain_negative
sections/calc_p7_s5.jpg,sections/calc_p14_s1.jpg,plain_negative
sections/calc_p7_s5.jpg,sections/calc_p14_s2.jpg,plain_negative
sections/calc_p7_s5.jpg,sections/calc_p14_s3.jpg,plain_negative
sections/calc_p7_s5.jpg,sections/calc_p15_s1.jpg,plain_negative
sections/calc_p7_s5.jpg,sections/calc_p15_s2.jpg,plain_negative
sections/calc_p7_s5.jpg,sections/calc_p17_s1.jpg,plain_negative
sections/calc_p7_s5.jpg,sections/calc_p17_s2.jpg,plain_negative
sections/calc_p7_s5.jpg,sections/calc_p17_s3.jpg,plain_negative
sections/calc_p7_s5.jpg,sections/calc_p17_s4.jpg,plain_negative
sections/calc_p7_s5.jpg,sections/calc_p18_s2.jpg,plain_negative
sections/calc_p7_s5.jpg,sections/calc_p18_s3.jpg,plain_negative
sections/calc_p7_s5.jpg,sections/calc_p18_s4.jpg,plain_negative
sections/calc_p7_s5.jpg,sections/calc_p18_s5.jpg,plain_negative
sections/calc_p7_s5.jpg,sections/calc_p19_s1.jpg,soft_positive
sections/calc_p7_s5.jpg,sections/calc_p19_s2.jpg,soft_positive
sections/calc_p7_s5.jpg,sections/calc_p20_s2.jpg,soft_positive
sections/calc_p7_s5.jpg,sections/calc_p21_s1.jpg,soft_positive
sections/calc_p7_s5.jpg,sections/calc_p21_s2.jpg,soft_positive
sections/calc_p7_s5.jpg,sections/la_p1_s1.jpg,plain_negative
sections/calc_p7_s5.jpg,sections/la_p1_s2.jpg,plain_negative
sections/calc_p7_s5.jpg,sections/la_p1_s3.jpg,plain_negative
sections/calc_p7_s5.jpg,sections/la_p1_s4.jpg,plain_negative
sections/calc_p7_s5.jpg,sections/la_p1_s5.jpg,plain_negative
sections/calc_p7_s5.jpg,sections/la_p2_s1.jpg,plain_negative
sections/calc_p7_s5.jpg,sections/la_p2_s2.jpg,plain_negative
sections/calc_p7_s5.jpg,sections/la_p2_s3.jpg,plain_negative
sections/calc_p7_s5.jpg,sections/la_p2_s4.jpg,plain_negative
sections/calc_p7_s5.jpg,sections/la_p3_s1.jpg,plain_negative
sections/calc_p7_s5.jpg,sections/la_p3_s2.jpg,plain_negative
sections/calc_p7_s5.jpg,sections/la_p3_s3.jpg,plain_negative
sections/calc_p7_s5.jpg,sections/la_p3_s4.jpg,plain_negative
sections/calc_p7_s5.jpg,sections/la_p5_s1.jpg,plain_negative
sections/calc_p7_s5.jpg,sections/la_p5_s2.jpg,plain_negative
sections/calc_p7_s5.jpg,sections/la_p5_s3.jpg,plain_negative
sections/calc_p7_s5.jpg,sections/la_p6_s1.jpg,plain_negative
sections/calc_p7_s5.jpg,sections/la_p6_s3.jpg,plain_negative
sections/calc_p7_s5.jpg,sections/la_p7_s1.jpg,plain_negative
sections/calc_p7_s5.jpg,sections/la_p7_s2.jpg,plain_negative
sections/calc_p7_s5.jpg,sections/la_p7_s3.jpg,plain_negative
sections/calc_p7_s5.jpg,sections/la_p8_s1.jpg,plain_negative
sections/calc_p7_s5.jpg,sections/la_p8_s2.jpg,plain_negative
sections/calc_p7_s5.jpg,sections/la_p8_s3.jpg,plain_negative
sections/calc_p7_s5.jpg,sections/la_p8_s4.jpg,plain_negative
sections/calc_p7_s5.jpg,sections/la_p9_s1.jpg,plain_negative
sections/calc_p7_s5.jpg,sections/la_p9_s2.jpg,plain_negative
sections/calc_p7_s5.jpg,sections/la_p9_s3.jpg,plain_negative
sections/calc_p7_s5.jpg,sections/la_p9_s5.jpg,plain_negative
sections/calc_p7_s5.jpg,sections/la_p10_s1.jpg,plain_negative
sections/calc_p7_s5.jpg,sections/la_p10_s2.jpg,plain_negative
sections/calc_p7_s5.jpg,sections/la_p10_s3.jpg,plain_negative
sections/calc_p7_s5.jpg,sections/la_p10_s4.jpg,plain_negative
sections/calc_p7_s5.jpg,sections/la_p10_s6.jpg,plain_negative
sections/calc_p7_s5.jpg,sections/la_p11_s1.jpg,plain_negative
sections/calc_p7_s5.jpg,sections/la_p11_s2.jpg,plain_negative
sections/calc_p7_s5.jpg,sections/la_p11_s4.jpg,plain_negative
sections/calc_p7_s5.jpg,sections/la_p11_s6.jpg,plain_negative
sections/calc_p7_s5.jpg,sections/la_p12_s1.jpg,plain_negative
sections/calc_p7_s5.jpg,sections/la_p12_s2.jpg,plain_negative
sections/calc_p7_s5.jpg,sections/la_p12_s3.jpg,plain_negative
sections/calc_p7_s5.jpg,sections/la_p13_s1.jpg,plain_negative
sections/calc_p7_s5.jpg,sections/la_p13_s2.jpg,plain_negative
sections/calc_p7_s5.jpg,sections/la_p13_s3.jpg,plain_negative
sections/calc_p7_s5.jpg,sections/la_p13_s4.jpg,plain_negative
sections/calc_p7_s5.jpg,sections/la_p13_s5.jpg,plain_negative
sections/calc_p7_s5.jpg,sections/la_p13_s6.jpg,plain_negative
sections/calc_p7_s5.jpg,sections/la_p14_s1.jpg,plain_negative
sections/calc_p7_s5.jpg,sections/la_p14_s2.jpg,plain_negative
sections/calc_p7_s5.jpg,sections/la_p14_s3.jpg,plain_negative
sections/calc_p7_s5.jpg,sections/la_p14_s4.jpg,plain_negative
sections/calc_p7_s5.jpg,sections/la_p14_s5.jpg,plain_negative
sections/calc_p7_s5.jpg,sections/la_p15_s1.jpg,plain_negative
sections/calc_p7_s5.jpg,sections/la_p15_s2.jpg,plain_negative
sections/calc_p7_s5.jpg,sections/la_p16_s1.jpg,plain_negative
sections/calc_p7_s5.jpg,sections/la_p16_s2.jpg,plain_negative
sections/calc_p7_s5.jpg,sections/la_p16_s3.jpg,plain_negative
sections/calc_p7_s5.jpg,sections/la_p16_s4.jpg,plain_negative
sections/calc_p7_s5.jpg,sections/la_p16_s5.jpg,plain_negative
sections/calc_p7_s5.jpg,sections/la_p17_s1.jpg,plain_negative
sections/calc_p7_s5.jpg,sections/la_p17_s2.jpg,plain_negative
sections/calc_p7_s5.jpg,sections/la_p17_s3.jpg,plain_negative
sections/calc_p7_s5.jpg,sections/la_p17_s4.jpg,plain_negative
sections/calc_p7_s5.jpg,sections/la_p17_s6.jpg,plain_negative
sections/calc_p7_s5.jpg,sections/la_p18_s2.jpg,plain_negative
sections/calc_p7_s5.jpg,sections/la_p18_s4.jpg,plain_negative
sections/calc_p7_s5.jpg,sections/la_p18_s5.jpg,plain_negative
sections/calc_p7_s5.jpg,sections/la_p18_s7.jpg,plain_negative
sections/calc_p7_s5.jpg,sections/la_p19_s1.jpg,plain_negative
sections/calc_p7_s5.jpg,sections/la_p19_s2.jpg,plain_negative
sections/calc_p7_s5.jpg,sections/la_p19_s4.jpg,plain_negative
sections/calc_p8_s1.jpg,sections/calc_p8_s2.jpg,topic_positive
sections/calc_p8_s1.jpg,sections/calc_p8_s3.jpg,soft_positive
sections/calc_p8_s1.jpg,sections/calc_p8_s5.jpg,soft_positive
sections/calc_p8_s1.jpg,sections/calc_p9_s1.jpg,plain_negative
sections/calc_p8_s1.jpg,sections/calc_p9_s2.jpg,plain_negative
sections/calc_p8_s1.jpg,sections/calc_p9_s3.jpg,plain_negative
sections/calc_p8_s1.jpg,sections/calc_p9_s4.jpg,plain_negative
sections/calc_p8_s1.jpg,sections/calc_p9_s5.jpg,plain_negative
sections/calc_p8_s1.jpg,sections/calc_p10_s1.jpg,plain_negative
sections/calc_p8_s1.jpg,sections/calc_p10_s2.jpg,plain_negative
sections/calc_p8_s1.jpg,sections/calc_p10_s3.jpg,plain_negative
sections/calc_p8_s1.jpg,sections/calc_p10_s4.jpg,plain_negative
sections/calc_p8_s1.jpg,sections/calc_p10_s5.jpg,plain_negative
sections/calc_p8_s1.jpg,sections/calc_p11_s3.jpg,plain_negative
sections/calc_p8_s1.jpg,sections/calc_p11_s4.jpg,plain_negative
sections/calc_p8_s1.jpg,sections/calc_p12_s1.jpg,plain_negative
sections/calc_p8_s1.jpg,sections/calc_p12_s2.jpg,plain_negative
sections/calc_p8_s1.jpg,sections/calc_p12_s3.jpg,plain_negative
sections/calc_p8_s1.jpg,sections/calc_p13_s1.jpg,plain_negative
sections/calc_p8_s1.jpg,sections/calc_p13_s2.jpg,plain_negative
sections/calc_p8_s1.jpg,sections/calc_p13_s3.jpg,plain_negative
sections/calc_p8_s1.jpg,sections/calc_p13_s4.jpg,plain_negative
sections/calc_p8_s1.jpg,sections/calc_p13_s5.jpg,plain_negative
sections/calc_p8_s1.jpg,sections/calc_p13_s6.jpg,plain_negative
sections/calc_p8_s1.jpg,sections/calc_p14_s1.jpg,plain_negative
sections/calc_p8_s1.jpg,sections/calc_p14_s2.jpg,plain_negative
sections/calc_p8_s1.jpg,sections/calc_p14_s3.jpg,plain_negative
sections/calc_p8_s1.jpg,sections/calc_p15_s1.jpg,plain_negative
sections/calc_p8_s1.jpg,sections/calc_p15_s2.jpg,plain_negative
sections/calc_p8_s1.jpg,sections/calc_p17_s1.jpg,plain_negative
sections/calc_p8_s1.jpg,sections/calc_p17_s2.jpg,plain_negative
sections/calc_p8_s1.jpg,sections/calc_p17_s3.jpg,plain_negative
sections/calc_p8_s1.jpg,sections/calc_p17_s4.jpg,plain_negative
sections/calc_p8_s1.jpg,sections/calc_p18_s2.jpg,plain_negative
sections/calc_p8_s1.jpg,sections/calc_p18_s3.jpg,plain_negative
sections/calc_p8_s1.jpg,sections/calc_p18_s4.jpg,plain_negative
sections/calc_p8_s1.jpg,sections/calc_p18_s5.jpg,plain_negative
sections/calc_p8_s1.jpg,sections/calc_p19_s1.jpg,plain_negative
sections/calc_p8_s1.jpg,sections/calc_p19_s2.jpg,plain_negative
sections/calc_p8_s1.jpg,sections/calc_p20_s2.jpg,plain_negative
sections/calc_p8_s1.jpg,sections/calc_p21_s1.jpg,plain_negative
sections/calc_p8_s1.jpg,sections/calc_p21_s2.jpg,plain_negative
sections/calc_p8_s1.jpg,sections/la_p1_s1.jpg,plain_negative
sections/calc_p8_s1.jpg,sections/la_p1_s2.jpg,plain_negative
sections/calc_p8_s1.jpg,sections/la_p1_s3.jpg,plain_negative
sections/calc_p8_s1.jpg,sections/la_p1_s4.jpg,plain_negative
sections/calc_p8_s1.jpg,sections/la_p1_s5.jpg,plain_negative
sections/calc_p8_s1.jpg,sections/la_p2_s1.jpg,plain_negative
sections/calc_p8_s1.jpg,sections/la_p2_s2.jpg,plain_negative
sections/calc_p8_s1.jpg,sections/la_p2_s3.jpg,plain_negative
sections/calc_p8_s1.jpg,sections/la_p2_s4.jpg,plain_negative
sections/calc_p8_s1.jpg,sections/la_p3_s1.jpg,plain_negative
sections/calc_p8_s1.jpg,sections/la_p3_s2.jpg,plain_negative
sections/calc_p8_s1.jpg,sections/la_p3_s3.jpg,plain_negative
sections/calc_p8_s1.jpg,sections/la_p3_s4.jpg,plain_negative
sections/calc_p8_s1.jpg,sections/la_p5_s1.jpg,plain_negative
sections/calc_p8_s1.jpg,sections/la_p5_s2.jpg,plain_negative
sections/calc_p8_s1.jpg,sections/la_p5_s3.jpg,plain_negative
sections/calc_p8_s1.jpg,sections/la_p6_s1.jpg,plain_negative
sections/calc_p8_s1.jpg,sections/la_p6_s3.jpg,plain_negative
sections/calc_p8_s1.jpg,sections/la_p7_s1.jpg,plain_negative
sections/calc_p8_s1.jpg,sections/la_p7_s2.jpg,plain_negative
sections/calc_p8_s1.jpg,sections/la_p7_s3.jpg,plain_negative
sections/calc_p8_s1.jpg,sections/la_p8_s1.jpg,plain_negative
sections/calc_p8_s1.jpg,sections/la_p8_s2.jpg,plain_negative
sections/calc_p8_s1.jpg,sections/la_p8_s3.jpg,plain_negative
sections/calc_p8_s1.jpg,sections/la_p8_s4.jpg,plain_negative
sections/calc_p8_s1.jpg,sections/la_p9_s1.jpg,plain_negative
sections/calc_p8_s1.jpg,sections/la_p9_s2.jpg,plain_negative
sections/calc_p8_s1.jpg,sections/la_p9_s3.jpg,plain_negative
sections/calc_p8_s1.jpg,sections/la_p9_s5.jpg,plain_negative
sections/calc_p8_s1.jpg,sections/la_p10_s1.jpg,plain_negative
sections/calc_p8_s1.jpg,sections/la_p10_s2.jpg,plain_negative
sections/calc_p8_s1.jpg,sections/la_p10_s3.jpg,plain_negative
sections/calc_p8_s1.jpg,sections/la_p10_s4.jpg,plain_negative
sections/calc_p8_s1.jpg,sections/la_p10_s6.jpg,plain_negative
sections/calc_p8_s1.jpg,sections/la_p11_s1.jpg,plain_negative
sections/calc_p8_s1.jpg,sections/la_p11_s2.jpg,plain_negative
sections/calc_p8_s1.jpg,sections/la_p11_s4.jpg,plain_negative
sections/calc_p8_s1.jpg,sections/la_p11_s6.jpg,plain_negative
sections/calc_p8_s1.jpg,sections/la_p12_s1.jpg,plain_negative
sections/calc_p8_s1.jpg,sections/la_p12_s2.jpg,plain_negative
sections/calc_p8_s1.jpg,sections/la_p12_s3.jpg,plain_negative
sections/calc_p8_s1.jpg,sections/la_p13_s1.jpg,plain_negative
sections/calc_p8_s1.jpg,sections/la_p13_s2.jpg,plain_negative
sections/calc_p8_s1.jpg,sections/la_p13_s3.jpg,plain_negative
sections/calc_p8_s1.jpg,sections/la_p13_s4.jpg,plain_negative
sections/calc_p8_s1.jpg,sections/la_p13_s5.jpg,plain_negative
sections/calc_p8_s1.jpg,sections/la_p13_s6.jpg,plain_negative
sections/calc_p8_s1.jpg,sections/la_p14_s1.jpg,plain_negative
sections/calc_p8_s1.jpg,sections/la_p14_s2.jpg,plain_negative
sections/calc_p8_s1.jpg,sections/la_p14_s3.jpg,plain_negative
sections/calc_p8_s1.jpg,sections/la_p14_s4.jpg,plain_negative
sections/calc_p8_s1.jpg,sections/la_p14_s5.jpg,plain_negative
sections/calc_p8_s1.jpg,sections/la_p15_s1.jpg,plain_negative
sections/calc_p8_s1.jpg,sections/la_p15_s2.jpg,plain_negative
sections/calc_p8_s1.jpg,sections/la_p16_s1.jpg,plain_negative
sections/calc_p8_s1.jpg,sections/la_p16_s2.jpg,plain_negative
sections/calc_p8_s1.jpg,sections/la_p16_s3.jpg,plain_negative
sections/calc_p8_s1.jpg,sections/la_p16_s4.jpg,plain_negative
sections/calc_p8_s1.jpg,sections/la_p16_s5.jpg,plain_negative
sections/calc_p8_s1.jpg,sections/la_p17_s1.jpg,plain_negative
sections/calc_p8_s1.jpg,sections/la_p17_s2.jpg,plain_negative
sections/calc_p8_s1.jpg,sections/la_p17_s3.jpg,plain_negative
sections/calc_p8_s1.jpg,sections/la_p17_s4.jpg,plain_negative
sections/calc_p8_s1.jpg,sections/la_p17_s6.jpg,plain_negative
sections/calc_p8_s1.jpg,sections/la_p18_s2.jpg,plain_negative
sections/calc_p8_s1.jpg,sections/la_p18_s4.jpg,plain_negative
sections/calc_p8_s1.jpg,sections/la_p18_s5.jpg,plain_negative
sections/calc_p8_s1.jpg,sections/la_p18_s7.jpg,plain_negative
sections/calc_p8_s1.jpg,sections/la_p19_s1.jpg,plain_negative
sections/calc_p8_s1.jpg,sections/la_p19_s2.jpg,plain_negative
sections/calc_p8_s1.jpg,sections/la_p19_s4.jpg,plain_negative
sections/calc_p8_s2.jpg,sections/calc_p8_s3.jpg,soft_positive
sections/calc_p8_s2.jpg,sections/calc_p8_s5.jpg,soft_positive
sections/calc_p8_s2.jpg,sections/calc_p9_s1.jpg,plain_negative
sections/calc_p8_s2.jpg,sections/calc_p9_s2.jpg,plain_negative
sections/calc_p8_s2.jpg,sections/calc_p9_s3.jpg,plain_negative
sections/calc_p8_s2.jpg,sections/calc_p9_s4.jpg,plain_negative
sections/calc_p8_s2.jpg,sections/calc_p9_s5.jpg,plain_negative
sections/calc_p8_s2.jpg,sections/calc_p10_s1.jpg,plain_negative
sections/calc_p8_s2.jpg,sections/calc_p10_s2.jpg,plain_negative
sections/calc_p8_s2.jpg,sections/calc_p10_s3.jpg,plain_negative
sections/calc_p8_s2.jpg,sections/calc_p10_s4.jpg,plain_negative
sections/calc_p8_s2.jpg,sections/calc_p10_s5.jpg,plain_negative
sections/calc_p8_s2.jpg,sections/calc_p11_s3.jpg,plain_negative
sections/calc_p8_s2.jpg,sections/calc_p11_s4.jpg,plain_negative
sections/calc_p8_s2.jpg,sections/calc_p12_s1.jpg,plain_negative
sections/calc_p8_s2.jpg,sections/calc_p12_s2.jpg,plain_negative
sections/calc_p8_s2.jpg,sections/calc_p12_s3.jpg,plain_negative
sections/calc_p8_s2.jpg,sections/calc_p13_s1.jpg,plain_negative
sections/calc_p8_s2.jpg,sections/calc_p13_s2.jpg,plain_negative
sections/calc_p8_s2.jpg,sections/calc_p13_s3.jpg,plain_negative
sections/calc_p8_s2.jpg,sections/calc_p13_s4.jpg,plain_negative
sections/calc_p8_s2.jpg,sections/calc_p13_s5.jpg,plain_negative
sections/calc_p8_s2.jpg,sections/calc_p13_s6.jpg,plain_negative
sections/calc_p8_s2.jpg,sections/calc_p14_s1.jpg,plain_negative
sections/calc_p8_s2.jpg,sections/calc_p14_s2.jpg,plain_negative
sections/calc_p8_s2.jpg,sections/calc_p14_s3.jpg,plain_negative
sections/calc_p8_s2.jpg,sections/calc_p15_s1.jpg,plain_negative
sections/calc_p8_s2.jpg,sections/calc_p15_s2.jpg,plain_negative
sections/calc_p8_s2.jpg,sections/calc_p17_s1.jpg,plain_negative
sections/calc_p8_s2.jpg,sections/calc_p17_s2.jpg,plain_negative
sections/calc_p8_s2.jpg,sections/calc_p17_s3.jpg,plain_negative
sections/calc_p8_s2.jpg,sections/calc_p17_s4.jpg,plain_negative
sections/calc_p8_s2.jpg,sections/calc_p18_s2.jpg,plain_negative
sections/calc_p8_s2.jpg,sections/calc_p18_s3.jpg,plain_negative
sections/calc_p8_s2.jpg,sections/calc_p18_s4.jpg,plain_negative
sections/calc_p8_s2.jpg,sections/calc_p18_s5.jpg,plain_negative
sections/calc_p8_s2.jpg,sections/calc_p19_s1.jpg,plain_negative
sections/calc_p8_s2.jpg,sections/calc_p19_s2.jpg,plain_negative
sections/calc_p8_s2.jpg,sections/calc_p20_s2.jpg,plain_negative
sections/calc_p8_s2.jpg,sections/calc_p21_s1.jpg,plain_negative
sections/calc_p8_s2.jpg,sections/calc_p21_s2.jpg,plain_negative
sections/calc_p8_s2.jpg,sections/la_p1_s1.jpg,plain_negative
sections/calc_p8_s2.jpg,sections/la_p1_s2.jpg,plain_negative
sections/calc_p8_s2.jpg,sections/la_p1_s3.jpg,plain_negative
sections/calc_p8_s2.jpg,sections/la_p1_s4.jpg,plain_negative
sections/calc_p8_s2.jpg,sections/la_p1_s5.jpg,plain_negative
sections/calc_p8_s2.jpg,sections/la_p2_s1.jpg,plain_negative
sections/calc_p8_s2.jpg,sections/la_p2_s2.jpg,plain_negative
sections/calc_p8_s2.jpg,sections/la_p2_s3.jpg,plain_negative
sections/calc_p8_s2.jpg,sections/la_p2_s4.jpg,plain_negative
sections/calc_p8_s2.jpg,sections/la_p3_s1.jpg,plain_negative
sections/calc_p8_s2.jpg,sections/la_p3_s2.jpg,plain_negative
sections/calc_p8_s2.jpg,sections/la_p3_s3.jpg,plain_negative
sections/calc_p8_s2.jpg,sections/la_p3_s4.jpg,plain_negative
sections/calc_p8_s2.jpg,sections/la_p5_s1.jpg,plain_negative
sections/calc_p8_s2.jpg,sections/la_p5_s2.jpg,plain_negative
sections/calc_p8_s2.jpg,sections/la_p5_s3.jpg,plain_negative
sections/calc_p8_s2.jpg,sections/la_p6_s1.jpg,plain_negative
sections/calc_p8_s2.jpg,sections/la_p6_s3.jpg,plain_negative
sections/calc_p8_s2.jpg,sections/la_p7_s1.jpg,plain_negative
sections/calc_p8_s2.jpg,sections/la_p7_s2.jpg,plain_negative
sections/calc_p8_s2.jpg,sections/la_p7_s3.jpg,plain_negative
sections/calc_p8_s2.jpg,sections/la_p8_s1.jpg,plain_negative
sections/calc_p8_s2.jpg,sections/la_p8_s2.jpg,plain_negative
sections/calc_p8_s2.jpg,sections/la_p8_s3.jpg,plain_negative
sections/calc_p8_s2.jpg,sections/la_p8_s4.jpg,plain_negative
sections/calc_p8_s2.jpg,sections/la_p9_s1.jpg,plain_negative
sections/calc_p8_s2.jpg,sections/la_p9_s2.jpg,plain_negative
sections/calc_p8_s2.jpg,sections/la_p9_s3.jpg,plain_negative
sections/calc_p8_s2.jpg,sections/la_p9_s5.jpg,plain_negative
sections/calc_p8_s2.jpg,sections/la_p10_s1.jpg,plain_negative
sections/calc_p8_s2.jpg,sections/la_p10_s2.jpg,plain_negative
sections/calc_p8_s2.jpg,sections/la_p10_s3.jpg,plain_negative
sections/calc_p8_s2.jpg,sections/la_p10_s4.jpg,plain_negative
sections/calc_p8_s2.jpg,sections/la_p10_s6.jpg,plain_negative
sections/calc_p8_s2.jpg,sections/la_p11_s1.jpg,plain_negative
sections/calc_p8_s2.jpg,sections/la_p11_s2.jpg,plain_negative
sections/calc_p8_s2.jpg,sections/la_p11_s4.jpg,plain_negative
sections/calc_p8_s2.jpg,sections/la_p11_s6.jpg,plain_negative
sections/calc_p8_s2.jpg,sections/la_p12_s1.jpg,plain_negative
sections/calc_p8_s2.jpg,sections/la_p12_s2.jpg,plain_negative
sections/calc_p8_s2.jpg,sections/la_p12_s3.jpg,plain_negative
sections/calc_p8_s2.jpg,sections/la_p13_s1.jpg,plain_negative
sections/calc_p8_s2.jpg,sections/la_p13_s2.jpg,plain_negative
sections/calc_p8_s2.jpg,sections/la_p13_s3.jpg,plain_negative
sections/calc_p8_s2.jpg,sections/la_p13_s4.jpg,plain_negative
sections/calc_p8_s2.jpg,sections/la_p13_s5.jpg,plain_negative
sections/calc_p8_s2.jpg,sections/la_p13_s6.jpg,plain_negative
sections/calc_p8_s2.jpg,sections/la_p14_s1.jpg,plain_negative
sections/calc_p8_s2.jpg,sections/la_p14_s2.jpg,plain_negative
sections/calc_p8_s2.jpg,sections/la_p14_s3.jpg,plain_negative
sections/calc_p8_s2.jpg,sections/la_p14_s4.jpg,plain_negative
sections/calc_p8_s2.jpg,sections/la_p14_s5.jpg,plain_negative
sections/calc_p8_s2.jpg,sections/la_p15_s1.jpg,plain_negative
sections/calc_p8_s2.jpg,sections/la_p15_s2.jpg,plain_negative
sections/calc_p8_s2.jpg,sections/la_p16_s1.jpg,plain_negative
sections/calc_p8_s2.jpg,sections/la_p16_s2.jpg,plain_negative
sections/calc_p8_s2.jpg,sections/la_p16_s3.jpg,plain_negative
sections/calc_p8_s2.jpg,sections/la_p16_s4.jpg,plain_negative
sections/calc_p8_s2.jpg,sections/la_p16_s5.jpg,plain_negative
sections/calc_p8_s2.jpg,sections/la_p17_s1.jpg,plain_negative
sections/calc_p8_s2.jpg,sections/la_p17_s2.jpg,plain_negative
sections/calc_p8_s2.jpg,sections/la_p17_s3.jpg,plain_negative
sections/calc_p8_s2.jpg,sections/la_p17_s4.jpg,plain_negative
sections/calc_p8_s2.jpg,sections/la_p17_s6.jpg,plain_negative
sections/calc_p8_s2.jpg,sections/la_p18_s2.jpg,plain_negative
sections/calc_p8_s2.jpg,sections/la_p18_s4.jpg,plain_negative
sections/calc_p8_s2.jpg,sections/la_p18_s5.jpg,plain_negative
sections/calc_p8_s2.jpg,sections/la_p18_s7.jpg,plain_negative
sections/calc_p8_s2.jpg,sections/la_p19_s1.jpg,plain_negative
sections/calc_p8_s2.jpg,sections/la_p19_s2.jpg,plain_negative
sections/calc_p8_s2.jpg,sections/la_p19_s4.jpg,plain_negative
sections/calc_p8_s3.jpg,sections/calc_p8_s5.jpg,soft_positive
sections/calc_p8_s3.jpg,sections/calc_p9_s1.jpg,plain_negative
sections/calc_p8_s3.jpg,sections/calc_p9_s2.jpg,plain_negative
sections/calc_p8_s3.jpg,sections/calc_p9_s3.jpg,plain_negative
sections/calc_p8_s3.jpg,sections/calc_p9_s4.jpg,plain_negative
sections/calc_p8_s3.jpg,sections/calc_p9_s5.jpg,plain_negative
sections/calc_p8_s3.jpg,sections/calc_p10_s1.jpg,plain_negative
sections/calc_p8_s3.jpg,sections/calc_p10_s2.jpg,plain_negative
sections/calc_p8_s3.jpg,sections/calc_p10_s3.jpg,plain_negative
sections/calc_p8_s3.jpg,sections/calc_p10_s4.jpg,plain_negative
sections/calc_p8_s3.jpg,sections/calc_p10_s5.jpg,plain_negative
sections/calc_p8_s3.jpg,sections/calc_p11_s3.jpg,plain_negative
sections/calc_p8_s3.jpg,sections/calc_p11_s4.jpg,plain_negative
sections/calc_p8_s3.jpg,sections/calc_p12_s1.jpg,plain_negative
sections/calc_p8_s3.jpg,sections/calc_p12_s2.jpg,plain_negative
sections/calc_p8_s3.jpg,sections/calc_p12_s3.jpg,plain_negative
sections/calc_p8_s3.jpg,sections/calc_p13_s1.jpg,plain_negative
sections/calc_p8_s3.jpg,sections/calc_p13_s2.jpg,plain_negative
sections/calc_p8_s3.jpg,sections/calc_p13_s3.jpg,plain_negative
sections/calc_p8_s3.jpg,sections/calc_p13_s4.jpg,plain_negative
sections/calc_p8_s3.jpg,sections/calc_p13_s5.jpg,plain_negative
sections/calc_p8_s3.jpg,sections/calc_p13_s6.jpg,plain_negative
sections/calc_p8_s3.jpg,sections/calc_p14_s1.jpg,plain_negative
sections/calc_p8_s3.jpg,sections/calc_p14_s2.jpg,plain_negative
sections/calc_p8_s3.jpg,sections/calc_p14_s3.jpg,plain_negative
sections/calc_p8_s3.jpg,sections/calc_p15_s1.jpg,plain_negative
sections/calc_p8_s3.jpg,sections/calc_p15_s2.jpg,plain_negative
sections/calc_p8_s3.jpg,sections/calc_p17_s1.jpg,plain_negative
sections/calc_p8_s3.jpg,sections/calc_p17_s2.jpg,plain_negative
sections/calc_p8_s3.jpg,sections/calc_p17_s3.jpg,plain_negative
sections/calc_p8_s3.jpg,sections/calc_p17_s4.jpg,plain_negative
sections/calc_p8_s3.jpg,sections/calc_p18_s2.jpg,plain_negative
sections/calc_p8_s3.jpg,sections/calc_p18_s3.jpg,plain_negative
sections/calc_p8_s3.jpg,sections/calc_p18_s4.jpg,plain_negative
sections/calc_p8_s3.jpg,sections/calc_p18_s5.jpg,plain_negative
sections/calc_p8_s3.jpg,sections/calc_p19_s1.jpg,plain_negative
sections/calc_p8_s3.jpg,sections/calc_p19_s2.jpg,plain_negative
sections/calc_p8_s3.jpg,sections/calc_p20_s2.jpg,plain_negative
sections/calc_p8_s3.jpg,sections/calc_p21_s1.jpg,plain_negative
sections/calc_p8_s3.jpg,sections/calc_p21_s2.jpg,plain_negative
sections/calc_p8_s3.jpg,sections/la_p1_s1.jpg,plain_negative
sections/calc_p8_s3.jpg,sections/la_p1_s2.jpg,plain_negative
sections/calc_p8_s3.jpg,sections/la_p1_s3.jpg,plain_negative
sections/calc_p8_s3.jpg,sections/la_p1_s4.jpg,plain_negative
sections/calc_p8_s3.jpg,sections/la_p1_s5.jpg,plain_negative
sections/calc_p8_s3.jpg,sections/la_p2_s1.jpg,plain_negative
sections/calc_p8_s3.jpg,sections/la_p2_s2.jpg,plain_negative
sections/calc_p8_s3.jpg,sections/la_p2_s3.jpg,plain_negative
sections/calc_p8_s3.jpg,sections/la_p2_s4.jpg,plain_negative
sections/calc_p8_s3.jpg,sections/la_p3_s1.jpg,plain_negative
sections/calc_p8_s3.jpg,sections/la_p3_s2.jpg,plain_negative
sections/calc_p8_s3.jpg,sections/la_p3_s3.jpg,plain_negative
sections/calc_p8_s3.jpg,sections/la_p3_s4.jpg,plain_negative
sections/calc_p8_s3.jpg,sections/la_p5_s1.jpg,plain_negative
sections/calc_p8_s3.jpg,sections/la_p5_s2.jpg,plain_negative
sections/calc_p8_s3.jpg,sections/la_p5_s3.jpg,plain_negative
sections/calc_p8_s3.jpg,sections/la_p6_s1.jpg,plain_negative
sections/calc_p8_s3.jpg,sections/la_p6_s3.jpg,plain_negative
sections/calc_p8_s3.jpg,sections/la_p7_s1.jpg,plain_negative
sections/calc_p8_s3.jpg,sections/la_p7_s2.jpg,plain_negative
sections/calc_p8_s3.jpg,sections/la_p7_s3.jpg,plain_negative
sections/calc_p8_s3.jpg,sections/la_p8_s1.jpg,plain_negative
sections/calc_p8_s3.jpg,sections/la_p8_s2.jpg,plain_negative
sections/calc_p8_s3.jpg,sections/la_p8_s3.jpg,plain_negative
sections/calc_p8_s3.jpg,sections/la_p8_s4.jpg,plain_negative
sections/calc_p8_s3.jpg,sections/la_p9_s1.jpg,plain_negative
sections/calc_p8_s3.jpg,sections/la_p9_s2.jpg,plain_negative
sections/calc_p8_s3.jpg,sections/la_p9_s3.jpg,plain_negative
sections/calc_p8_s3.jpg,sections/la_p9_s5.jpg,plain_negative
sections/calc_p8_s3.jpg,sections/la_p10_s1.jpg,plain_negative
sections/calc_p8_s3.jpg,sections/la_p10_s2.jpg,plain_negative
sections/calc_p8_s3.jpg,sections/la_p10_s3.jpg,plain_negative
sections/calc_p8_s3.jpg,sections/la_p10_s4.jpg,plain_negative
sections/calc_p8_s3.jpg,sections/la_p10_s6.jpg,plain_negative
sections/calc_p8_s3.jpg,sections/la_p11_s1.jpg,plain_negative
sections/calc_p8_s3.jpg,sections/la_p11_s2.jpg,plain_negative
sections/calc_p8_s3.jpg,sections/la_p11_s4.jpg,plain_negative
sections/calc_p8_s3.jpg,sections/la_p11_s6.jpg,plain_negative
sections/calc_p8_s3.jpg,sections/la_p12_s1.jpg,plain_negative
sections/calc_p8_s3.jpg,sections/la_p12_s2.jpg,plain_negative
sections/calc_p8_s3.jpg,sections/la_p12_s3.jpg,plain_negative
sections/calc_p8_s3.jpg,sections/la_p13_s1.jpg,plain_negative
sections/calc_p8_s3.jpg,sections/la_p13_s2.jpg,plain_negative
sections/calc_p8_s3.jpg,sections/la_p13_s3.jpg,plain_negative
sections/calc_p8_s3.jpg,sections/la_p13_s4.jpg,plain_negative
sections/calc_p8_s3.jpg,sections/la_p13_s5.jpg,plain_negative
sections/calc_p8_s3.jpg,sections/la_p13_s6.jpg,plain_negative
sections/calc_p8_s3.jpg,sections/la_p14_s1.jpg,plain_negative
sections/calc_p8_s3.jpg,sections/la_p14_s2.jpg,plain_negative
sections/calc_p8_s3.jpg,sections/la_p14_s3.jpg,plain_negative
sections/calc_p8_s3.jpg,sections/la_p14_s4.jpg,plain_negative
sections/calc_p8_s3.jpg,sections/la_p14_s5.jpg,plain_negative
sections/calc_p8_s3.jpg,sections/la_p15_s1.jpg,plain_negative
sections/calc_p8_s3.jpg,sections/la_p15_s2.jpg,plain_negative
sections/calc_p8_s3.jpg,sections/la_p16_s1.jpg,plain_negative
sections/calc_p8_s3.jpg,sections/la_p16_s2.jpg,plain_negative
sections/calc_p8_s3.jpg,sections/la_p16_s3.jpg,plain_negative
sections/calc_p8_s3.jpg,sections/la_p16_s4.jpg,plain_negative
sections/calc_p8_s3.jpg,sections/la_p16_s5.jpg,plain_negative
sections/calc_p8_s3.jpg,sections/la_p17_s1.jpg,plain_negative
sections/calc_p8_s3.jpg,sections/la_p17_s2.jpg,plain_negative
sections/calc_p8_s3.jpg,sections/la_p17_s3.jpg,plain_negative
sections/calc_p8_s3.jpg,sections/la_p17_s4.jpg,plain_negative
sections/calc_p8_s3.jpg,sections/la_p17_s6.jpg,plain_negative
sections/calc_p8_s3.jpg,sections/la_p18_s2.jpg,plain_negative
sections/calc_p8_s3.jpg,sections/la_p18_s4.jpg,plain_negative
sections/calc_p8_s3.jpg,sections/la_p18_s5.jpg,plain_negative
sections/calc_p8_s3.jpg,sections/la_p18_s7.jpg,plain_negative
sections/calc_p8_s3.jpg,sections/la_p19_s1.jpg,plain_negative
sections/calc_p8_s3.jpg,sections/la_p19_s2.jpg,plain_negative
sections/calc_p8_s3.jpg,sections/la_p19_s4.jpg,plain_negative
sections/calc_p8_s5.jpg,sections/calc_p9_s1.jpg,plain_negative
sections/calc_p8_s5.jpg,sections/calc_p9_s2.jpg,plain_negative
sections/calc_p8_s5.jpg,sections/calc_p9_s3.jpg,plain_negative
sections/calc_p8_s5.jpg,sections/calc_p9_s4.jpg,plain_negative
sections/calc_p8_s5.jpg,sections/calc_p9_s5.jpg,plain_negative
sections/calc_p8_s5.jpg,sections/calc_p10_s1.jpg,plain_negative
sections/calc_p8_s5.jpg,sections/calc_p10_s2.jpg,plain_negative
sections/calc_p8_s5.jpg,sections/calc_p10_s3.jpg,plain_negative
sections/calc_p8_s5.jpg,sections/calc_p10_s4.jpg,plain_negative
sections/calc_p8_s5.jpg,sections/calc_p10_s5.jpg,plain_negative
sections/calc_p8_s5.jpg,sections/calc_p11_s3.jpg,plain_negative
sections/calc_p8_s5.jpg,sections/calc_p11_s4.jpg,plain_negative
sections/calc_p8_s5.jpg,sections/calc_p12_s1.jpg,plain_negative
sections/calc_p8_s5.jpg,sections/calc_p12_s2.jpg,plain_negative
sections/calc_p8_s5.jpg,sections/calc_p12_s3.jpg,plain_negative
sections/calc_p8_s5.jpg,sections/calc_p13_s1.jpg,plain_negative
sections/calc_p8_s5.jpg,sections/calc_p13_s2.jpg,plain_negative
sections/calc_p8_s5.jpg,sections/calc_p13_s3.jpg,plain_negative
sections/calc_p8_s5.jpg,sections/calc_p13_s4.jpg,plain_negative
sections/calc_p8_s5.jpg,sections/calc_p13_s5.jpg,plain_negative
sections/calc_p8_s5.jpg,sections/calc_p13_s6.jpg,plain_negative
sections/calc_p8_s5.jpg,sections/calc_p14_s1.jpg,plain_negative
sections/calc_p8_s5.jpg,sections/calc_p14_s2.jpg,plain_negative
sections/calc_p8_s5.jpg,sections/calc_p14_s3.jpg,plain_negative
sections/calc_p8_s5.jpg,sections/calc_p15_s1.jpg,plain_negative
sections/calc_p8_s5.jpg,sections/calc_p15_s2.jpg,plain_negative
sections/calc_p8_s5.jpg,sections/calc_p17_s1.jpg,plain_negative
sections/calc_p8_s5.jpg,sections/calc_p17_s2.jpg,plain_negative
sections/calc_p8_s5.jpg,sections/calc_p17_s3.jpg,plain_negative
sections/calc_p8_s5.jpg,sections/calc_p17_s4.jpg,plain_negative
sections/calc_p8_s5.jpg,sections/calc_p18_s2.jpg,plain_negative
sections/calc_p8_s5.jpg,sections/calc_p18_s3.jpg,plain_negative
sections/calc_p8_s5.jpg,sections/calc_p18_s4.jpg,plain_negative
sections/calc_p8_s5.jpg,sections/calc_p18_s5.jpg,plain_negative
sections/calc_p8_s5.jpg,sections/calc_p19_s1.jpg,plain_negative
sections/calc_p8_s5.jpg,sections/calc_p19_s2.jpg,plain_negative
sections/calc_p8_s5.jpg,sections/calc_p20_s2.jpg,plain_negative
sections/calc_p8_s5.jpg,sections/calc_p21_s1.jpg,plain_negative
sections/calc_p8_s5.jpg,sections/calc_p21_s2.jpg,plain_negative
sections/calc_p8_s5.jpg,sections/la_p1_s1.jpg,plain_negative
sections/calc_p8_s5.jpg,sections/la_p1_s2.jpg,plain_negative
sections/calc_p8_s5.jpg,sections/la_p1_s3.jpg,plain_negative
sections/calc_p8_s5.jpg,sections/la_p1_s4.jpg,plain_negative
sections/calc_p8_s5.jpg,sections/la_p1_s5.jpg,plain_negative
sections/calc_p8_s5.jpg,sections/la_p2_s1.jpg,plain_negative
sections/calc_p8_s5.jpg,sections/la_p2_s2.jpg,plain_negative
sections/calc_p8_s5.jpg,sections/la_p2_s3.jpg,plain_negative
sections/calc_p8_s5.jpg,sections/la_p2_s4.jpg,plain_negative
sections/calc_p8_s5.jpg,sections/la_p3_s1.jpg,plain_negative
sections/calc_p8_s5.jpg,sections/la_p3_s2.jpg,plain_negative
sections/calc_p8_s5.jpg,sections/la_p3_s3.jpg,plain_negative
sections/calc_p8_s5.jpg,sections/la_p3_s4.jpg,plain_negative
sections/calc_p8_s5.jpg,sections/la_p5_s1.jpg,plain_negative
sections/calc_p8_s5.jpg,sections/la_p5_s2.jpg,plain_negative
sections/calc_p8_s5.jpg,sections/la_p5_s3.jpg,plain_negative
sections/calc_p8_s5.jpg,sections/la_p6_s1.jpg,plain_negative
sections/calc_p8_s5.jpg,sections/la_p6_s3.jpg,plain_negative
sections/calc_p8_s5.jpg,sections/la_p7_s1.jpg,plain_negative
sections/calc_p8_s5.jpg,sections/la_p7_s2.jpg,plain_negative
sections/calc_p8_s5.jpg,sections/la_p7_s3.jpg,plain_negative
sections/calc_p8_s5.jpg,sections/la_p8_s1.jpg,plain_negative
sections/calc_p8_s5.jpg,sections/la_p8_s2.jpg,plain_negative
sections/calc_p8_s5.jpg,sections/la_p8_s3.jpg,plain_negative
sections/calc_p8_s5.jpg,sections/la_p8_s4.jpg,plain_negative
sections/calc_p8_s5.jpg,sections/la_p9_s1.jpg,plain_negative
sections/calc_p8_s5.jpg,sections/la_p9_s2.jpg,plain_negative
sections/calc_p8_s5.jpg,sections/la_p9_s3.jpg,plain_negative
sections/calc_p8_s5.jpg,sections/la_p9_s5.jpg,plain_negative
sections/calc_p8_s5.jpg,sections/la_p10_s1.jpg,plain_negative
sections/calc_p8_s5.jpg,sections/la_p10_s2.jpg,plain_negative
sections/calc_p8_s5.jpg,sections/la_p10_s3.jpg,plain_negative
sections/calc_p8_s5.jpg,sections/la_p10_s4.jpg,plain_negative
sections/calc_p8_s5.jpg,sections/la_p10_s6.jpg,plain_negative
sections/calc_p8_s5.jpg,sections/la_p11_s1.jpg,plain_negative
sections/calc_p8_s5.jpg,sections/la_p11_s2.jpg,plain_negative
sections/calc_p8_s5.jpg,sections/la_p11_s4.jpg,plain_negative
sections/calc_p8_s5.jpg,sections/la_p11_s6.jpg,plain_negative
sections/calc_p8_s5.jpg,sections/la_p12_s1.jpg,plain_negative
sections/calc_p8_s5.jpg,sections/la_p12_s2.jpg,plain_negative
sections/calc_p8_s5.jpg,sections/la_p12_s3.jpg,plain_negative
sections/calc_p8_s5.jpg,sections/la_p13_s1.jpg,plain_negative
sections/calc_p8_s5.jpg,sections/la_p13_s2.jpg,plain_negative
sections/calc_p8_s5.jpg,sections/la_p13_s3.jpg,plain_negative
sections/calc_p8_s5.jpg,sections/la_p13_s4.jpg,plain_negative
sections/calc_p8_s5.jpg,sections/la_p13_s5.jpg,plain_negative
sections/calc_p8_s5.jpg,sections/la_p13_s6.jpg,plain_negative
sections/calc_p8_s5.jpg,sections/la_p14_s1.jpg,plain_negative
sections/calc_p8_s5.jpg,sections/la_p14_s2.jpg,plain_negative
sections/calc_p8_s5.jpg,sections/la_p14_s3.jpg,plain_negative
sections/calc_p8_s5.jpg,sections/la_p14_s4.jpg,plain_negative
sections/calc_p8_s5.jpg,sections/la_p14_s5.jpg,plain_negative
sections/calc_p8_s5.jpg,sections/la_p15_s1.jpg,plain_negative
sections/calc_p8_s5.jpg,sections/la_p15_s2.jpg,plain_negative
sections/calc_p8_s5.jpg,sections/la_p16_s1.jpg,plain_negative
sections/calc_p8_s5.jpg,sections/la_p16_s2.jpg,plain_negative
sections/calc_p8_s5.jpg,sections/la_p16_s3.jpg,plain_negative
sections/calc_p8_s5.jpg,sections/la_p16_s4.jpg,plain_negative
sections/calc_p8_s5.jpg,sections/la_p16_s5.jpg,plain_negative
sections/calc_p8_s5.jpg,sections/la_p17_s1.jpg,plain_negative
sections/calc_p8_s5.jpg,sections/la_p17_s2.jpg,plain_negative
sections/calc_p8_s5.jpg,sections/la_p17_s3.jpg,plain_negative
sections/calc_p8_s5.jpg,sections/la_p17_s4.jpg,plain_negative
sections/calc_p8_s5.jpg,sections/la_p17_s6.jpg,plain_negative
sections/calc_p8_s5.jpg,sections/la_p18_s2.jpg,plain_negative
sections/calc_p8_s5.jpg,sections/la_p18_s4.jpg,plain_negative
sections/calc_p8_s5.jpg,sections/la_p18_s5.jpg,plain_negative
sections/calc_p8_s5.jpg,sections/la_p18_s7.jpg,plain_negative
sections/calc_p8_s5.jpg,sections/la_p19_s1.jpg,plain_negative
sections/calc_p8_s5.jpg,sections/la_p19_s2.jpg,plain_negative
sections/calc_p8_s5.jpg,sections/la_p19_s4.jpg,plain_negative
sections/calc_p9_s1.jpg,sections/calc_p9_s2.jpg,topic_positive
sections/calc_p9_s1.jpg,sections/calc_p9_s3.jpg,soft_positive
sections/calc_p9_s1.jpg,sections/calc_p9_s4.jpg,soft_positive
sections/calc_p9_s1.jpg,sections/calc_p9_s5.jpg,soft_positive
sections/calc_p9_s1.jpg,sections/calc_p10_s1.jpg,soft_positive
sections/calc_p9_s1.jpg,sections/calc_p10_s2.jpg,soft_positive
sections/calc_p9_s1.jpg,sections/calc_p10_s3.jpg,soft_positive
sections/calc_p9_s1.jpg,sections/calc_p10_s4.jpg,soft_positive
sections/calc_p9_s1.jpg,sections/calc_p10_s5.jpg,soft_positive
sections/calc_p9_s1.jpg,sections/calc_p11_s3.jpg,soft_positive
sections/calc_p9_s1.jpg,sections/calc_p11_s4.jpg,soft_positive
sections/calc_p9_s1.jpg,sections/calc_p12_s1.jpg,plain_negative
sections/calc_p9_s1.jpg,sections/calc_p12_s2.jpg,plain_negative
sections/calc_p9_s1.jpg,sections/calc_p12_s3.jpg,plain_negative
sections/calc_p9_s1.jpg,sections/calc_p13_s1.jpg,soft_positive
sections/calc_p9_s1.jpg,sections/calc_p13_s2.jpg,soft_positive
sections/calc_p9_s1.jpg,sections/calc_p13_s3.jpg,soft_positive
sections/calc_p9_s1.jpg,sections/calc_p13_s4.jpg,soft_positive
sections/calc_p9_s1.jpg,sections/calc_p13_s5.jpg,soft_positive
sections/calc_p9_s1.jpg,sections/calc_p13_s6.jpg,soft_positive
sections/calc_p9_s1.jpg,sections/calc_p14_s1.jpg,plain_negative
sections/calc_p9_s1.jpg,sections/calc_p14_s2.jpg,plain_negative
sections/calc_p9_s1.jpg,sections/calc_p14_s3.jpg,plain_negative
sections/calc_p9_s1.jpg,sections/calc_p15_s1.jpg,plain_negative
sections/calc_p9_s1.jpg,sections/calc_p15_s2.jpg,plain_negative
sections/calc_p9_s1.jpg,sections/calc_p17_s1.jpg,plain_negative
sections/calc_p9_s1.jpg,sections/calc_p17_s2.jpg,plain_negative
sections/calc_p9_s1.jpg,sections/calc_p17_s3.jpg,plain_negative
sections/calc_p9_s1.jpg,sections/calc_p17_s4.jpg,plain_negative
sections/calc_p9_s1.jpg,sections/calc_p18_s2.jpg,plain_negative
sections/calc_p9_s1.jpg,sections/calc_p18_s3.jpg,plain_negative
sections/calc_p9_s1.jpg,sections/calc_p18_s4.jpg,plain_negative
sections/calc_p9_s1.jpg,sections/calc_p18_s5.jpg,plain_negative
sections/calc_p9_s1.jpg,sections/calc_p19_s1.jpg,plain_negative
sections/calc_p9_s1.jpg,sections/calc_p19_s2.jpg,plain_negative
sections/calc_p9_s1.jpg,sections/calc_p20_s2.jpg,plain_negative
sections/calc_p9_s1.jpg,sections/calc_p21_s1.jpg,plain_negative
sections/calc_p9_s1.jpg,sections/calc_p21_s2.jpg,plain_negative
sections/calc_p9_s1.jpg,sections/la_p1_s1.jpg,plain_negative
sections/calc_p9_s1.jpg,sections/la_p1_s2.jpg,plain_negative
sections/calc_p9_s1.jpg,sections/la_p1_s3.jpg,plain_negative
sections/calc_p9_s1.jpg,sections/la_p1_s4.jpg,plain_negative
sections/calc_p9_s1.jpg,sections/la_p1_s5.jpg,plain_negative
sections/calc_p9_s1.jpg,sections/la_p2_s1.jpg,plain_negative
sections/calc_p9_s1.jpg,sections/la_p2_s2.jpg,plain_negative
sections/calc_p9_s1.jpg,sections/la_p2_s3.jpg,plain_negative
sections/calc_p9_s1.jpg,sections/la_p2_s4.jpg,plain_negative
sections/calc_p9_s1.jpg,sections/la_p3_s1.jpg,plain_negative
sections/calc_p9_s1.jpg,sections/la_p3_s2.jpg,plain_negative
sections/calc_p9_s1.jpg,sections/la_p3_s3.jpg,plain_negative
sections/calc_p9_s1.jpg,sections/la_p3_s4.jpg,plain_negative
sections/calc_p9_s1.jpg,sections/la_p5_s1.jpg,plain_negative
sections/calc_p9_s1.jpg,sections/la_p5_s2.jpg,plain_negative
sections/calc_p9_s1.jpg,sections/la_p5_s3.jpg,plain_negative
sections/calc_p9_s1.jpg,sections/la_p6_s1.jpg,plain_negative
sections/calc_p9_s1.jpg,sections/la_p6_s3.jpg,plain_negative
sections/calc_p9_s1.jpg,sections/la_p7_s1.jpg,plain_negative
sections/calc_p9_s1.jpg,sections/la_p7_s2.jpg,plain_negative
sections/calc_p9_s1.jpg,sections/la_p7_s3.jpg,plain_negative
sections/calc_p9_s1.jpg,sections/la_p8_s1.jpg,plain_negative
sections/calc_p9_s1.jpg,sections/la_p8_s2.jpg,plain_negative
sections/calc_p9_s1.jpg,sections/la_p8_s3.jpg,plain_negative
sections/calc_p9_s1.jpg,sections/la_p8_s4.jpg,plain_negative
sections/calc_p9_s1.jpg,sections/la_p9_s1.jpg,plain_negative
sections/calc_p9_s1.jpg,sections/la_p9_s2.jpg,plain_negative
sections/calc_p9_s1.jpg,sections/la_p9_s3.jpg,plain_negative
sections/calc_p9_s1.jpg,sections/la_p9_s5.jpg,plain_negative
sections/calc_p9_s1.jpg,sections/la_p10_s1.jpg,plain_negative
sections/calc_p9_s1.jpg,sections/la_p10_s2.jpg,plain_negative
sections/calc_p9_s1.jpg,sections/la_p10_s3.jpg,plain_negative
sections/calc_p9_s1.jpg,sections/la_p10_s4.jpg,plain_negative
sections/calc_p9_s1.jpg,sections/la_p10_s6.jpg,plain_negative
sections/calc_p9_s1.jpg,sections/la_p11_s1.jpg,plain_negative
sections/calc_p9_s1.jpg,sections/la_p11_s2.jpg,plain_negative
sections/calc_p9_s1.jpg,sections/la_p11_s4.jpg,plain_negative
sections/calc_p9_s1.jpg,sections/la_p11_s6.jpg,plain_negative
sections/calc_p9_s1.jpg,sections/la_p12_s1.jpg,plain_negative
sections/calc_p9_s1.jpg,sections/la_p12_s2.jpg,plain_negative
sections/calc_p9_s1.jpg,sections/la_p12_s3.jpg,plain_negative
sections/calc_p9_s1.jpg,sections/la_p13_s1.jpg,plain_negative
sections/calc_p9_s1.jpg,sections/la_p13_s2.jpg,plain_negative
sections/calc_p9_s1.jpg,sections/la_p13_s3.jpg,plain_negative
sections/calc_p9_s1.jpg,sections/la_p13_s4.jpg,plain_negative
sections/calc_p9_s1.jpg,sections/la_p13_s5.jpg,plain_negative
sections/calc_p9_s1.jpg,sections/la_p13_s6.jpg,plain_negative
sections/calc_p9_s1.jpg,sections/la_p14_s1.jpg,plain_negative
sections/calc_p9_s1.jpg,sections/la_p14_s2.jpg,plain_negative
sections/calc_p9_s1.jpg,sections/la_p14_s3.jpg,plain_negative
sections/calc_p9_s1.jpg,sections/la_p14_s4.jpg,plain_negative
sections/calc_p9_s1.jpg,sections/la_p14_s5.jpg,plain_negative
sections/calc_p9_s1.jpg,sections/la_p15_s1.jpg,plain_negative
sections/calc_p9_s1.jpg,sections/la_p15_s2.jpg,plain_negative
sections/calc_p9_s1.jpg,sections/la_p16_s1.jpg,plain_negative
sections/calc_p9_s1.jpg,sections/la_p16_s2.jpg,plain_negative
sections/calc_p9_s1.jpg,sections/la_p16_s3.jpg,plain_negative
sections/calc_p9_s1.jpg,sections/la_p16_s4.jpg,plain_negative
sections/calc_p9_s1.jpg,sections/la_p16_s5.jpg,plain_negative
sections/calc_p9_s1.jpg,sections/la_p17_s1.jpg,plain_negative
sections/calc_p9_s1.jpg,sections/la_p17_s2.jpg,plain_negative
sections/calc_p9_s1.jpg,sections/la_p17_s3.jpg,plain_negative
sections/calc_p9_s1.jpg,sections/la_p17_s4.jpg,plain_negative
sections/calc_p9_s1.jpg,sections/la_p17_s6.jpg,plain_negative
sections/calc_p9_s1.jpg,sections/la_p18_s2.jpg,plain_negative
sections/calc_p9_s1.jpg,sections/la_p18_s4.jpg,plain_negative
sections/calc_p9_s1.jpg,sections/la_p18_s5.jpg,plain_negative
sections/calc_p9_s1.jpg,sections/la_p18_s7.jpg,plain_negative
sections/calc_p9_s1.jpg,sections/la_p19_s1.jpg,plain_negative
sections/calc_p9_s1.jpg,sections/la_p19_s2.jpg,plain_negative
sections/calc_p9_s1.jpg,sections/la_p19_s4.jpg,plain_negative
sections/calc_p9_s2.jpg,sections/calc_p9_s3.jpg,soft_positive
sections/calc_p9_s2.jpg,sections/calc_p9_s4.jpg,soft_positive
sections/calc_p9_s2.jpg,sections/calc_p9_s5.jpg,soft_positive
sections/calc_p9_s2.jpg,sections/calc_p10_s1.jpg,soft_positive
sections/calc_p9_s2.jpg,sections/calc_p10_s2.jpg,soft_positive
sections/calc_p9_s2.jpg,sections/calc_p10_s3.jpg,soft_positive
sections/calc_p9_s2.jpg,sections/calc_p10_s4.jpg,soft_positive
sections/calc_p9_s2.jpg,sections/calc_p10_s5.jpg,soft_positive
sections/calc_p9_s2.jpg,sections/calc_p11_s3.jpg,soft_positive
sections/calc_p9_s2.jpg,sections/calc_p11_s4.jpg,soft_positive
sections/calc_p9_s2.jpg,sections/calc_p12_s1.jpg,plain_negative
sections/calc_p9_s2.jpg,sections/calc_p12_s2.jpg,plain_negative
sections/calc_p9_s2.jpg,sections/calc_p12_s3.jpg,plain_negative
sections/calc_p9_s2.jpg,sections/calc_p13_s1.jpg,soft_positive
sections/calc_p9_s2.jpg,sections/calc_p13_s2.jpg,soft_positive
sections/calc_p9_s2.jpg,sections/calc_p13_s3.jpg,soft_positive
sections/calc_p9_s2.jpg,sections/calc_p13_s4.jpg,soft_positive
sections/calc_p9_s2.jpg,sections/calc_p13_s5.jpg,soft_positive
sections/calc_p9_s2.jpg,sections/calc_p13_s6.jpg,soft_positive
sections/calc_p9_s2.jpg,sections/calc_p14_s1.jpg,plain_negative
sections/calc_p9_s2.jpg,sections/calc_p14_s2.jpg,plain_negative
sections/calc_p9_s2.jpg,sections/calc_p14_s3.jpg,plain_negative
sections/calc_p9_s2.jpg,sections/calc_p15_s1.jpg,plain_negative
sections/calc_p9_s2.jpg,sections/calc_p15_s2.jpg,plain_negative
sections/calc_p9_s2.jpg,sections/calc_p17_s1.jpg,plain_negative
sections/calc_p9_s2.jpg,sections/calc_p17_s2.jpg,plain_negative
sections/calc_p9_s2.jpg,sections/calc_p17_s3.jpg,plain_negative
sections/calc_p9_s2.jpg,sections/calc_p17_s4.jpg,plain_negative
sections/calc_p9_s2.jpg,sections/calc_p18_s2.jpg,plain_negative
sections/calc_p9_s2.jpg,sections/calc_p18_s3.jpg,plain_negative
sections/calc_p9_s2.jpg,sections/calc_p18_s4.jpg,plain_negative
sections/calc_p9_s2.jpg,sections/calc_p18_s5.jpg,plain_negative
sections/calc_p9_s2.jpg,sections/calc_p19_s1.jpg,plain_negative
sections/calc_p9_s2.jpg,sections/calc_p19_s2.jpg,plain_negative
sections/calc_p9_s2.jpg,sections/calc_p20_s2.jpg,plain_negative
sections/calc_p9_s2.jpg,sections/calc_p21_s1.jpg,plain_negative
sections/calc_p9_s2.jpg,sections/calc_p21_s2.jpg,plain_negative
sections/calc_p9_s2.jpg,sections/la_p1_s1.jpg,plain_negative
sections/calc_p9_s2.jpg,sections/la_p1_s2.jpg,plain_negative
sections/calc_p9_s2.jpg,sections/la_p1_s3.jpg,plain_negative
sections/calc_p9_s2.jpg,sections/la_p1_s4.jpg,plain_negative
sections/calc_p9_s2.jpg,sections/la_p1_s5.jpg,plain_negative
sections/calc_p9_s2.jpg,sections/la_p2_s1.jpg,plain_negative
sections/calc_p9_s2.jpg,sections/la_p2_s2.jpg,plain_negative
sections/calc_p9_s2.jpg,sections/la_p2_s3.jpg,plain_negative
sections/calc_p9_s2.jpg,sections/la_p2_s4.jpg,plain_negative
sections/calc_p9_s2.jpg,sections/la_p3_s1.jpg,plain_negative
sections/calc_p9_s2.jpg,sections/la_p3_s2.jpg,plain_negative
sections/calc_p9_s2.jpg,sections/la_p3_s3.jpg,plain_negative
sections/calc_p9_s2.jpg,sections/la_p3_s4.jpg,plain_negative
sections/calc_p9_s2.jpg,sections/la_p5_s1.jpg,plain_negative
sections/calc_p9_s2.jpg,sections/la_p5_s2.jpg,plain_negative
sections/calc_p9_s2.jpg,sections/la_p5_s3.jpg,plain_negative
sections/calc_p9_s2.jpg,sections/la_p6_s1.jpg,plain_negative
sections/calc_p9_s2.jpg,sections/la_p6_s3.jpg,plain_negative
sections/calc_p9_s2.jpg,sections/la_p7_s1.jpg,plain_negative
sections/calc_p9_s2.jpg,sections/la_p7_s2.jpg,plain_negative
sections/calc_p9_s2.jpg,sections/la_p7_s3.jpg,plain_negative
sections/calc_p9_s2.jpg,sections/la_p8_s1.jpg,plain_negative
sections/calc_p9_s2.jpg,sections/la_p8_s2.jpg,plain_negative
sections/calc_p9_s2.jpg,sections/la_p8_s3.jpg,plain_negative
sections/calc_p9_s2.jpg,sections/la_p8_s4.jpg,plain_negative
sections/calc_p9_s2.jpg,sections/la_p9_s1.jpg,plain_negative
sections/calc_p9_s2.jpg,sections/la_p9_s2.jpg,plain_negative
sections/calc_p9_s2.jpg,sections/la_p9_s3.jpg,plain_negative
sections/calc_p9_s2.jpg,sections/la_p9_s5.jpg,plain_negative
sections/calc_p9_s2.jpg,sections/la_p10_s1.jpg,plain_negative
sections/calc_p9_s2.jpg,sections/la_p10_s2.jpg,plain_negative
sections/calc_p9_s2.jpg,sections/la_p10_s3.jpg,plain_negative
sections/calc_p9_s2.jpg,sections/la_p10_s4.jpg,plain_negative
sections/calc_p9_s2.jpg,sections/la_p10_s6.jpg,plain_negative
sections/calc_p9_s2.jpg,sections/la_p11_s1.jpg,plain_negative
sections/calc_p9_s2.jpg,sections/la_p11_s2.jpg,plain_negative
sections/calc_p9_s2.jpg,sections/la_p11_s4.jpg,plain_negative
sections/calc_p9_s2.jpg,sections/la_p11_s6.jpg,plain_negative
sections/calc_p9_s2.jpg,sections/la_p12_s1.jpg,plain_negative
sections/calc_p9_s2.jpg,sections/la_p12_s2.jpg,plain_negative
sections/calc_p9_s2.jpg,sections/la_p12_s3.jpg,plain_negative
sections/calc_p9_s2.jpg,sections/la_p13_s1.jpg,plain_negative
sections/calc_p9_s2.jpg,sections/la_p13_s2.jpg,plain_negative
sections/calc_p9_s2.jpg,sections/la_p13_s3.jpg,plain_negative
sections/calc_p9_s2.jpg,sections/la_p13_s4.jpg,plain_negative
sections/calc_p9_s2.jpg,sections/la_p13_s5.jpg,plain_negative
sections/calc_p9_s2.jpg,sections/la_p13_s6.jpg,plain_negative
sections/calc_p9_s2.jpg,sections/la_p14_s1.jpg,plain_negative
sections/calc_p9_s2.jpg,sections/la_p14_s2.jpg,plain_negative
sections/calc_p9_s2.jpg,sections/la_p14_s3.jpg,plain_negative
sections/calc_p9_s2.jpg,sections/la_p14_s4.jpg,plain_negative
sections/calc_p9_s2.jpg,sections/la_p14_s5.jpg,plain_negative
sections/calc_p9_s2.jpg,sections/la_p15_s1.jpg,plain_negative
sections/calc_p9_s2.jpg,sections/la_p15_s2.jpg,plain_negative
sections/calc_p9_s2.jpg,sections/la_p16_s1.jpg,plain_negative
sections/calc_p9_s2.jpg,sections/la_p16_s2.jpg,plain_negative
sections/calc_p9_s2.jpg,sections/la_p16_s3.jpg,plain_negative
sections/calc_p9_s2.jpg,sections/la_p16_s4.jpg,plain_negative
sections/calc_p9_s2.jpg,sections/la_p16_s5.jpg,plain_negative
sections/calc_p9_s2.jpg,sections/la_p17_s1.jpg,plain_negative
sections/calc_p9_s2.jpg,sections/la_p17_s2.jpg,plain_negative
sections/calc_p9_s2.jpg,sections/la_p17_s3.jpg,plain_negative
sections/calc_p9_s2.jpg,sections/la_p17_s4.jpg,plain_negative
sections/calc_p9_s2.jpg,sections/la_p17_s6.jpg,plain_negative
sections/calc_p9_s2.jpg,sections/la_p18_s2.jpg,plain_negative
sections/calc_p9_s2.jpg,sections/la_p18_s4.jpg,plain_negative
sections/calc_p9_s2.jpg,sections/la_p18_s5.jpg,plain_negative
sections/calc_p9_s2.jpg,sections/la_p18_s7.jpg,plain_negative
sections/calc_p9_s2.jpg,sections/la_p19_s1.jpg,plain_negative
sections/calc_p9_s2.jpg,sections/la_p19_s2.jpg,plain_negative
sections/calc_p9_s2.jpg,sections/la_p19_s4.jpg,plain_negative
sections/calc_p9_s3.jpg,sections/calc_p9_s4.jpg,soft_positive
sections/calc_p9_s3.jpg,sections/calc_p9_s5.jpg,soft_positive
sections/calc_p9_s3.jpg,sections/calc_p10_s1.jpg,soft_positive
sections/calc_p9_s3.jpg,sections/calc_p10_s2.jpg,soft_positive
sections/calc_p9_s3.jpg,sections/calc_p10_s3.jpg,soft_positive
sections/calc_p9_s3.jpg,sections/calc_p10_s4.jpg,soft_positive
sections/calc_p9_s3.jpg,sections/calc_p10_s5.jpg,soft_positive
sections/calc_p9_s3.jpg,sections/calc_p11_s3.jpg,soft_positive
sections/calc_p9_s3.jpg,sections/calc_p11_s4.jpg,soft_positive
sections/calc_p9_s3.jpg,sections/calc_p12_s1.jpg,plain_negative
sections/calc_p9_s3.jpg,sections/calc_p12_s2.jpg,plain_negative
sections/calc_p9_s3.jpg,sections/calc_p12_s3.jpg,plain_negative
sections/calc_p9_s3.jpg,sections/calc_p13_s1.jpg,soft_positive
sections/calc_p9_s3.jpg,sections/calc_p13_s2.jpg,topic_positive
sections/calc_p9_s3.jpg,sections/calc_p13_s3.jpg,soft_positive
sections/calc_p9_s3.jpg,sections/calc_p13_s4.jpg,soft_positive
sections/calc_p9_s3.jpg,sections/calc_p13_s5.jpg,soft_positive
sections/calc_p9_s3.jpg,sections/calc_p13_s6.jpg,soft_positive
sections/calc_p9_s3.jpg,sections/calc_p14_s1.jpg,plain_negative
sections/calc_p9_s3.jpg,sections/calc_p14_s2.jpg,plain_negative
sections/calc_p9_s3.jpg,sections/calc_p14_s3.jpg,plain_negative
sections/calc_p9_s3.jpg,sections/calc_p15_s1.jpg,plain_negative
sections/calc_p9_s3.jpg,sections/calc_p15_s2.jpg,plain_negative
sections/calc_p9_s3.jpg,sections/calc_p17_s1.jpg,plain_negative
sections/calc_p9_s3.jpg,sections/calc_p17_s2.jpg,plain_negative
sections/calc_p9_s3.jpg,sections/calc_p17_s3.jpg,plain_negative
sections/calc_p9_s3.jpg,sections/calc_p17_s4.jpg,plain_negative
sections/calc_p9_s3.jpg,sections/calc_p18_s2.jpg,plain_negative
sections/calc_p9_s3.jpg,sections/calc_p18_s3.jpg,plain_negative
sections/calc_p9_s3.jpg,sections/calc_p18_s4.jpg,plain_negative
sections/calc_p9_s3.jpg,sections/calc_p18_s5.jpg,plain_negative
sections/calc_p9_s3.jpg,sections/calc_p19_s1.jpg,plain_negative
sections/calc_p9_s3.jpg,sections/calc_p19_s2.jpg,plain_negative
sections/calc_p9_s3.jpg,sections/calc_p20_s2.jpg,plain_negative
sections/calc_p9_s3.jpg,sections/calc_p21_s1.jpg,plain_negative
sections/calc_p9_s3.jpg,sections/calc_p21_s2.jpg,plain_negative
sections/calc_p9_s3.jpg,sections/la_p1_s1.jpg,plain_negative
sections/calc_p9_s3.jpg,sections/la_p1_s2.jpg,plain_negative
sections/calc_p9_s3.jpg,sections/la_p1_s3.jpg,plain_negative
sections/calc_p9_s3.jpg,sections/la_p1_s4.jpg,plain_negative
sections/calc_p9_s3.jpg,sections/la_p1_s5.jpg,plain_negative
sections/calc_p9_s3.jpg,sections/la_p2_s1.jpg,plain_negative
sections/calc_p9_s3.jpg,sections/la_p2_s2.jpg,plain_negative
sections/calc_p9_s3.jpg,sections/la_p2_s3.jpg,plain_negative
sections/calc_p9_s3.jpg,sections/la_p2_s4.jpg,plain_negative
sections/calc_p9_s3.jpg,sections/la_p3_s1.jpg,plain_negative
sections/calc_p9_s3.jpg,sections/la_p3_s2.jpg,plain_negative
sections/calc_p9_s3.jpg,sections/la_p3_s3.jpg,plain_negative
sections/calc_p9_s3.jpg,sections/la_p3_s4.jpg,plain_negative
sections/calc_p9_s3.jpg,sections/la_p5_s1.jpg,plain_negative
sections/calc_p9_s3.jpg,sections/la_p5_s2.jpg,plain_negative
sections/calc_p9_s3.jpg,sections/la_p5_s3.jpg,plain_negative
sections/calc_p9_s3.jpg,sections/la_p6_s1.jpg,plain_negative
sections/calc_p9_s3.jpg,sections/la_p6_s3.jpg,plain_negative
sections/calc_p9_s3.jpg,sections/la_p7_s1.jpg,plain_negative
sections/calc_p9_s3.jpg,sections/la_p7_s2.jpg,plain_negative
sections/calc_p9_s3.jpg,sections/la_p7_s3.jpg,plain_negative
sections/calc_p9_s3.jpg,sections/la_p8_s1.jpg,plain_negative
sections/calc_p9_s3.jpg,sections/la_p8_s2.jpg,plain_negative
sections/calc_p9_s3.jpg,sections/la_p8_s3.jpg,plain_negative
sections/calc_p9_s3.jpg,sections/la_p8_s4.jpg,plain_negative
sections/calc_p9_s3.jpg,sections/la_p9_s1.jpg,plain_negative
sections/calc_p9_s3.jpg,sections/la_p9_s2.jpg,plain_negative
sections/calc_p9_s3.jpg,sections/la_p9_s3.jpg,plain_negative
sections/calc_p9_s3.jpg,sections/la_p9_s5.jpg,plain_negative
sections/calc_p9_s3.jpg,sections/la_p10_s1.jpg,plain_negative
sections/calc_p9_s3.jpg,sections/la_p10_s2.jpg,plain_negative
sections/calc_p9_s3.jpg,sections/la_p10_s3.jpg,plain_negative
sections/calc_p9_s3.jpg,sections/la_p10_s4.jpg,plain_negative
sections/calc_p9_s3.jpg,sections/la_p10_s6.jpg,plain_negative
sections/calc_p9_s3.jpg,sections/la_p11_s1.jpg,plain_negative
sections/calc_p9_s3.jpg,sections/la_p11_s2.jpg,plain_negative
sections/calc_p9_s3.jpg,sections/la_p11_s4.jpg,plain_negative
sections/calc_p9_s3.jpg,sections/la_p11_s6.jpg,plain_negative
sections/calc_p9_s3.jpg,sections/la_p12_s1.jpg,plain_negative
sections/calc_p9_s3.jpg,sections/la_p12_s2.jpg,plain_negative
sections/calc_p9_s3.jpg,sections/la_p12_s3.jpg,plain_negative
sections/calc_p9_s3.jpg,sections/la_p13_s1.jpg,plain_negative
sections/calc_p9_s3.jpg,sections/la_p13_s2.jpg,plain_negative
sections/calc_p9_s3.jpg,sections/la_p13_s3.jpg,plain_negative
sections/calc_p9_s3.jpg,sections/la_p13_s4.jpg,plain_negative
sections/calc_p9_s3.jpg,sections/la_p13_s5.jpg,plain_negative
sections/calc_p9_s3.jpg,sections/la_p13_s6.jpg,plain_negative
sections/calc_p9_s3.jpg,sections/la_p14_s1.jpg,plain_negative
sections/calc_p9_s3.jpg,sections/la_p14_s2.jpg,plain_negative
sections/calc_p9_s3.jpg,sections/la_p14_s3.jpg,plain_negative
sections/calc_p9_s3.jpg,sections/la_p14_s4.jpg,plain_negative
sections/calc_p9_s3.jpg,sections/la_p14_s5.jpg,plain_negative
sections/calc_p9_s3.jpg,sections/la_p15_s1.jpg,plain_negative
sections/calc_p9_s3.jpg,sections/la_p15_s2.jpg,plain_negative
sections/calc_p9_s3.jpg,sections/la_p16_s1.jpg,plain_negative
sections/calc_p9_s3.jpg,sections/la_p16_s2.jpg,plain_negative
sections/calc_p9_s3.jpg,sections/la_p16_s3.jpg,plain_negative
sections/calc_p9_s3.jpg,sections/la_p16_s4.jpg,plain_negative
sections/calc_p9_s3.jpg,sections/la_p16_s5.jpg,plain_negative
sections/calc_p9_s3.jpg,sections/la_p17_s1.jpg,plain_negative
sections/calc_p9_s3.jpg,sections/la_p17_s2.jpg,plain_negative
sections/calc_p9_s3.jpg,sections/la_p17_s3.jpg,plain_negative
sections/calc_p9_s3.jpg,sections/la_p17_s4.jpg,plain_negative
sections/calc_p9_s3.jpg,sections/la_p17_s6.jpg,plain_negative
sections/calc_p9_s3.jpg,sections/la_p18_s2.jpg,plain_negative
sections/calc_p9_s3.jpg,sections/la_p18_s4.jpg,plain_negative
sections/calc_p9_s3.jpg,sections/la_p18_s5.jpg,plain_negative
sections/calc_p9_s3.jpg,sections/la_p18_s7.jpg,plain_negative
sections/calc_p9_s3.jpg,sections/la_p19_s1.jpg,plain_negative
sections/calc_p9_s3.jpg,sections/la_p19_s2.jpg,plain_negative
sections/calc_p9_s3.jpg,sections/la_p19_s4.jpg,plain_negative
sections/calc_p9_s4.jpg,sections/calc_p9_s5.jpg,topic_positive
sections/calc_p9_s4.jpg,sections/calc_p10_s1.jpg,topic_positive
sections/calc_p9_s4.jpg,sections/calc_p10_s2.jpg,soft_positive
sections/calc_p9_s4.jpg,sections/calc_p10_s3.jpg,soft_positive
sections/calc_p9_s4.jpg,sections/calc_p10_s4.jpg,soft_positive
sections/calc_p9_s4.jpg,sections/calc_p10_s5.jpg,soft_positive
sections/calc_p9_s4.jpg,sections/calc_p11_s3.jpg,soft_positive
sections/calc_p9_s4.jpg,sections/calc_p11_s4.jpg,soft_positive
sections/calc_p9_s4.jpg,sections/calc_p12_s1.jpg,plain_negative
sections/calc_p9_s4.jpg,sections/calc_p12_s2.jpg,plain_negative
sections/calc_p9_s4.jpg,sections/calc_p12_s3.jpg,plain_negative
sections/calc_p9_s4.jpg,sections/calc_p13_s1.jpg,soft_positive
sections/calc_p9_s4.jpg,sections/calc_p13_s2.jpg,soft_positive
sections/calc_p9_s4.jpg,sections/calc_p13_s3.jpg,soft_positive
sections/calc_p9_s4.jpg,sections/calc_p13_s4.jpg,soft_positive
sections/calc_p9_s4.jpg,sections/calc_p13_s5.jpg,soft_positive
sections/calc_p9_s4.jpg,sections/calc_p13_s6.jpg,soft_positive
sections/calc_p9_s4.jpg,sections/calc_p14_s1.jpg,plain_negative
sections/calc_p9_s4.jpg,sections/calc_p14_s2.jpg,plain_negative
sections/calc_p9_s4.jpg,sections/calc_p14_s3.jpg,plain_negative
sections/calc_p9_s4.jpg,sections/calc_p15_s1.jpg,plain_negative
sections/calc_p9_s4.jpg,sections/calc_p15_s2.jpg,plain_negative
sections/calc_p9_s4.jpg,sections/calc_p17_s1.jpg,plain_negative
sections/calc_p9_s4.jpg,sections/calc_p17_s2.jpg,plain_negative
sections/calc_p9_s4.jpg,sections/calc_p17_s3.jpg,plain_negative
sections/calc_p9_s4.jpg,sections/calc_p17_s4.jpg,plain_negative
sections/calc_p9_s4.jpg,sections/calc_p18_s2.jpg,plain_negative
sections/calc_p9_s4.jpg,sections/calc_p18_s3.jpg,plain_negative
sections/calc_p9_s4.jpg,sections/calc_p18_s4.jpg,plain_negative
sections/calc_p9_s4.jpg,sections/calc_p18_s5.jpg,plain_negative
sections/calc_p9_s4.jpg,sections/calc_p19_s1.jpg,plain_negative
sections/calc_p9_s4.jpg,sections/calc_p19_s2.jpg,plain_negative
sections/calc_p9_s4.jpg,sections/calc_p20_s2.jpg,plain_negative
sections/calc_p9_s4.jpg,sections/calc_p21_s1.jpg,plain_negative
sections/calc_p9_s4.jpg,sections/calc_p21_s2.jpg,plain_negative
sections/calc_p9_s4.jpg,sections/la_p1_s1.jpg,plain_negative
sections/calc_p9_s4.jpg,sections/la_p1_s2.jpg,plain_negative
sections/calc_p9_s4.jpg,sections/la_p1_s3.jpg,plain_negative
sections/calc_p9_s4.jpg,sections/la_p1_s4.jpg,plain_negative
sections/calc_p9_s4.jpg,sections/la_p1_s5.jpg,plain_negative
sections/calc_p9_s4.jpg,sections/la_p2_s1.jpg,plain_negative
sections/calc_p9_s4.jpg,sections/la_p2_s2.jpg,plain_negative
sections/calc_p9_s4.jpg,sections/la_p2_s3.jpg,plain_negative
sections/calc_p9_s4.jpg,sections/la_p2_s4.jpg,plain_negative
sections/calc_p9_s4.jpg,sections/la_p3_s1.jpg,plain_negative
sections/calc_p9_s4.jpg,sections/la_p3_s2.jpg,plain_negative
sections/calc_p9_s4.jpg,sections/la_p3_s3.jpg,plain_negative
sections/calc_p9_s4.jpg,sections/la_p3_s4.jpg,plain_negative
sections/calc_p9_s4.jpg,sections/la_p5_s1.jpg,plain_negative
sections/calc_p9_s4.jpg,sections/la_p5_s2.jpg,plain_negative
sections/calc_p9_s4.jpg,sections/la_p5_s3.jpg,plain_negative
sections/calc_p9_s4.jpg,sections/la_p6_s1.jpg,plain_negative
sections/calc_p9_s4.jpg,sections/la_p6_s3.jpg,plain_negative
sections/calc_p9_s4.jpg,sections/la_p7_s1.jpg,plain_negative
sections/calc_p9_s4.jpg,sections/la_p7_s2.jpg,plain_negative
sections/calc_p9_s4.jpg,sections/la_p7_s3.jpg,plain_negative
sections/calc_p9_s4.jpg,sections/la_p8_s1.jpg,plain_negative
sections/calc_p9_s4.jpg,sections/la_p8_s2.jpg,plain_negative
sections/calc_p9_s4.jpg,sections/la_p8_s3.jpg,plain_negative
sections/calc_p9_s4.jpg,sections/la_p8_s4.jpg,plain_negative
sections/calc_p9_s4.jpg,sections/la_p9_s1.jpg,plain_negative
sections/calc_p9_s4.jpg,sections/la_p9_s2.jpg,plain_negative
sections/calc_p9_s4.jpg,sections/la_p9_s3.jpg,plain_negative
sections/calc_p9_s4.jpg,sections/la_p9_s5.jpg,plain_negative
sections/calc_p9_s4.jpg,sections/la_p10_s1.jpg,plain_negative
sections/calc_p9_s4.jpg,sections/la_p10_s2.jpg,plain_negative
sections/calc_p9_s4.jpg,sections/la_p10_s3.jpg,plain_negative
sections/calc_p9_s4.jpg,sections/la_p10_s4.jpg,plain_negative
sections/calc_p9_s4.jpg,sections/la_p10_s6.jpg,plain_negative
sections/calc_p9_s4.jpg,sections/la_p11_s1.jpg,plain_negative
sections/calc_p9_s4.jpg,sections/la_p11_s2.jpg,plain_negative
sections/calc_p9_s4.jpg,sections/la_p11_s4.jpg,plain_negative
sections/calc_p9_s4.jpg,sections/la_p11_s6.jpg,plain_negative
sections/calc_p9_s4.jpg,sections/la_p12_s1.jpg,plain_negative
sections/calc_p9_s4.jpg,sections/la_p12_s2.jpg,plain_negative
sections/calc_p9_s4.jpg,sections/la_p12_s3.jpg,plain_negative
sections/calc_p9_s4.jpg,sections/la_p13_s1.jpg,plain_negative
sections/calc_p9_s4.jpg,sections/la_p13_s2.jpg,plain_negative
sections/calc_p9_s4.jpg,sections/la_p13_s3.jpg,plain_negative
sections/calc_p9_s4.jpg,sections/la_p13_s4.jpg,plain_negative
sections/calc_p9_s4.jpg,sections/la_p13_s5.jpg,plain_negative
sections/calc_p9_s4.jpg,sections/la_p13_s6.jpg,plain_negative
sections/calc_p9_s4.jpg,sections/la_p14_s1.jpg,plain_negative
sections/calc_p9_s4.jpg,sections/la_p14_s2.jpg,plain_negative
sections/calc_p9_s4.jpg,sections/la_p14_s3.jpg,plain_negative
sections/calc_p9_s4.jpg,sections/la_p14_s4.jpg,plain_negative
sections/calc_p9_s4.jpg,sections/la_p14_s5.jpg,plain_negative
sections/calc_p9_s4.jpg,sections/la_p15_s1.jpg,plain_negative
sections/calc_p9_s4.jpg,sections/la_p15_s2.jpg,plain_negative
sections/calc_p9_s4.jpg,sections/la_p16_s1.jpg,plain_negative
sections/calc_p9_s4.jpg,sections/la_p16_s2.jpg,plain_negative
sections/calc_p9_s4.jpg,sections/la_p16_s3.jpg,plain_negative
sections/calc_p9_s4.jpg,sections/la_p16_s4.jpg,plain_negative
sections/calc_p9_s4.jpg,sections/la_p16_s5.jpg,plain_negative
sections/calc_p9_s4.jpg,sections/la_p17_s1.jpg,plain_negative
sections/calc_p9_s4.jpg,sections/la_p17_s2.jpg,plain_negative
sections/calc_p9_s4.jpg,sections/la_p17_s3.jpg,plain_negative
sections/calc_p9_s4.jpg,sections/la_p17_s4.jpg,plain_negative
sections/calc_p9_s4.jpg,sections/la_p17_s6.jpg,plain_negative
sections/calc_p9_s4.jpg,sections/la_p18_s2.jpg,plain_negative
sections/calc_p9_s4.jpg,sections/la_p18_s4.jpg,plain_negative
sections/calc_p9_s4.jpg,sections/la_p18_s5.jpg,plain_negative
sections/calc_p9_s4.jpg,sections/la_p18_s7.jpg,plain_negative
sections/calc_p9_s4.jpg,sections/la_p19_s1.jpg,plain_negative
sections/calc_p9_s4.jpg,sections/la_p19_s2.jpg,plain_negative
sections/calc_p9_s4.jpg,sections/la_p19_s4.jpg,plain_negative
sections/calc_p9_s5.jpg,sections/calc_p10_s1.jpg,topic_positive
sections/calc_p9_s5.jpg,sections/calc_p10_s2.jpg,soft_positive
sections/calc_p9_s5.jpg,sections/calc_p10_s3.jpg,soft_positive
sections/calc_p9_s5.jpg,sections/calc_p10_s4.jpg,soft_positive
sections/calc_p9_s5.jpg,sections/calc_p10_s5.jpg,soft_positive
sections/calc_p9_s5.jpg,sections/calc_p11_s3.jpg,soft_positive
sections/calc_p9_s5.jpg,sections/calc_p11_s4.jpg,soft_positive
sections/calc_p9_s5.jpg,sections/calc_p12_s1.jpg,plain_negative
sections/calc_p9_s5.jpg,sections/calc_p12_s2.jpg,plain_negative
sections/calc_p9_s5.jpg,sections/calc_p12_s3.jpg,plain_negative
sections/calc_p9_s5.jpg,sections/calc_p13_s1.jpg,soft_positive
sections/calc_p9_s5.jpg,sections/calc_p13_s2.jpg,soft_positive
sections/calc_p9_s5.jpg,sections/calc_p13_s3.jpg,soft_positive
sections/calc_p9_s5.jpg,sections/calc_p13_s4.jpg,soft_positive
sections/calc_p9_s5.jpg,sections/calc_p13_s5.jpg,soft_positive
sections/calc_p9_s5.jpg,sections/calc_p13_s6.jpg,soft_positive
sections/calc_p9_s5.jpg,sections/calc_p14_s1.jpg,plain_negative
sections/calc_p9_s5.jpg,sections/calc_p14_s2.jpg,plain_negative
sections/calc_p9_s5.jpg,sections/calc_p14_s3.jpg,plain_negative
sections/calc_p9_s5.jpg,sections/calc_p15_s1.jpg,plain_negative
sections/calc_p9_s5.jpg,sections/calc_p15_s2.jpg,plain_negative
sections/calc_p9_s5.jpg,sections/calc_p17_s1.jpg,plain_negative
sections/calc_p9_s5.jpg,sections/calc_p17_s2.jpg,plain_negative
sections/calc_p9_s5.jpg,sections/calc_p17_s3.jpg,plain_negative
sections/calc_p9_s5.jpg,sections/calc_p17_s4.jpg,plain_negative
sections/calc_p9_s5.jpg,sections/calc_p18_s2.jpg,plain_negative
sections/calc_p9_s5.jpg,sections/calc_p18_s3.jpg,plain_negative
sections/calc_p9_s5.jpg,sections/calc_p18_s4.jpg,plain_negative
sections/calc_p9_s5.jpg,sections/calc_p18_s5.jpg,plain_negative
sections/calc_p9_s5.jpg,sections/calc_p19_s1.jpg,plain_negative
sections/calc_p9_s5.jpg,sections/calc_p19_s2.jpg,plain_negative
sections/calc_p9_s5.jpg,sections/calc_p20_s2.jpg,plain_negative
sections/calc_p9_s5.jpg,sections/calc_p21_s1.jpg,plain_negative
sections/calc_p9_s5.jpg,sections/calc_p21_s2.jpg,plain_negative
sections/calc_p9_s5.jpg,sections/la_p1_s1.jpg,plain_negative
sections/calc_p9_s5.jpg,sections/la_p1_s2.jpg,plain_negative
sections/calc_p9_s5.jpg,sections/la_p1_s3.jpg,plain_negative
sections/calc_p9_s5.jpg,sections/la_p1_s4.jpg,plain_negative
sections/calc_p9_s5.jpg,sections/la_p1_s5.jpg,plain_negative
sections/calc_p9_s5.jpg,sections/la_p2_s1.jpg,plain_negative
sections/calc_p9_s5.jpg,sections/la_p2_s2.jpg,plain_negative
sections/calc_p9_s5.jpg,sections/la_p2_s3.jpg,plain_negative
sections/calc_p9_s5.jpg,sections/la_p2_s4.jpg,plain_negative
sections/calc_p9_s5.jpg,sections/la_p3_s1.jpg,plain_negative
sections/calc_p9_s5.jpg,sections/la_p3_s2.jpg,plain_negative
sections/calc_p9_s5.jpg,sections/la_p3_s3.jpg,plain_negative
sections/calc_p9_s5.jpg,sections/la_p3_s4.jpg,plain_negative
sections/calc_p9_s5.jpg,sections/la_p5_s1.jpg,plain_negative
sections/calc_p9_s5.jpg,sections/la_p5_s2.jpg,plain_negative
sections/calc_p9_s5.jpg,sections/la_p5_s3.jpg,plain_negative
sections/calc_p9_s5.jpg,sections/la_p6_s1.jpg,plain_negative
sections/calc_p9_s5.jpg,sections/la_p6_s3.jpg,plain_negative
sections/calc_p9_s5.jpg,sections/la_p7_s1.jpg,plain_negative
sections/calc_p9_s5.jpg,sections/la_p7_s2.jpg,plain_negative
sections/calc_p9_s5.jpg,sections/la_p7_s3.jpg,plain_negative
sections/calc_p9_s5.jpg,sections/la_p8_s1.jpg,plain_negative
sections/calc_p9_s5.jpg,sections/la_p8_s2.jpg,plain_negative
sections/calc_p9_s5.jpg,sections/la_p8_s3.jpg,plain_negative
sections/calc_p9_s5.jpg,sections/la_p8_s4.jpg,plain_negative
sections/calc_p9_s5.jpg,sections/la_p9_s1.jpg,plain_negative
sections/calc_p9_s5.jpg,sections/la_p9_s2.jpg,plain_negative
sections/calc_p9_s5.jpg,sections/la_p9_s3.jpg,plain_negative
sections/calc_p9_s5.jpg,sections/la_p9_s5.jpg,plain_negative
sections/calc_p9_s5.jpg,sections/la_p10_s1.jpg,plain_negative
sections/calc_p9_s5.jpg,sections/la_p10_s2.jpg,plain_negative
sections/calc_p9_s5.jpg,sections/la_p10_s3.jpg,plain_negative
sections/calc_p9_s5.jpg,sections/la_p10_s4.jpg,plain_negative
sections/calc_p9_s5.jpg,sections/la_p10_s6.jpg,plain_negative
sections/calc_p9_s5.jpg,sections/la_p11_s1.jpg,plain_negative
sections/calc_p9_s5.jpg,sections/la_p11_s2.jpg,plain_negative
sections/calc_p9_s5.jpg,sections/la_p11_s4.jpg,plain_negative
sections/calc_p9_s5.jpg,sections/la_p11_s6.jpg,plain_negative
sections/calc_p9_s5.jpg,sections/la_p12_s1.jpg,plain_negative
sections/calc_p9_s5.jpg,sections/la_p12_s2.jpg,plain_negative
sections/calc_p9_s5.jpg,sections/la_p12_s3.jpg,plain_negative
sections/calc_p9_s5.jpg,sections/la_p13_s1.jpg,plain_negative
sections/calc_p9_s5.jpg,sections/la_p13_s2.jpg,plain_negative
sections/calc_p9_s5.jpg,sections/la_p13_s3.jpg,plain_negative
sections/calc_p9_s5.jpg,sections/la_p13_s4.jpg,plain_negative
sections/calc_p9_s5.jpg,sections/la_p13_s5.jpg,plain_negative
sections/calc_p9_s5.jpg,sections/la_p13_s6.jpg,plain_negative
sections/calc_p9_s5.jpg,sections/la_p14_s1.jpg,plain_negative
sections/calc_p9_s5.jpg,sections/la_p14_s2.jpg,plain_negative
sections/calc_p9_s5.jpg,sections/la_p14_s3.jpg,plain_negative
sections/calc_p9_s5.jpg,sections/la_p14_s4.jpg,plain_negative
sections/calc_p9_s5.jpg,sections/la_p14_s5.jpg,plain_negative
sections/calc_p9_s5.jpg,sections/la_p15_s1.jpg,plain_negative
sections/calc_p9_s5.jpg,sections/la_p15_s2.jpg,plain_negative
sections/calc_p9_s5.jpg,sections/la_p16_s1.jpg,plain_negative
sections/calc_p9_s5.jpg,sections/la_p16_s2.jpg,plain_negative
sections/calc_p9_s5.jpg,sections/la_p16_s3.jpg,plain_negative
sections/calc_p9_s5.jpg,sections/la_p16_s4.jpg,plain_negative
sections/calc_p9_s5.jpg,sections/la_p16_s5.jpg,plain_negative
sections/calc_p9_s5.jpg,sections/la_p17_s1.jpg,plain_negative
sections/calc_p9_s5.jpg,sections/la_p17_s2.jpg,plain_negative
sections/calc_p9_s5.jpg,sections/la_p17_s3.jpg,plain_negative
sections/calc_p9_s5.jpg,sections/la_p17_s4.jpg,plain_negative
sections/calc_p9_s5.jpg,sections/la_p17_s6.jpg,plain_negative
sections/calc_p9_s5.jpg,sections/la_p18_s2.jpg,plain_negative
sections/calc_p9_s5.jpg,sections/la_p18_s4.jpg,plain_negative
sections/calc_p9_s5.jpg,sections/la_p18_s5.jpg,plain_negative
sections/calc_p9_s5.jpg,sections/la_p18_s7.jpg,plain_negative
sections/calc_p9_s5.jpg,sections/la_p19_s1.jpg,plain_negative
sections/calc_p9_s5.jpg,sections/la_p19_s2.jpg,plain_negative
sections/calc_p9_s5.jpg,sections/la_p19_s4.jpg,plain_negative
sections/calc_p10_s1.jpg,sections/calc_p10_s2.jpg,soft_positive
sections/calc_p10_s1.jpg,sections/calc_p10_s3.jpg,soft_positive
sections/calc_p10_s1.jpg,sections/calc_p10_s4.jpg,soft_positive
sections/calc_p10_s1.jpg,sections/calc_p10_s5.jpg,soft_positive
sections/calc_p10_s1.jpg,sections/calc_p11_s3.jpg,soft_positive
sections/calc_p10_s1.jpg,sections/calc_p11_s4.jpg,soft_positive
sections/calc_p10_s1.jpg,sections/calc_p12_s1.jpg,plain_negative
sections/calc_p10_s1.jpg,sections/calc_p12_s2.jpg,plain_negative
sections/calc_p10_s1.jpg,sections/calc_p12_s3.jpg,plain_negative
sections/calc_p10_s1.jpg,sections/calc_p13_s1.jpg,soft_positive
sections/calc_p10_s1.jpg,sections/calc_p13_s2.jpg,soft_positive
sections/calc_p10_s1.jpg,sections/calc_p13_s3.jpg,soft_positive
sections/calc_p10_s1.jpg,sections/calc_p13_s4.jpg,soft_positive
sections/calc_p10_s1.jpg,sections/calc_p13_s5.jpg,soft_positive
sections/calc_p10_s1.jpg,sections/calc_p13_s6.jpg,soft_positive
sections/calc_p10_s1.jpg,sections/calc_p14_s1.jpg,plain_negative
sections/calc_p10_s1.jpg,sections/calc_p14_s2.jpg,plain_negative
sections/calc_p10_s1.jpg,sections/calc_p14_s3.jpg,plain_negative
sections/calc_p10_s1.jpg,sections/calc_p15_s1.jpg,plain_negative
sections/calc_p10_s1.jpg,sections/calc_p15_s2.jpg,plain_negative
sections/calc_p10_s1.jpg,sections/calc_p17_s1.jpg,plain_negative
sections/calc_p10_s1.jpg,sections/calc_p17_s2.jpg,plain_negative
sections/calc_p10_s1.jpg,sections/calc_p17_s3.jpg,plain_negative
sections/calc_p10_s1.jpg,sections/calc_p17_s4.jpg,plain_negative
sections/calc_p10_s1.jpg,sections/calc_p18_s2.jpg,plain_negative
sections/calc_p10_s1.jpg,sections/calc_p18_s3.jpg,plain_negative
sections/calc_p10_s1.jpg,sections/calc_p18_s4.jpg,plain_negative
sections/calc_p10_s1.jpg,sections/calc_p18_s5.jpg,plain_negative
sections/calc_p10_s1.jpg,sections/calc_p19_s1.jpg,plain_negative
sections/calc_p10_s1.jpg,sections/calc_p19_s2.jpg,plain_negative
sections/calc_p10_s1.jpg,sections/calc_p20_s2.jpg,plain_negative
sections/calc_p10_s1.jpg,sections/calc_p21_s1.jpg,plain_negative
sections/calc_p10_s1.jpg,sections/calc_p21_s2.jpg,plain_negative
sections/calc_p10_s1.jpg,sections/la_p1_s1.jpg,plain_negative
sections/calc_p10_s1.jpg,sections/la_p1_s2.jpg,plain_negative
sections/calc_p10_s1.jpg,sections/la_p1_s3.jpg,plain_negative
sections/calc_p10_s1.jpg,sections/la_p1_s4.jpg,plain_negative
sections/calc_p10_s1.jpg,sections/la_p1_s5.jpg,plain_negative
sections/calc_p10_s1.jpg,sections/la_p2_s1.jpg,plain_negative
sections/calc_p10_s1.jpg,sections/la_p2_s2.jpg,plain_negative
sections/calc_p10_s1.jpg,sections/la_p2_s3.jpg,plain_negative
sections/calc_p10_s1.jpg,sections/la_p2_s4.jpg,plain_negative
sections/calc_p10_s1.jpg,sections/la_p3_s1.jpg,plain_negative
sections/calc_p10_s1.jpg,sections/la_p3_s2.jpg,plain_negative
sections/calc_p10_s1.jpg,sections/la_p3_s3.jpg,plain_negative
sections/calc_p10_s1.jpg,sections/la_p3_s4.jpg,plain_negative
sections/calc_p10_s1.jpg,sections/la_p5_s1.jpg,plain_negative
sections/calc_p10_s1.jpg,sections/la_p5_s2.jpg,plain_negative
sections/calc_p10_s1.jpg,sections/la_p5_s3.jpg,plain_negative
sections/calc_p10_s1.jpg,sections/la_p6_s1.jpg,plain_negative
sections/calc_p10_s1.jpg,sections/la_p6_s3.jpg,plain_negative
sections/calc_p10_s1.jpg,sections/la_p7_s1.jpg,plain_negative
sections/calc_p10_s1.jpg,sections/la_p7_s2.jpg,plain_negative
sections/calc_p10_s1.jpg,sections/la_p7_s3.jpg,plain_negative
sections/calc_p10_s1.jpg,sections/la_p8_s1.jpg,plain_negative
sections/calc_p10_s1.jpg,sections/la_p8_s2.jpg,plain_negative
sections/calc_p10_s1.jpg,sections/la_p8_s3.jpg,plain_negative
sections/calc_p10_s1.jpg,sections/la_p8_s4.jpg,plain_negative
sections/calc_p10_s1.jpg,sections/la_p9_s1.jpg,plain_negative
sections/calc_p10_s1.jpg,sections/la_p9_s2.jpg,plain_negative
sections/calc_p10_s1.jpg,sections/la_p9_s3.jpg,plain_negative
sections/calc_p10_s1.jpg,sections/la_p9_s5.jpg,plain_negative
sections/calc_p10_s1.jpg,sections/la_p10_s1.jpg,plain_negative
sections/calc_p10_s1.jpg,sections/la_p10_s2.jpg,plain_negative
sections/calc_p10_s1.jpg,sections/la_p10_s3.jpg,plain_negative
sections/calc_p10_s1.jpg,sections/la_p10_s4.jpg,plain_negative
sections/calc_p10_s1.jpg,sections/la_p10_s6.jpg,plain_negative
sections/calc_p10_s1.jpg,sections/la_p11_s1.jpg,plain_negative
sections/calc_p10_s1.jpg,sections/la_p11_s2.jpg,plain_negative
sections/calc_p10_s1.jpg,sections/la_p11_s4.jpg,plain_negative
sections/calc_p10_s1.jpg,sections/la_p11_s6.jpg,plain_negative
sections/calc_p10_s1.jpg,sections/la_p12_s1.jpg,plain_negative
sections/calc_p10_s1.jpg,sections/la_p12_s2.jpg,plain_negative
sections/calc_p10_s1.jpg,sections/la_p12_s3.jpg,plain_negative
sections/calc_p10_s1.jpg,sections/la_p13_s1.jpg,plain_negative
sections/calc_p10_s1.jpg,sections/la_p13_s2.jpg,plain_negative
sections/calc_p10_s1.jpg,sections/la_p13_s3.jpg,plain_negative
sections/calc_p10_s1.jpg,sections/la_p13_s4.jpg,plain_negative
sections/calc_p10_s1.jpg,sections/la_p13_s5.jpg,plain_negative
sections/calc_p10_s1.jpg,sections/la_p13_s6.jpg,plain_negative
sections/calc_p10_s1.jpg,sections/la_p14_s1.jpg,plain_negative
sections/calc_p10_s1.jpg,sections/la_p14_s2.jpg,plain_negative
sections/calc_p10_s1.jpg,sections/la_p14_s3.jpg,plain_negative
sections/calc_p10_s1.jpg,sections/la_p14_s4.jpg,plain_negative
sections/calc_p10_s1.jpg,sections/la_p14_s5.jpg,plain_negative
sections/calc_p10_s1.jpg,sections/la_p15_s1.jpg,plain_negative
sections/calc_p10_s1.jpg,sections/la_p15_s2.jpg,plain_negative
sections/calc_p10_s1.jpg,sections/la_p16_s1.jpg,plain_negative
sections/calc_p10_s1.jpg,sections/la_p16_s2.jpg,plain_negative
sections/calc_p10_s1.jpg,sections/la_p16_s3.jpg,plain_negative
sections/calc_p10_s1.jpg,sections/la_p16_s4.jpg,plain_negative
sections/calc_p10_s1.jpg,sections/la_p16_s5.jpg,plain_negative
sections/calc_p10_s1.jpg,sections/la_p17_s1.jpg,plain_negative
sections/calc_p10_s1.jpg,sections/la_p17_s2.jpg,plain_negative
sections/calc_p10_s1.jpg,sections/la_p17_s3.jpg,plain_negative
sections/calc_p10_s1.jpg,sections/la_p17_s4.jpg,plain_negative
sections/calc_p10_s1.jpg,sections/la_p17_s6.jpg,plain_negative
sections/calc_p10_s1.jpg,sections/la_p18_s2.jpg,plain_negative
sections/calc_p10_s1.jpg,sections/la_p18_s4.jpg,plain_negative
sections/calc_p10_s1.jpg,sections/la_p18_s5.jpg,plain_negative
sections/calc_p10_s1.jpg,sections/la_p18_s7.jpg,plain_negative
sections/calc_p10_s1.jpg,sections/la_p19_s1.jpg,plain_negative
sections/calc_p10_s1.jpg,sections/la_p19_s2.jpg,plain_negative
sections/calc_p10_s1.jpg,sections/la_p19_s4.jpg,plain_negative
sections/calc_p10_s2.jpg,sections/calc_p10_s3.jpg,soft_positive
sections/calc_p10_s2.jpg,sections/calc_p10_s4.jpg,soft_positive
sections/calc_p10_s2.jpg,sections/calc_p10_s5.jpg,soft_positive
sections/calc_p10_s2.jpg,sections/calc_p11_s3.jpg,soft_positive
sections/calc_p10_s2.jpg,sections/calc_p11_s4.jpg,soft_positive
sections/calc_p10_s2.jpg,sections/calc_p12_s1.jpg,plain_negative
sections/calc_p10_s2.jpg,sections/calc_p12_s2.jpg,plain_negative
sections/calc_p10_s2.jpg,sections/calc_p12_s3.jpg,plain_negative
sections/calc_p10_s2.jpg,sections/calc_p13_s1.jpg,soft_positive
sections/calc_p10_s2.jpg,sections/calc_p13_s2.jpg,soft_positive
sections/calc_p10_s2.jpg,sections/calc_p13_s3.jpg,soft_positive
sections/calc_p10_s2.jpg,sections/calc_p13_s4.jpg,topic_positive
sections/calc_p10_s2.jpg,sections/calc_p13_s5.jpg,soft_positive
sections/calc_p10_s2.jpg,sections/calc_p13_s6.jpg,soft_positive
sections/calc_p10_s2.jpg,sections/calc_p14_s1.jpg,hard_negative
sections/calc_p10_s2.jpg,sections/calc_p14_s2.jpg,hard_negative
sections/calc_p10_s2.jpg,sections/calc_p14_s3.jpg,plain_negative
sections/calc_p10_s2.jpg,sections/calc_p15_s1.jpg,plain_negative
sections/calc_p10_s2.jpg,sections/calc_p15_s2.jpg,plain_negative
sections/calc_p10_s2.jpg,sections/calc_p17_s1.jpg,plain_negative
sections/calc_p10_s2.jpg,sections/calc_p17_s2.jpg,plain_negative
sections/calc_p10_s2.jpg,sections/calc_p17_s3.jpg,plain_negative
sections/calc_p10_s2.jpg,sections/calc_p17_s4.jpg,plain_negative
sections/calc_p10_s2.jpg,sections/calc_p18_s2.jpg,plain_negative
sections/calc_p10_s2.jpg,sections/calc_p18_s3.jpg,plain_negative
sections/calc_p10_s2.jpg,sections/calc_p18_s4.jpg,plain_negative
sections/calc_p10_s2.jpg,sections/calc_p18_s5.jpg,plain_negative
sections/calc_p10_s2.jpg,sections/calc_p19_s1.jpg,plain_negative
sections/calc_p10_s2.jpg,sections/calc_p19_s2.jpg,plain_negative
sections/calc_p10_s2.jpg,sections/calc_p20_s2.jpg,plain_negative
sections/calc_p10_s2.jpg,sections/calc_p21_s1.jpg,plain_negative
sections/calc_p10_s2.jpg,sections/calc_p21_s2.jpg,plain_negative
sections/calc_p10_s2.jpg,sections/la_p1_s1.jpg,plain_negative
sections/calc_p10_s2.jpg,sections/la_p1_s2.jpg,plain_negative
sections/calc_p10_s2.jpg,sections/la_p1_s3.jpg,plain_negative
sections/calc_p10_s2.jpg,sections/la_p1_s4.jpg,plain_negative
sections/calc_p10_s2.jpg,sections/la_p1_s5.jpg,plain_negative
sections/calc_p10_s2.jpg,sections/la_p2_s1.jpg,plain_negative
sections/calc_p10_s2.jpg,sections/la_p2_s2.jpg,plain_negative
sections/calc_p10_s2.jpg,sections/la_p2_s3.jpg,plain_negative
sections/calc_p10_s2.jpg,sections/la_p2_s4.jpg,plain_negative
sections/calc_p10_s2.jpg,sections/la_p3_s1.jpg,plain_negative
sections/calc_p10_s2.jpg,sections/la_p3_s2.jpg,plain_negative
sections/calc_p10_s2.jpg,sections/la_p3_s3.jpg,plain_negative
sections/calc_p10_s2.jpg,sections/la_p3_s4.jpg,plain_negative
sections/calc_p10_s2.jpg,sections/la_p5_s1.jpg,plain_negative
sections/calc_p10_s2.jpg,sections/la_p5_s2.jpg,plain_negative
sections/calc_p10_s2.jpg,sections/la_p5_s3.jpg,plain_negative
sections/calc_p10_s2.jpg,sections/la_p6_s1.jpg,plain_negative
sections/calc_p10_s2.jpg,sections/la_p6_s3.jpg,plain_negative
sections/calc_p10_s2.jpg,sections/la_p7_s1.jpg,plain_negative
sections/calc_p10_s2.jpg,sections/la_p7_s2.jpg,plain_negative
sections/calc_p10_s2.jpg,sections/la_p7_s3.jpg,plain_negative
sections/calc_p10_s2.jpg,sections/la_p8_s1.jpg,plain_negative
sections/calc_p10_s2.jpg,sections/la_p8_s2.jpg,plain_negative
sections/calc_p10_s2.jpg,sections/la_p8_s3.jpg,plain_negative
sections/calc_p10_s2.jpg,sections/la_p8_s4.jpg,plain_negative
sections/calc_p10_s2.jpg,sections/la_p9_s1.jpg,plain_negative
sections/calc_p10_s2.jpg,sections/la_p9_s2.jpg,plain_negative
sections/calc_p10_s2.jpg,sections/la_p9_s3.jpg,plain_negative
sections/calc_p10_s2.jpg,sections/la_p9_s5.jpg,plain_negative
sections/calc_p10_s2.jpg,sections/la_p10_s1.jpg,plain_negative
sections/calc_p10_s2.jpg,sections/la_p10_s2.jpg,plain_negative
sections/calc_p10_s2.jpg,sections/la_p10_s3.jpg,plain_negative
sections/calc_p10_s2.jpg,sections/la_p10_s4.jpg,plain_negative
sections/calc_p10_s2.jpg,sections/la_p10_s6.jpg,plain_negative
sections/calc_p10_s2.jpg,sections/la_p11_s1.jpg,plain_negative
sections/calc_p10_s2.jpg,sections/la_p11_s2.jpg,plain_negative
sections/calc_p10_s2.jpg,sections/la_p11_s4.jpg,plain_negative
sections/calc_p10_s2.jpg,sections/la_p11_s6.jpg,plain_negative
sections/calc_p10_s2.jpg,sections/la_p12_s1.jpg,plain_negative
sections/calc_p10_s2.jpg,sections/la_p12_s2.jpg,plain_negative
sections/calc_p10_s2.jpg,sections/la_p12_s3.jpg,plain_negative
sections/calc_p10_s2.jpg,sections/la_p13_s1.jpg,plain_negative
sections/calc_p10_s2.jpg,sections/la_p13_s2.jpg,plain_negative
sections/calc_p10_s2.jpg,sections/la_p13_s3.jpg,plain_negative
sections/calc_p10_s2.jpg,sections/la_p13_s4.jpg,plain_negative
sections/calc_p10_s2.jpg,sections/la_p13_s5.jpg,plain_negative
sections/calc_p10_s2.jpg,sections/la_p13_s6.jpg,plain_negative
sections/calc_p10_s2.jpg,sections/la_p14_s1.jpg,plain_negative
sections/calc_p10_s2.jpg,sections/la_p14_s2.jpg,plain_negative
sections/calc_p10_s2.jpg,sections/la_p14_s3.jpg,plain_negative
sections/calc_p10_s2.jpg,sections/la_p14_s4.jpg,plain_negative
sections/calc_p10_s2.jpg,sections/la_p14_s5.jpg,plain_negative
sections/calc_p10_s2.jpg,sections/la_p15_s1.jpg,plain_negative
sections/calc_p10_s2.jpg,sections/la_p15_s2.jpg,plain_negative
sections/calc_p10_s2.jpg,sections/la_p16_s1.jpg,plain_negative
sections/calc_p10_s2.jpg,sections/la_p16_s2.jpg,plain_negative
sections/calc_p10_s2.jpg,sections/la_p16_s3.jpg,plain_negative
sections/calc_p10_s2.jpg,sections/la_p16_s4.jpg,plain_negative
sections/calc_p10_s2.jpg,sections/la_p16_s5.jpg,plain_negative
sections/calc_p10_s2.jpg,sections/la_p17_s1.jpg,plain_negative
sections/calc_p10_s2.jpg,sections/la_p17_s2.jpg,plain_negative
sections/calc_p10_s2.jpg,sections/la_p17_s3.jpg,plain_negative
sections/calc_p10_s2.jpg,sections/la_p17_s4.jpg,plain_negative
sections/calc_p10_s2.jpg,sections/la_p17_s6.jpg,plain_negative
sections/calc_p10_s2.jpg,sections/la_p18_s2.jpg,plain_negative
sections/calc_p10_s2.jpg,sections/la_p18_s4.jpg,plain_negative
sections/calc_p10_s2.jpg,sections/la_p18_s5.jpg,plain_negative
sections/calc_p10_s2.jpg,sections/la_p18_s7.jpg,plain_negative
sections/calc_p10_s2.jpg,sections/la_p19_s1.jpg,plain_negative
sections/calc_p10_s2.jpg,sections/la_p19_s2.jpg,plain_negative
sections/calc_p10_s2.jpg,sections/la_p19_s4.jpg,plain_negative
sections/calc_p10_s3.jpg,sections/calc_p10_s4.jpg,topic_positive
sections/calc_p10_s3.jpg,sections/calc_p10_s5.jpg,topic_positive
sections/calc_p10_s3.jpg,sections/calc_p11_s3.jpg,soft_positive
sections/calc_p10_s3.jpg,sections/calc_p11_s4.jpg,soft_positive
sections/calc_p10_s3.jpg,sections/calc_p12_s1.jpg,plain_negative
sections/calc_p10_s3.jpg,sections/calc_p12_s2.jpg,plain_negative
sections/calc_p10_s3.jpg,sections/calc_p12_s3.jpg,plain_negative
sections/calc_p10_s3.jpg,sections/calc_p13_s1.jpg,soft_positive
sections/calc_p10_s3.jpg,sections/calc_p13_s2.jpg,soft_positive
sections/calc_p10_s3.jpg,sections/calc_p13_s3.jpg,soft_positive
sections/calc_p10_s3.jpg,sections/calc_p13_s4.jpg,soft_positive
sections/calc_p10_s3.jpg,sections/calc_p13_s5.jpg,soft_positive
sections/calc_p10_s3.jpg,sections/calc_p13_s6.jpg,soft_positive
sections/calc_p10_s3.jpg,sections/calc_p14_s1.jpg,hard_negative
sections/calc_p10_s3.jpg,sections/calc_p14_s2.jpg,hard_negative
sections/calc_p10_s3.jpg,sections/calc_p14_s3.jpg,plain_negative
sections/calc_p10_s3.jpg,sections/calc_p15_s1.jpg,plain_negative
sections/calc_p10_s3.jpg,sections/calc_p15_s2.jpg,plain_negative
sections/calc_p10_s3.jpg,sections/calc_p17_s1.jpg,plain_negative
sections/calc_p10_s3.jpg,sections/calc_p17_s2.jpg,plain_negative
sections/calc_p10_s3.jpg,sections/calc_p17_s3.jpg,plain_negative
sections/calc_p10_s3.jpg,sections/calc_p17_s4.jpg,plain_negative
sections/calc_p10_s3.jpg,sections/calc_p18_s2.jpg,plain_negative
sections/calc_p10_s3.jpg,sections/calc_p18_s3.jpg,plain_negative
sections/calc_p10_s3.jpg,sections/calc_p18_s4.jpg,plain_negative
sections/calc_p10_s3.jpg,sections/calc_p18_s5.jpg,plain_negative
sections/calc_p10_s3.jpg,sections/calc_p19_s1.jpg,plain_negative
sections/calc_p10_s3.jpg,sections/calc_p19_s2.jpg,plain_negative
sections/calc_p10_s3.jpg,sections/calc_p20_s2.jpg,plain_negative
sections/calc_p10_s3.jpg,sections/calc_p21_s1.jpg,plain_negative
sections/calc_p10_s3.jpg,sections/calc_p21_s2.jpg,plain_negative
sections/calc_p10_s3.jpg,sections/la_p1_s1.jpg,plain_negative
sections/calc_p10_s3.jpg,sections/la_p1_s2.jpg,plain_negative
sections/calc_p10_s3.jpg,sections/la_p1_s3.jpg,plain_negative
sections/calc_p10_s3.jpg,sections/la_p1_s4.jpg,plain_negative
sections/calc_p10_s3.jpg,sections/la_p1_s5.jpg,plain_negative
sections/calc_p10_s3.jpg,sections/la_p2_s1.jpg,plain_negative
sections/calc_p10_s3.jpg,sections/la_p2_s2.jpg,plain_negative
sections/calc_p10_s3.jpg,sections/la_p2_s3.jpg,plain_negative
sections/calc_p10_s3.jpg,sections/la_p2_s4.jpg,plain_negative
sections/calc_p10_s3.jpg,sections/la_p3_s1.jpg,plain_negative
sections/calc_p10_s3.jpg,sections/la_p3_s2.jpg,plain_negative
sections/calc_p10_s3.jpg,sections/la_p3_s3.jpg,plain_negative
sections/calc_p10_s3.jpg,sections/la_p3_s4.jpg,plain_negative
sections/calc_p10_s3.jpg,sections/la_p5_s1.jpg,plain_negative
sections/calc_p10_s3.jpg,sections/la_p5_s2.jpg,plain_negative
sections/calc_p10_s3.jpg,sections/la_p5_s3.jpg,plain_negative
sections/calc_p10_s3.jpg,sections/la_p6_s1.jpg,plain_negative
sections/calc_p10_s3.jpg,sections/la_p6_s3.jpg,plain_negative
sections/calc_p10_s3.jpg,sections/la_p7_s1.jpg,plain_negative
sections/calc_p10_s3.jpg,sections/la_p7_s2.jpg,plain_negative
sections/calc_p10_s3.jpg,sections/la_p7_s3.jpg,plain_negative
sections/calc_p10_s3.jpg,sections/la_p8_s1.jpg,plain_negative
sections/calc_p10_s3.jpg,sections/la_p8_s2.jpg,plain_negative
sections/calc_p10_s3.jpg,sections/la_p8_s3.jpg,plain_negative
sections/calc_p10_s3.jpg,sections/la_p8_s4.jpg,plain_negative
sections/calc_p10_s3.jpg,sections/la_p9_s1.jpg,plain_negative
sections/calc_p10_s3.jpg,sections/la_p9_s2.jpg,plain_negative
sections/calc_p10_s3.jpg,sections/la_p9_s3.jpg,plain_negative
sections/calc_p10_s3.jpg,sections/la_p9_s5.jpg,plain_negative
sections/calc_p10_s3.jpg,sections/la_p10_s1.jpg,plain_negative
sections/calc_p10_s3.jpg,sections/la_p10_s2.jpg,plain_negative
sections/calc_p10_s3.jpg,sections/la_p10_s3.jpg,plain_negative
sections/calc_p10_s3.jpg,sections/la_p10_s4.jpg,plain_negative
sections/calc_p10_s3.jpg,sections/la_p10_s6.jpg,plain_negative
sections/calc_p10_s3.jpg,sections/la_p11_s1.jpg,plain_negative
sections/calc_p10_s3.jpg,sections/la_p11_s2.jpg,plain_negative
sections/calc_p10_s3.jpg,sections/la_p11_s4.jpg,plain_negative
sections/calc_p10_s3.jpg,sections/la_p11_s6.jpg,plain_negative
sections/calc_p10_s3.jpg,sections/la_p12_s1.jpg,plain_negative
sections/calc_p10_s3.jpg,sections/la_p12_s2.jpg,plain_negative
sections/calc_p10_s3.jpg,sections/la_p12_s3.jpg,plain_negative
sections/calc_p10_s3.jpg,sections/la_p13_s1.jpg,plain_negative
sections/calc_p10_s3.jpg,sections/la_p13_s2.jpg,plain_negative
sections/calc_p10_s3.jpg,sections/la_p13_s3.jpg,plain_negative
sections/calc_p10_s3.jpg,sections/la_p13_s4.jpg,plain_negative
sections/calc_p10_s3.jpg,sections/la_p13_s5.jpg,plain_negative
sections/calc_p10_s3.jpg,sections/la_p13_s6.jpg,plain_negative
sections/calc_p10_s3.jpg,sections/la_p14_s1.jpg,plain_negative
sections/calc_p10_s3.jpg,sections/la_p14_s2.jpg,plain_negative
sections/calc_p10_s3.jpg,sections/la_p14_s3.jpg,plain_negative
sections/calc_p10_s3.jpg,sections/la_p14_s4.jpg,plain_negative
sections/calc_p10_s3.jpg,sections/la_p14_s5.jpg,plain_negative
sections/calc_p10_s3.jpg,sections/la_p15_s1.jpg,plain_negative
sections/calc_p10_s3.jpg,sections/la_p15_s2.jpg,plain_negative
sections/calc_p10_s3.jpg,sections/la_p16_s1.jpg,plain_negative
sections/calc_p10_s3.jpg,sections/la_p16_s2.jpg,plain_negative
sections/calc_p10_s3.jpg,sections/la_p16_s3.jpg,plain_negative
sections/calc_p10_s3.jpg,sections/la_p16_s4.jpg,plain_negative
sections/calc_p10_s3.jpg,sections/la_p16_s5.jpg,plain_negative
sections/calc_p10_s3.jpg,sections/la_p17_s1.jpg,plain_negative
sections/calc_p10_s3.jpg,sections/la_p17_s2.jpg,plain_negative
sections/calc_p10_s3.jpg,sections/la_p17_s3.jpg,plain_negative
sections/calc_p10_s3.jpg,sections/la_p17_s4.jpg,plain_negative
sections/calc_p10_s3.jpg,sections/la_p17_s6.jpg,plain_negative
sections/calc_p10_s3.jpg,sections/la_p18_s2.jpg,plain_negative
sections/calc_p10_s3.jpg,sections/la_p18_s4.jpg,plain_negative
sections/calc_p10_s3.jpg,sections/la_p18_s5.jpg,plain_negative
sections/calc_p10_s3.jpg,sections/la_p18_s7.jpg,plain_negative
sections/calc_p10_s3.jpg,sections/la_p19_s1.jpg,plain_negative
sections/calc_p10_s3.jpg,sections/la_p19_s2.jpg,plain_negative
sections/calc_p10_s3.jpg,sections/la_p19_s4.jpg,plain_negative
sections/calc_p10_s4.jpg,sections/calc_p10_s5.jpg,topic_positive
sections/calc_p10_s4.jpg,sections/calc_p11_s3.jpg,soft_positive
sections/calc_p10_s4.jpg,sections/calc_p11_s4.jpg,soft_positive
sections/calc_p10_s4.jpg,sections/calc_p12_s1.jpg,plain_negative
sections/calc_p10_s4.jpg,sections/calc_p12_s2.jpg,plain_negative
sections/calc_p10_s4.jpg,sections/calc_p12_s3.jpg,plain_negative
sections/calc_p10_s4.jpg,sections/calc_p13_s1.jpg,soft_positive
sections/calc_p10_s4.jpg,sections/calc_p13_s2.jpg,soft_positive
sections/calc_p10_s4.jpg,sections/calc_p13_s3.jpg,soft_positive
sections/calc_p10_s4.jpg,sections/calc_p13_s4.jpg,soft_positive
sections/calc_p10_s4.jpg,sections/calc_p13_s5.jpg,soft_positive
sections/calc_p10_s4.jpg,sections/calc_p13_s6.jpg,soft_positive
sections/calc_p10_s4.jpg,sections/calc_p14_s1.jpg,hard_negative
sections/calc_p10_s4.jpg,sections/calc_p14_s2.jpg,hard_negative
sections/calc_p10_s4.jpg,sections/calc_p14_s3.jpg,plain_negative
sections/calc_p10_s4.jpg,sections/calc_p15_s1.jpg,plain_negative
sections/calc_p10_s4.jpg,sections/calc_p15_s2.jpg,plain_negative
sections/calc_p10_s4.jpg,sections/calc_p17_s1.jpg,plain_negative
sections/calc_p10_s4.jpg,sections/calc_p17_s2.jpg,plain_negative
sections/calc_p10_s4.jpg,sections/calc_p17_s3.jpg,plain_negative
sections/calc_p10_s4.jpg,sections/calc_p17_s4.jpg,plain_negative
sections/calc_p10_s4.jpg,sections/calc_p18_s2.jpg,plain_negative
sections/calc_p10_s4.jpg,sections/calc_p18_s3.jpg,plain_negative
sections/calc_p10_s4.jpg,sections/calc_p18_s4.jpg,plain_negative
sections/calc_p10_s4.jpg,sections/calc_p18_s5.jpg,plain_negative
sections/calc_p10_s4.jpg,sections/calc_p19_s1.jpg,plain_negative
sections/calc_p10_s4.jpg,sections/calc_p19_s2.jpg,plain_negative
sections/calc_p10_s4.jpg,sections/calc_p20_s2.jpg,plain_negative
sections/calc_p10_s4.jpg,sections/calc_p21_s1.jpg,plain_negative
sections/calc_p10_s4.jpg,sections/calc_p21_s2.jpg,plain_negative
sections/calc_p10_s4.jpg,sections/la_p1_s1.jpg,plain_negative
sections/calc_p10_s4.jpg,sections/la_p1_s2.jpg,plain_negative
sections/calc_p10_s4.jpg,sections/la_p1_s3.jpg,plain_negative
sections/calc_p10_s4.jpg,sections/la_p1_s4.jpg,plain_negative
sections/calc_p10_s4.jpg,sections/la_p1_s5.jpg,plain_negative
sections/calc_p10_s4.jpg,sections/la_p2_s1.jpg,plain_negative
sections/calc_p10_s4.jpg,sections/la_p2_s2.jpg,plain_negative
sections/calc_p10_s4.jpg,sections/la_p2_s3.jpg,plain_negative
sections/calc_p10_s4.jpg,sections/la_p2_s4.jpg,plain_negative
sections/calc_p10_s4.jpg,sections/la_p3_s1.jpg,plain_negative
sections/calc_p10_s4.jpg,sections/la_p3_s2.jpg,plain_negative
sections/calc_p10_s4.jpg,sections/la_p3_s3.jpg,plain_negative
sections/calc_p10_s4.jpg,sections/la_p3_s4.jpg,plain_negative
sections/calc_p10_s4.jpg,sections/la_p5_s1.jpg,plain_negative
sections/calc_p10_s4.jpg,sections/la_p5_s2.jpg,plain_negative
sections/calc_p10_s4.jpg,sections/la_p5_s3.jpg,plain_negative
sections/calc_p10_s4.jpg,sections/la_p6_s1.jpg,plain_negative
sections/calc_p10_s4.jpg,sections/la_p6_s3.jpg,plain_negative
sections/calc_p10_s4.jpg,sections/la_p7_s1.jpg,plain_negative
sections/calc_p10_s4.jpg,sections/la_p7_s2.jpg,plain_negative
sections/calc_p10_s4.jpg,sections/la_p7_s3.jpg,plain_negative
sections/calc_p10_s4.jpg,sections/la_p8_s1.jpg,plain_negative
sections/calc_p10_s4.jpg,sections/la_p8_s2.jpg,plain_negative
sections/calc_p10_s4.jpg,sections/la_p8_s3.jpg,plain_negative
sections/calc_p10_s4.jpg,sections/la_p8_s4.jpg,plain_negative
sections/calc_p10_s4.jpg,sections/la_p9_s1.jpg,plain_negative
sections/calc_p10_s4.jpg,sections/la_p9_s2.jpg,plain_negative
sections/calc_p10_s4.jpg,sections/la_p9_s3.jpg,plain_negative
sections/calc_p10_s4.jpg,sections/la_p9_s5.jpg,plain_negative
sections/calc_p10_s4.jpg,sections/la_p10_s1.jpg,plain_negative
sections/calc_p10_s4.jpg,sections/la_p10_s2.jpg,plain_negative
sections/calc_p10_s4.jpg,sections/la_p10_s3.jpg,plain_negative
sections/calc_p10_s4.jpg,sections/la_p10_s4.jpg,plain_negative
sections/calc_p10_s4.jpg,sections/la_p10_s6.jpg,plain_negative
sections/calc_p10_s4.jpg,sections/la_p11_s1.jpg,plain_negative
sections/calc_p10_s4.jpg,sections/la_p11_s2.jpg,plain_negative
sections/calc_p10_s4.jpg,sections/la_p11_s4.jpg,plain_negative
sections/calc_p10_s4.jpg,sections/la_p11_s6.jpg,plain_negative
sections/calc_p10_s4.jpg,sections/la_p12_s1.jpg,plain_negative
sections/calc_p10_s4.jpg,sections/la_p12_s2.jpg,plain_negative
sections/calc_p10_s4.jpg,sections/la_p12_s3.jpg,plain_negative
sections/calc_p10_s4.jpg,sections/la_p13_s1.jpg,plain_negative
sections/calc_p10_s4.jpg,sections/la_p13_s2.jpg,plain_negative
sections/calc_p10_s4.jpg,sections/la_p13_s3.jpg,plain_negative
sections/calc_p10_s4.jpg,sections/la_p13_s4.jpg,plain_negative
sections/calc_p10_s4.jpg,sections/la_p13_s5.jpg,plain_negative
sections/calc_p10_s4.jpg,sections/la_p13_s6.jpg,plain_negative
sections/calc_p10_s4.jpg,sections/la_p14_s1.jpg,plain_negative
sections/calc_p10_s4.jpg,sections/la_p14_s2.jpg,plain_negative
sections/calc_p10_s4.jpg,sections/la_p14_s3.jpg,plain_negative
sections/calc_p10_s4.jpg,sections/la_p14_s4.jpg,plain_negative
sections/calc_p10_s4.jpg,sections/la_p14_s5.jpg,plain_negative
sections/calc_p10_s4.jpg,sections/la_p15_s1.jpg,plain_negative
sections/calc_p10_s4.jpg,sections/la_p15_s2.jpg,plain_negative
sections/calc_p10_s4.jpg,sections/la_p16_s1.jpg,plain_negative
sections/calc_p10_s4.jpg,sections/la_p16_s2.jpg,plain_negative
sections/calc_p10_s4.jpg,sections/la_p16_s3.jpg,plain_negative
sections/calc_p10_s4.jpg,sections/la_p16_s4.jpg,plain_negative
sections/calc_p10_s4.jpg,sections/la_p16_s5.jpg,plain_negative
sections/calc_p10_s4.jpg,sections/la_p17_s1.jpg,plain_negative
sections/calc_p10_s4.jpg,sections/la_p17_s2.jpg,plain_negative
sections/calc_p10_s4.jpg,sections/la_p17_s3.jpg,plain_negative
sections/calc_p10_s4.jpg,sections/la_p17_s4.jpg,plain_negative
sections/calc_p10_s4.jpg,sections/la_p17_s6.jpg,plain_negative
sections/calc_p10_s4.jpg,sections/la_p18_s2.jpg,plain_negative
sections/calc_p10_s4.jpg,sections/la_p18_s4.jpg,plain_negative
sections/calc_p10_s4.jpg,sections/la_p18_s5.jpg,plain_negative
sections/calc_p10_s4.jpg,sections/la_p18_s7.jpg,plain_negative
sections/calc_p10_s4.jpg,sections/la_p19_s1.jpg,plain_negative
sections/calc_p10_s4.jpg,sections/la_p19_s2.jpg,plain_negative
sections/calc_p10_s4.jpg,sections/la_p19_s4.jpg,plain_negative
sections/calc_p10_s5.jpg,sections/calc_p11_s3.jpg,soft_positive
sections/calc_p10_s5.jpg,sections/calc_p11_s4.jpg,soft_positive
sections/calc_p10_s5.jpg,sections/calc_p12_s1.jpg,plain_negative
sections/calc_p10_s5.jpg,sections/calc_p12_s2.jpg,plain_negative
sections/calc_p10_s5.jpg,sections/calc_p12_s3.jpg,plain_negative
sections/calc_p10_s5.jpg,sections/calc_p13_s1.jpg,soft_positive
sections/calc_p10_s5.jpg,sections/calc_p13_s2.jpg,soft_positive
sections/calc_p10_s5.jpg,sections/calc_p13_s3.jpg,soft_positive
sections/calc_p10_s5.jpg,sections/calc_p13_s4.jpg,soft_positive
sections/calc_p10_s5.jpg,sections/calc_p13_s5.jpg,soft_positive
sections/calc_p10_s5.jpg,sections/calc_p13_s6.jpg,soft_positive
sections/calc_p10_s5.jpg,sections/calc_p14_s1.jpg,hard_negative
sections/calc_p10_s5.jpg,sections/calc_p14_s2.jpg,hard_negative
sections/calc_p10_s5.jpg,sections/calc_p14_s3.jpg,plain_negative
sections/calc_p10_s5.jpg,sections/calc_p15_s1.jpg,plain_negative
sections/calc_p10_s5.jpg,sections/calc_p15_s2.jpg,plain_negative
sections/calc_p10_s5.jpg,sections/calc_p17_s1.jpg,plain_negative
sections/calc_p10_s5.jpg,sections/calc_p17_s2.jpg,plain_negative
sections/calc_p10_s5.jpg,sections/calc_p17_s3.jpg,plain_negative
sections/calc_p10_s5.jpg,sections/calc_p17_s4.jpg,plain_negative
sections/calc_p10_s5.jpg,sections/calc_p18_s2.jpg,plain_negative
sections/calc_p10_s5.jpg,sections/calc_p18_s3.jpg,plain_negative
sections/calc_p10_s5.jpg,sections/calc_p18_s4.jpg,plain_negative
sections/calc_p10_s5.jpg,sections/calc_p18_s5.jpg,plain_negative
sections/calc_p10_s5.jpg,sections/calc_p19_s1.jpg,plain_negative
sections/calc_p10_s5.jpg,sections/calc_p19_s2.jpg,plain_negative
sections/calc_p10_s5.jpg,sections/calc_p20_s2.jpg,plain_negative
sections/calc_p10_s5.jpg,sections/calc_p21_s1.jpg,plain_negative
sections/calc_p10_s5.jpg,sections/calc_p21_s2.jpg,plain_negative
sections/calc_p10_s5.jpg,sections/la_p1_s1.jpg,plain_negative
sections/calc_p10_s5.jpg,sections/la_p1_s2.jpg,plain_negative
sections/calc_p10_s5.jpg,sections/la_p1_s3.jpg,plain_negative
sections/calc_p10_s5.jpg,sections/la_p1_s4.jpg,plain_negative
sections/calc_p10_s5.jpg,sections/la_p1_s5.jpg,plain_negative
sections/calc_p10_s5.jpg,sections/la_p2_s1.jpg,plain_negative
sections/calc_p10_s5.jpg,sections/la_p2_s2.jpg,plain_negative
sections/calc_p10_s5.jpg,sections/la_p2_s3.jpg,plain_negative
sections/calc_p10_s5.jpg,sections/la_p2_s4.jpg,plain_negative
sections/calc_p10_s5.jpg,sections/la_p3_s1.jpg,plain_negative
sections/calc_p10_s5.jpg,sections/la_p3_s2.jpg,plain_negative
sections/calc_p10_s5.jpg,sections/la_p3_s3.jpg,plain_negative
sections/calc_p10_s5.jpg,sections/la_p3_s4.jpg,plain_negative
sections/calc_p10_s5.jpg,sections/la_p5_s1.jpg,plain_negative
sections/calc_p10_s5.jpg,sections/la_p5_s2.jpg,plain_negative
sections/calc_p10_s5.jpg,sections/la_p5_s3.jpg,plain_negative
sections/calc_p10_s5.jpg,sections/la_p6_s1.jpg,plain_negative
sections/calc_p10_s5.jpg,sections/la_p6_s3.jpg,plain_negative
sections/calc_p10_s5.jpg,sections/la_p7_s1.jpg,plain_negative
sections/calc_p10_s5.jpg,sections/la_p7_s2.jpg,plain_negative
sections/calc_p10_s5.jpg,sections/la_p7_s3.jpg,plain_negative
sections/calc_p10_s5.jpg,sections/la_p8_s1.jpg,plain_negative
sections/calc_p10_s5.jpg,sections/la_p8_s2.jpg,plain_negative
sections/calc_p10_s5.jpg,sections/la_p8_s3.jpg,plain_negative
sections/calc_p10_s5.jpg,sections/la_p8_s4.jpg,plain_negative
sections/calc_p10_s5.jpg,sections/la_p9_s1.jpg,plain_negative
sections/calc_p10_s5.jpg,sections/la_p9_s2.jpg,plain_negative
sections/calc_p10_s5.jpg,sections/la_p9_s3.jpg,plain_negative
sections/calc_p10_s5.jpg,sections/la_p9_s5.jpg,plain_negative
sections/calc_p10_s5.jpg,sections/la_p10_s1.jpg,plain_negative
sections/calc_p10_s5.jpg,sections/la_p10_s2.jpg,plain_negative
sections/calc_p10_s5.jpg,sections/la_p10_s3.jpg,plain_negative
sections/calc_p10_s5.jpg,sections/la_p10_s4.jpg,plain_negative
sections/calc_p10_s5.jpg,sections/la_p10_s6.jpg,plain_negative
sections/calc_p10_s5.jpg,sections/la_p11_s1.jpg,plain_negative
sections/calc_p10_s5.jpg,sections/la_p11_s2.jpg,plain_negative
sections/calc_p10_s5.jpg,sections/la_p11_s4.jpg,plain_negative
sections/calc_p10_s5.jpg,sections/la_p11_s6.jpg,plain_negative
sections/calc_p10_s5.jpg,sections/la_p12_s1.jpg,plain_negative
sections/calc_p10_s5.jpg,sections/la_p12_s2.jpg,plain_negative
sections/calc_p10_s5.jpg,sections/la_p12_s3.jpg,plain_negative
sections/calc_p10_s5.jpg,sections/la_p13_s1.jpg,plain_negative
sections/calc_p10_s5.jpg,sections/la_p13_s2.jpg,plain_negative
sections/calc_p10_s5.jpg,sections/la_p13_s3.jpg,plain_negative
sections/calc_p10_s5.jpg,sections/la_p13_s4.jpg,plain_negative
sections/calc_p10_s5.jpg,sections/la_p13_s5.jpg,plain_negative
sections/calc_p10_s5.jpg,sections/la_p13_s6.jpg,plain_negative
sections/calc_p10_s5.jpg,sections/la_p14_s1.jpg,plain_negative
sections/calc_p10_s5.jpg,sections/la_p14_s2.jpg,plain_negative
sections/calc_p10_s5.jpg,sections/la_p14_s3.jpg,plain_negative
sections/calc_p10_s5.jpg,sections/la_p14_s4.jpg,plain_negative
sections/calc_p10_s5.jpg,sections/la_p14_s5.jpg,plain_negative
sections/calc_p10_s5.jpg,sections/la_p15_s1.jpg,plain_negative
sections/calc_p10_s5.jpg,sections/la_p15_s2.jpg,plain_negative
sections/calc_p10_s5.jpg,sections/la_p16_s1.jpg,plain_negative
sections/calc_p10_s5.jpg,sections/la_p16_s2.jpg,plain_negative
sections/calc_p10_s5.jpg,sections/la_p16_s3.jpg,plain_negative
sections/calc_p10_s5.jpg,sections/la_p16_s4.jpg,plain_negative
sections/calc_p10_s5.jpg,sections/la_p16_s5.jpg,plain_negative
sections/calc_p10_s5.jpg,sections/la_p17_s1.jpg,plain_negative
sections/calc_p10_s5.jpg,sections/la_p17_s2.jpg,plain_negative
sections/calc_p10_s5.jpg,sections/la_p17_s3.jpg,plain_negative
sections/calc_p10_s5.jpg,sections/la_p17_s4.jpg,plain_negative
sections/calc_p10_s5.jpg,sections/la_p17_s6.jpg,plain_negative
sections/calc_p10_s5.jpg,sections/la_p18_s2.jpg,plain_negative
sections/calc_p10_s5.jpg,sections/la_p18_s4.jpg,plain_negative
sections/calc_p10_s5.jpg,sections/la_p18_s5.jpg,plain_negative
sections/calc_p10_s5.jpg,sections/la_p18_s7.jpg,plain_negative
sections/calc_p10_s5.jpg,sections/la_p19_s1.jpg,plain_negative
sections/calc_p10_s5.jpg,sections/la_p19_s2.jpg,plain_negative
sections/calc_p10_s5.jpg,sections/la_p19_s4.jpg,plain_negative
sections/calc_p11_s3.jpg,sections/calc_p11_s4.jpg,topic_positive
sections/calc_p11_s3.jpg,sections/calc_p12_s1.jpg,plain_negative
sections/calc_p11_s3.jpg,sections/calc_p12_s2.jpg,plain_negative
sections/calc_p11_s3.jpg,sections/calc_p12_s3.jpg,plain_negative
sections/calc_p11_s3.jpg,sections/calc_p13_s1.jpg,soft_positive
sections/calc_p11_s3.jpg,sections/calc_p13_s2.jpg,soft_positive
sections/calc_p11_s3.jpg,sections/calc_p13_s3.jpg,soft_positive
sections/calc_p11_s3.jpg,sections/calc_p13_s4.jpg,soft_positive
sections/calc_p11_s3.jpg,sections/calc_p13_s5.jpg,soft_positive
sections/calc_p11_s3.jpg,sections/calc_p13_s6.jpg,soft_positive
sections/calc_p11_s3.jpg,sections/calc_p14_s1.jpg,hard_negative
sections/calc_p11_s3.jpg,sections/calc_p14_s2.jpg,hard_negative
sections/calc_p11_s3.jpg,sections/calc_p14_s3.jpg,plain_negative
sections/calc_p11_s3.jpg,sections/calc_p15_s1.jpg,plain_negative
sections/calc_p11_s3.jpg,sections/calc_p15_s2.jpg,plain_negative
sections/calc_p11_s3.jpg,sections/calc_p17_s1.jpg,plain_negative
sections/calc_p11_s3.jpg,sections/calc_p17_s2.jpg,plain_negative
sections/calc_p11_s3.jpg,sections/calc_p17_s3.jpg,plain_negative
sections/calc_p11_s3.jpg,sections/calc_p17_s4.jpg,plain_negative
sections/calc_p11_s3.jpg,sections/calc_p18_s2.jpg,plain_negative
sections/calc_p11_s3.jpg,sections/calc_p18_s3.jpg,plain_negative
sections/calc_p11_s3.jpg,sections/calc_p18_s4.jpg,plain_negative
sections/calc_p11_s3.jpg,sections/calc_p18_s5.jpg,plain_negative
sections/calc_p11_s3.jpg,sections/calc_p19_s1.jpg,plain_negative
sections/calc_p11_s3.jpg,sections/calc_p19_s2.jpg,plain_negative
sections/calc_p11_s3.jpg,sections/calc_p20_s2.jpg,plain_negative
sections/calc_p11_s3.jpg,sections/calc_p21_s1.jpg,plain_negative
sections/calc_p11_s3.jpg,sections/calc_p21_s2.jpg,plain_negative
sections/calc_p11_s3.jpg,sections/la_p1_s1.jpg,plain_negative
sections/calc_p11_s3.jpg,sections/la_p1_s2.jpg,plain_negative
sections/calc_p11_s3.jpg,sections/la_p1_s3.jpg,plain_negative
sections/calc_p11_s3.jpg,sections/la_p1_s4.jpg,plain_negative
sections/calc_p11_s3.jpg,sections/la_p1_s5.jpg,plain_negative
sections/calc_p11_s3.jpg,sections/la_p2_s1.jpg,plain_negative
sections/calc_p11_s3.jpg,sections/la_p2_s2.jpg,plain_negative
sections/calc_p11_s3.jpg,sections/la_p2_s3.jpg,plain_negative
sections/calc_p11_s3.jpg,sections/la_p2_s4.jpg,plain_negative
sections/calc_p11_s3.jpg,sections/la_p3_s1.jpg,plain_negative
sections/calc_p11_s3.jpg,sections/la_p3_s2.jpg,plain_negative
sections/calc_p11_s3.jpg,sections/la_p3_s3.jpg,plain_negative
sections/calc_p11_s3.jpg,sections/la_p3_s4.jpg,plain_negative
sections/calc_p11_s3.jpg,sections/la_p5_s1.jpg,plain_negative
sections/calc_p11_s3.jpg,sections/la_p5_s2.jpg,plain_negative
sections/calc_p11_s3.jpg,sections/la_p5_s3.jpg,plain_negative
sections/calc_p11_s3.jpg,sections/la_p6_s1.jpg,plain_negative
sections/calc_p11_s3.jpg,sections/la_p6_s3.jpg,plain_negative
sections/calc_p11_s3.jpg,sections/la_p7_s1.jpg,plain_negative
sections/calc_p11_s3.jpg,sections/la_p7_s2.jpg,plain_negative
sections/calc_p11_s3.jpg,sections/la_p7_s3.jpg,plain_negative
sections/calc_p11_s3.jpg,sections/la_p8_s1.jpg,plain_negative
sections/calc_p11_s3.jpg,sections/la_p8_s2.jpg,plain_negative
sections/calc_p11_s3.jpg,sections/la_p8_s3.jpg,plain_negative
sections/calc_p11_s3.jpg,sections/la_p8_s4.jpg,plain_negative
sections/calc_p11_s3.jpg,sections/la_p9_s1.jpg,plain_negative
sections/calc_p11_s3.jpg,sections/la_p9_s2.jpg,plain_negative
sections/calc_p11_s3.jpg,sections/la_p9_s3.jpg,plain_negative
sections/calc_p11_s3.jpg,sections/la_p9_s5.jpg,plain_negative
sections/calc_p11_s3.jpg,sections/la_p10_s1.jpg,plain_negative
sections/calc_p11_s3.jpg,sections/la_p10_s2.jpg,plain_negative
sections/calc_p11_s3.jpg,sections/la_p10_s3.jpg,plain_negative
sections/calc_p11_s3.jpg,sections/la_p10_s4.jpg,plain_negative
sections/calc_p11_s3.jpg,sections/la_p10_s6.jpg,plain_negative
sections/calc_p11_s3.jpg,sections/la_p11_s1.jpg,plain_negative
sections/calc_p11_s3.jpg,sections/la_p11_s2.jpg,plain_negative
sections/calc_p11_s3.jpg,sections/la_p11_s4.jpg,plain_negative
sections/calc_p11_s3.jpg,sections/la_p11_s6.jpg,plain_negative
sections/calc_p11_s3.jpg,sections/la_p12_s1.jpg,plain_negative
sections/calc_p11_s3.jpg,sections/la_p12_s2.jpg,plain_negative
sections/calc_p11_s3.jpg,sections/la_p12_s3.jpg,plain_negative
sections/calc_p11_s3.jpg,sections/la_p13_s1.jpg,plain_negative
sections/calc_p11_s3.jpg,sections/la_p13_s2.jpg,plain_negative
sections/calc_p11_s3.jpg,sections/la_p13_s3.jpg,plain_negative
sections/calc_p11_s3.jpg,sections/la_p13_s4.jpg,plain_negative
sections/calc_p11_s3.jpg,sections/la_p13_s5.jpg,plain_negative
sections/calc_p11_s3.jpg,sections/la_p13_s6.jpg,plain_negative
sections/calc_p11_s3.jpg,sections/la_p14_s1.jpg,plain_negative
sections/calc_p11_s3.jpg,sections/la_p14_s2.jpg,plain_negative
sections/calc_p11_s3.jpg,sections/la_p14_s3.jpg,plain_negative
sections/calc_p11_s3.jpg,sections/la_p14_s4.jpg,plain_negative
sections/calc_p11_s3.jpg,sections/la_p14_s5.jpg,plain_negative
sections/calc_p11_s3.jpg,sections/la_p15_s1.jpg,plain_negative
sections/calc_p11_s3.jpg,sections/la_p15_s2.jpg,plain_negative
sections/calc_p11_s3.jpg,sections/la_p16_s1.jpg,plain_negative
sections/calc_p11_s3.jpg,sections/la_p16_s2.jpg,plain_negative
sections/calc_p11_s3.jpg,sections/la_p16_s3.jpg,plain_negative
sections/calc_p11_s3.jpg,sections/la_p16_s4.jpg,plain_negative
sections/calc_p11_s3.jpg,sections/la_p16_s5.jpg,plain_negative
sections/calc_p11_s3.jpg,sections/la_p17_s1.jpg,plain_negative
sections/calc_p11_s3.jpg,sections/la_p17_s2.jpg,plain_negative
sections/calc_p11_s3.jpg,sections/la_p17_s3.jpg,plain_negative
sections/calc_p11_s3.jpg,sections/la_p17_s4.jpg,plain_negative
sections/calc_p11_s3.jpg,sections/la_p17_s6.jpg,plain_negative
sections/calc_p11_s3.jpg,sections/la_p18_s2.jpg,plain_negative
sections/calc_p11_s3.jpg,sections/la_p18_s4.jpg,plain_negative
sections/calc_p11_s3.jpg,sections/la_p18_s5.jpg,plain_negative
sections/calc_p11_s3.jpg,sections/la_p18_s7.jpg,plain_negative
sections/calc_p11_s3.jpg,sections/la_p19_s1.jpg,plain_negative
sections/calc_p11_s3.jpg,sections/la_p19_s2.jpg,plain_negative
sections/calc_p11_s3.jpg,sections/la_p19_s4.jpg,plain_negative
sections/calc_p11_s4.jpg,sections/calc_p12_s1.jpg,plain_negative
sections/calc_p11_s4.jpg,sections/calc_p12_s2.jpg,plain_negative
sections/calc_p11_s4.jpg,sections/calc_p12_s3.jpg,plain_negative
sections/calc_p11_s4.jpg,sections/calc_p13_s1.jpg,soft_positive
sections/calc_p11_s4.jpg,sections/calc_p13_s2.jpg,soft_positive
sections/calc_p11_s4.jpg,sections/calc_p13_s3.jpg,soft_positive
sections/calc_p11_s4.jpg,sections/calc_p13_s4.jpg,soft_positive
sections/calc_p11_s4.jpg,sections/calc_p13_s5.jpg,soft_positive
sections/calc_p11_s4.jpg,sections/calc_p13_s6.jpg,soft_positive
sections/calc_p11_s4.jpg,sections/calc_p14_s1.jpg,hard_negative
sections/calc_p11_s4.jpg,sections/calc_p14_s2.jpg,hard_negative
sections/calc_p11_s4.jpg,sections/calc_p14_s3.jpg,plain_negative
sections/calc_p11_s4.jpg,sections/calc_p15_s1.jpg,plain_negative
sections/calc_p11_s4.jpg,sections/calc_p15_s2.jpg,plain_negative
sections/calc_p11_s4.jpg,sections/calc_p17_s1.jpg,plain_negative
sections/calc_p11_s4.jpg,sections/calc_p17_s2.jpg,plain_negative
sections/calc_p11_s4.jpg,sections/calc_p17_s3.jpg,plain_negative
sections/calc_p11_s4.jpg,sections/calc_p17_s4.jpg,plain_negative
sections/calc_p11_s4.jpg,sections/calc_p18_s2.jpg,plain_negative
sections/calc_p11_s4.jpg,sections/calc_p18_s3.jpg,plain_negative
sections/calc_p11_s4.jpg,sections/calc_p18_s4.jpg,plain_negative
sections/calc_p11_s4.jpg,sections/calc_p18_s5.jpg,plain_negative
sections/calc_p11_s4.jpg,sections/calc_p19_s1.jpg,plain_negative
sections/calc_p11_s4.jpg,sections/calc_p19_s2.jpg,plain_negative
sections/calc_p11_s4.jpg,sections/calc_p20_s2.jpg,plain_negative
sections/calc_p11_s4.jpg,sections/calc_p21_s1.jpg,plain_negative
sections/calc_p11_s4.jpg,sections/calc_p21_s2.jpg,plain_negative
sections/calc_p11_s4.jpg,sections/la_p1_s1.jpg,plain_negative
sections/calc_p11_s4.jpg,sections/la_p1_s2.jpg,plain_negative
sections/calc_p11_s4.jpg,sections/la_p1_s3.jpg,plain_negative
sections/calc_p11_s4.jpg,sections/la_p1_s4.jpg,plain_negative
sections/calc_p11_s4.jpg,sections/la_p1_s5.jpg,plain_negative
sections/calc_p11_s4.jpg,sections/la_p2_s1.jpg,plain_negative
sections/calc_p11_s4.jpg,sections/la_p2_s2.jpg,plain_negative
sections/calc_p11_s4.jpg,sections/la_p2_s3.jpg,plain_negative
sections/calc_p11_s4.jpg,sections/la_p2_s4.jpg,plain_negative
sections/calc_p11_s4.jpg,sections/la_p3_s1.jpg,plain_negative
sections/calc_p11_s4.jpg,sections/la_p3_s2.jpg,plain_negative
sections/calc_p11_s4.jpg,sections/la_p3_s3.jpg,plain_negative
sections/calc_p11_s4.jpg,sections/la_p3_s4.jpg,plain_negative
sections/calc_p11_s4.jpg,sections/la_p5_s1.jpg,plain_negative
sections/calc_p11_s4.jpg,sections/la_p5_s2.jpg,plain_negative
sections/calc_p11_s4.jpg,sections/la_p5_s3.jpg,plain_negative
sections/calc_p11_s4.jpg,sections/la_p6_s1.jpg,plain_negative
sections/calc_p11_s4.jpg,sections/la_p6_s3.jpg,plain_negative
sections/calc_p11_s4.jpg,sections/la_p7_s1.jpg,plain_negative
sections/calc_p11_s4.jpg,sections/la_p7_s2.jpg,plain_negative
sections/calc_p11_s4.jpg,sections/la_p7_s3.jpg,plain_negative
sections/calc_p11_s4.jpg,sections/la_p8_s1.jpg,plain_negative
sections/calc_p11_s4.jpg,sections/la_p8_s2.jpg,plain_negative
sections/calc_p11_s4.jpg,sections/la_p8_s3.jpg,plain_negative
sections/calc_p11_s4.jpg,sections/la_p8_s4.jpg,plain_negative
sections/calc_p11_s4.jpg,sections/la_p9_s1.jpg,plain_negative
sections/calc_p11_s4.jpg,sections/la_p9_s2.jpg,plain_negative
sections/calc_p11_s4.jpg,sections/la_p9_s3.jpg,plain_negative
sections/calc_p11_s4.jpg,sections/la_p9_s5.jpg,plain_negative
sections/calc_p11_s4.jpg,sections/la_p10_s1.jpg,plain_negative
sections/calc_p11_s4.jpg,sections/la_p10_s2.jpg,plain_negative
sections/calc_p11_s4.jpg,sections/la_p10_s3.jpg,plain_negative
sections/calc_p11_s4.jpg,sections/la_p10_s4.jpg,plain_negative
sections/calc_p11_s4.jpg,sections/la_p10_s6.jpg,plain_negative
sections/calc_p11_s4.jpg,sections/la_p11_s1.jpg,plain_negative
sections/calc_p11_s4.jpg,sections/la_p11_s2.jpg,plain_negative
sections/calc_p11_s4.jpg,sections/la_p11_s4.jpg,plain_negative
sections/calc_p11_s4.jpg,sections/la_p11_s6.jpg,plain_negative
sections/calc_p11_s4.jpg,sections/la_p12_s1.jpg,plain_negative
sections/calc_p11_s4.jpg,sections/la_p12_s2.jpg,plain_negative
sections/calc_p11_s4.jpg,sections/la_p12_s3.jpg,plain_negative
sections/calc_p11_s4.jpg,sections/la_p13_s1.jpg,plain_negative
sections/calc_p11_s4.jpg,sections/la_p13_s2.jpg,plain_negative
sections/calc_p11_s4.jpg,sections/la_p13_s3.jpg,plain_negative
sections/calc_p11_s4.jpg,sections/la_p13_s4.jpg,plain_negative
sections/calc_p11_s4.jpg,sections/la_p13_s5.jpg,plain_negative
sections/calc_p11_s4.jpg,sections/la_p13_s6.jpg,plain_negative
sections/calc_p11_s4.jpg,sections/la_p14_s1.jpg,plain_negative
sections/calc_p11_s4.jpg,sections/la_p14_s2.jpg,plain_negative
sections/calc_p11_s4.jpg,sections/la_p14_s3.jpg,plain_negative
sections/calc_p11_s4.jpg,sections/la_p14_s4.jpg,plain_negative
sections/calc_p11_s4.jpg,sections/la_p14_s5.jpg,plain_negative
sections/calc_p11_s4.jpg,sections/la_p15_s1.jpg,plain_negative
sections/calc_p11_s4.jpg,sections/la_p15_s2.jpg,plain_negative
sections/calc_p11_s4.jpg,sections/la_p16_s1.jpg,plain_negative
sections/calc_p11_s4.jpg,sections/la_p16_s2.jpg,plain_negative
sections/calc_p11_s4.jpg,sections/la_p16_s3.jpg,plain_negative
sections/calc_p11_s4.jpg,sections/la_p16_s4.jpg,plain_negative
sections/calc_p11_s4.jpg,sections/la_p16_s5.jpg,plain_negative
sections/calc_p11_s4.jpg,sections/la_p17_s1.jpg,plain_negative
sections/calc_p11_s4.jpg,sections/la_p17_s2.jpg,plain_negative
sections/calc_p11_s4.jpg,sections/la_p17_s3.jpg,plain_negative
sections/calc_p11_s4.jpg,sections/la_p17_s4.jpg,plain_negative
sections/calc_p11_s4.jpg,sections/la_p17_s6.jpg,plain_negative
sections/calc_p11_s4.jpg,sections/la_p18_s2.jpg,plain_negative
sections/calc_p11_s4.jpg,sections/la_p18_s4.jpg,plain_negative
sections/calc_p11_s4.jpg,sections/la_p18_s5.jpg,plain_negative
sections/calc_p11_s4.jpg,sections/la_p18_s7.jpg,plain_negative
sections/calc_p11_s4.jpg,sections/la_p19_s1.jpg,plain_negative
sections/calc_p11_s4.jpg,sections/la_p19_s2.jpg,plain_negative
sections/calc_p11_s4.jpg,sections/la_p19_s4.jpg,plain_negative
sections/calc_p12_s1.jpg,sections/calc_p12_s2.jpg,soft_positive
sections/calc_p12_s1.jpg,sections/calc_p12_s3.jpg,topic_positive
sections/calc_p12_s1.jpg,sections/calc_p13_s1.jpg,plain_negative
sections/calc_p12_s1.jpg,sections/calc_p13_s2.jpg,plain_negative
sections/calc_p12_s1.jpg,sections/calc_p13_s3.jpg,plain_negative
sections/calc_p12_s1.jpg,sections/calc_p13_s4.jpg,plain_negative
sections/calc_p12_s1.jpg,sections/calc_p13_s5.jpg,plain_negative
sections/calc_p12_s1.jpg,sections/calc_p13_s6.jpg,plain_negative
sections/calc_p12_s1.jpg,sections/calc_p14_s1.jpg,soft_positive
sections/calc_p12_s1.jpg,sections/calc_p14_s2.jpg,soft_positive
sections/calc_p12_s1.jpg,sections/calc_p14_s3.jpg,soft_positive
sections/calc_p12_s1.jpg,sections/calc_p15_s1.jpg,soft_positive
sections/calc_p12_s1.jpg,sections/calc_p15_s2.jpg,soft_positive
sections/calc_p12_s1.jpg,sections/calc_p17_s1.jpg,plain_negative
sections/calc_p12_s1.jpg,sections/calc_p17_s2.jpg,plain_negative
sections/calc_p12_s1.jpg,sections/calc_p17_s3.jpg,plain_negative
sections/calc_p12_s1.jpg,sections/calc_p17_s4.jpg,plain_negative
sections/calc_p12_s1.jpg,sections/calc_p18_s2.jpg,plain_negative
sections/calc_p12_s1.jpg,sections/calc_p18_s3.jpg,plain_negative
sections/calc_p12_s1.jpg,sections/calc_p18_s4.jpg,plain_negative
sections/calc_p12_s1.jpg,sections/calc_p18_s5.jpg,plain_negative
sections/calc_p12_s1.jpg,sections/calc_p19_s1.jpg,plain_negative
sections/calc_p12_s1.jpg,sections/calc_p19_s2.jpg,plain_negative
sections/calc_p12_s1.jpg,sections/calc_p20_s2.jpg,plain_negative
sections/calc_p12_s1.jpg,sections/calc_p21_s1.jpg,plain_negative
sections/calc_p12_s1.jpg,sections/calc_p21_s2.jpg,plain_negative
sections/calc_p12_s1.jpg,sections/la_p1_s1.jpg,plain_negative
sections/calc_p12_s1.jpg,sections/la_p1_s2.jpg,plain_negative
sections/calc_p12_s1.jpg,sections/la_p1_s3.jpg,plain_negative
sections/calc_p12_s1.jpg,sections/la_p1_s4.jpg,plain_negative
sections/calc_p12_s1.jpg,sections/la_p1_s5.jpg,plain_negative
sections/calc_p12_s1.jpg,sections/la_p2_s1.jpg,plain_negative
sections/calc_p12_s1.jpg,sections/la_p2_s2.jpg,plain_negative
sections/calc_p12_s1.jpg,sections/la_p2_s3.jpg,plain_negative
sections/calc_p12_s1.jpg,sections/la_p2_s4.jpg,plain_negative
sections/calc_p12_s1.jpg,sections/la_p3_s1.jpg,plain_negative
sections/calc_p12_s1.jpg,sections/la_p3_s2.jpg,plain_negative
sections/calc_p12_s1.jpg,sections/la_p3_s3.jpg,plain_negative
sections/calc_p12_s1.jpg,sections/la_p3_s4.jpg,plain_negative
sections/calc_p12_s1.jpg,sections/la_p5_s1.jpg,plain_negative
sections/calc_p12_s1.jpg,sections/la_p5_s2.jpg,plain_negative
sections/calc_p12_s1.jpg,sections/la_p5_s3.jpg,plain_negative
sections/calc_p12_s1.jpg,sections/la_p6_s1.jpg,plain_negative
sections/calc_p12_s1.jpg,sections/la_p6_s3.jpg,plain_negative
sections/calc_p12_s1.jpg,sections/la_p7_s1.jpg,plain_negative
sections/calc_p12_s1.jpg,sections/la_p7_s2.jpg,plain_negative
sections/calc_p12_s1.jpg,sections/la_p7_s3.jpg,plain_negative
sections/calc_p12_s1.jpg,sections/la_p8_s1.jpg,plain_negative
sections/calc_p12_s1.jpg,sections/la_p8_s2.jpg,plain_negative
sections/calc_p12_s1.jpg,sections/la_p8_s3.jpg,plain_negative
sections/calc_p12_s1.jpg,sections/la_p8_s4.jpg,plain_negative
sections/calc_p12_s1.jpg,sections/la_p9_s1.jpg,plain_negative
sections/calc_p12_s1.jpg,sections/la_p9_s2.jpg,plain_negative
sections/calc_p12_s1.jpg,sections/la_p9_s3.jpg,plain_negative
sections/calc_p12_s1.jpg,sections/la_p9_s5.jpg,plain_negative
sections/calc_p12_s1.jpg,sections/la_p10_s1.jpg,plain_negative
sections/calc_p12_s1.jpg,sections/la_p10_s2.jpg,plain_negative
sections/calc_p12_s1.jpg,sections/la_p10_s3.jpg,plain_negative
sections/calc_p12_s1.jpg,sections/la_p10_s4.jpg,plain_negative
sections/calc_p12_s1.jpg,sections/la_p10_s6.jpg,plain_negative
sections/calc_p12_s1.jpg,sections/la_p11_s1.jpg,plain_negative
sections/calc_p12_s1.jpg,sections/la_p11_s2.jpg,plain_negative
sections/calc_p12_s1.jpg,sections/la_p11_s4.jpg,plain_negative
sections/calc_p12_s1.jpg,sections/la_p11_s6.jpg,plain_negative
sections/calc_p12_s1.jpg,sections/la_p12_s1.jpg,plain_negative
sections/calc_p12_s1.jpg,sections/la_p12_s2.jpg,plain_negative
sections/calc_p12_s1.jpg,sections/la_p12_s3.jpg,plain_negative
sections/calc_p12_s1.jpg,sections/la_p13_s1.jpg,plain_negative
sections/calc_p12_s1.jpg,sections/la_p13_s2.jpg,plain_negative
sections/calc_p12_s1.jpg,sections/la_p13_s3.jpg,plain_negative
sections/calc_p12_s1.jpg,sections/la_p13_s4.jpg,plain_negative
sections/calc_p12_s1.jpg,sections/la_p13_s5.jpg,plain_negative
sections/calc_p12_s1.jpg,sections/la_p13_s6.jpg,plain_negative
sections/calc_p12_s1.jpg,sections/la_p14_s1.jpg,plain_negative
sections/calc_p12_s1.jpg,sections/la_p14_s2.jpg,plain_negative
sections/calc_p12_s1.jpg,sections/la_p14_s3.jpg,plain_negative
sections/calc_p12_s1.jpg,sections/la_p14_s4.jpg,plain_negative
sections/calc_p12_s1.jpg,sections/la_p14_s5.jpg,plain_negative
sections/calc_p12_s1.jpg,sections/la_p15_s1.jpg,plain_negative
sections/calc_p12_s1.jpg,sections/la_p15_s2.jpg,plain_negative
sections/calc_p12_s1.jpg,sections/la_p16_s1.jpg,plain_negative
sections/calc_p12_s1.jpg,sections/la_p16_s2.jpg,plain_negative
sections/calc_p12_s1.jpg,sections/la_p16_s3.jpg,plain_negative
sections/calc_p12_s1.jpg,sections/la_p16_s4.jpg,plain_negative
sections/calc_p12_s1.jpg,sections/la_p16_s5.jpg,plain_negative
sections/calc_p12_s1.jpg,sections/la_p17_s1.jpg,plain_negative
sections/calc_p12_s1.jpg,sections/la_p17_s2.jpg,plain_negative
sections/calc_p12_s1.jpg,sections/la_p17_s3.jpg,plain_negative
sections/calc_p12_s1.jpg,sections/la_p17_s4.jpg,plain_negative
sections/calc_p12_s1.jpg,sections/la_p17_s6.jpg,plain_negative
sections/calc_p12_s1.jpg,sections/la_p18_s2.jpg,plain_negative
sections/calc_p12_s1.jpg,sections/la_p18_s4.jpg,plain_negative
sections/calc_p12_s1.jpg,sections/la_p18_s5.jpg,plain_negative
sections/calc_p12_s1.jpg,sections/la_p18_s7.jpg,plain_negative
sections/calc_p12_s1.jpg,sections/la_p19_s1.jpg,plain_negative
sections/calc_p12_s1.jpg,sections/la_p19_s2.jpg,plain_negative
sections/calc_p12_s1.jpg,sections/la_p19_s4.jpg,plain_negative
sections/calc_p12_s2.jpg,sections/calc_p12_s3.jpg,soft_positive
sections/calc_p12_s2.jpg,sections/calc_p13_s1.jpg,plain_negative
sections/calc_p12_s2.jpg,sections/calc_p13_s2.jpg,plain_negative
sections/calc_p12_s2.jpg,sections/calc_p13_s3.jpg,plain_negative
sections/calc_p12_s2.jpg,sections/calc_p13_s4.jpg,plain_negative
sections/calc_p12_s2.jpg,sections/calc_p13_s5.jpg,plain_negative
sections/calc_p12_s2.jpg,sections/calc_p13_s6.jpg,plain_negative
sections/calc_p12_s2.jpg,sections/calc_p14_s1.jpg,soft_positive
sections/calc_p12_s2.jpg,sections/calc_p14_s2.jpg,soft_positive
sections/calc_p12_s2.jpg,sections/calc_p14_s3.jpg,soft_positive
sections/calc_p12_s2.jpg,sections/calc_p15_s1.jpg,soft_positive
sections/calc_p12_s2.jpg,sections/calc_p15_s2.jpg,soft_positive
sections/calc_p12_s2.jpg,sections/calc_p17_s1.jpg,plain_negative
sections/calc_p12_s2.jpg,sections/calc_p17_s2.jpg,plain_negative
sections/calc_p12_s2.jpg,sections/calc_p17_s3.jpg,plain_negative
sections/calc_p12_s2.jpg,sections/calc_p17_s4.jpg,plain_negative
sections/calc_p12_s2.jpg,sections/calc_p18_s2.jpg,plain_negative
sections/calc_p12_s2.jpg,sections/calc_p18_s3.jpg,plain_negative
sections/calc_p12_s2.jpg,sections/calc_p18_s4.jpg,plain_negative
sections/calc_p12_s2.jpg,sections/calc_p18_s5.jpg,plain_negative
sections/calc_p12_s2.jpg,sections/calc_p19_s1.jpg,plain_negative
sections/calc_p12_s2.jpg,sections/calc_p19_s2.jpg,plain_negative
sections/calc_p12_s2.jpg,sections/calc_p20_s2.jpg,plain_negative
sections/calc_p12_s2.jpg,sections/calc_p21_s1.jpg,plain_negative
sections/calc_p12_s2.jpg,sections/calc_p21_s2.jpg,plain_negative
sections/calc_p12_s2.jpg,sections/la_p1_s1.jpg,plain_negative
sections/calc_p12_s2.jpg,sections/la_p1_s2.jpg,plain_negative
sections/calc_p12_s2.jpg,sections/la_p1_s3.jpg,plain_negative
sections/calc_p12_s2.jpg,sections/la_p1_s4.jpg,plain_negative
sections/calc_p12_s2.jpg,sections/la_p1_s5.jpg,plain_negative
sections/calc_p12_s2.jpg,sections/la_p2_s1.jpg,plain_negative
sections/calc_p12_s2.jpg,sections/la_p2_s2.jpg,plain_negative
sections/calc_p12_s2.jpg,sections/la_p2_s3.jpg,plain_negative
sections/calc_p12_s2.jpg,sections/la_p2_s4.jpg,plain_negative
sections/calc_p12_s2.jpg,sections/la_p3_s1.jpg,plain_negative
sections/calc_p12_s2.jpg,sections/la_p3_s2.jpg,plain_negative
sections/calc_p12_s2.jpg,sections/la_p3_s3.jpg,plain_negative
sections/calc_p12_s2.jpg,sections/la_p3_s4.jpg,plain_negative
sections/calc_p12_s2.jpg,sections/la_p5_s1.jpg,plain_negative
sections/calc_p12_s2.jpg,sections/la_p5_s2.jpg,plain_negative
sections/calc_p12_s2.jpg,sections/la_p5_s3.jpg,plain_negative
sections/calc_p12_s2.jpg,sections/la_p6_s1.jpg,plain_negative
sections/calc_p12_s2.jpg,sections/la_p6_s3.jpg,plain_negative
sections/calc_p12_s2.jpg,sections/la_p7_s1.jpg,plain_negative
sections/calc_p12_s2.jpg,sections/la_p7_s2.jpg,plain_negative
sections/calc_p12_s2.jpg,sections/la_p7_s3.jpg,plain_negative
sections/calc_p12_s2.jpg,sections/la_p8_s1.jpg,plain_negative
sections/calc_p12_s2.jpg,sections/la_p8_s2.jpg,plain_negative
sections/calc_p12_s2.jpg,sections/la_p8_s3.jpg,plain_negative
sections/calc_p12_s2.jpg,sections/la_p8_s4.jpg,plain_negative
sections/calc_p12_s2.jpg,sections/la_p9_s1.jpg,plain_negative
sections/calc_p12_s2.jpg,sections/la_p9_s2.jpg,plain_negative
sections/calc_p12_s2.jpg,sections/la_p9_s3.jpg,plain_negative
sections/calc_p12_s2.jpg,sections/la_p9_s5.jpg,plain_negative
sections/calc_p12_s2.jpg,sections/la_p10_s1.jpg,plain_negative
sections/calc_p12_s2.jpg,sections/la_p10_s2.jpg,plain_negative
sections/calc_p12_s2.jpg,sections/la_p10_s3.jpg,plain_negative
sections/calc_p12_s2.jpg,sections/la_p10_s4.jpg,plain_negative
sections/calc_p12_s2.jpg,sections/la_p10_s6.jpg,plain_negative
sections/calc_p12_s2.jpg,sections/la_p11_s1.jpg,plain_negative
sections/calc_p12_s2.jpg,sections/la_p11_s2.jpg,plain_negative
sections/calc_p12_s2.jpg,sections/la_p11_s4.jpg,plain_negative
sections/calc_p12_s2.jpg,sections/la_p11_s6.jpg,plain_negative
sections/calc_p12_s2.jpg,sections/la_p12_s1.jpg,plain_negative
sections/calc_p12_s2.jpg,sections/la_p12_s2.jpg,plain_negative
sections/calc_p12_s2.jpg,sections/la_p12_s3.jpg,plain_negative
sections/calc_p12_s2.jpg,sections/la_p13_s1.jpg,plain_negative
sections/calc_p12_s2.jpg,sections/la_p13_s2.jpg,plain_negative
sections/calc_p12_s2.jpg,sections/la_p13_s3.jpg,plain_negative
sections/calc_p12_s2.jpg,sections/la_p13_s4.jpg,plain_negative
sections/calc_p12_s2.jpg,sections/la_p13_s5.jpg,plain_negative
sections/calc_p12_s2.jpg,sections/la_p13_s6.jpg,plain_negative
sections/calc_p12_s2.jpg,sections/la_p14_s1.jpg,plain_negative
sections/calc_p12_s2.jpg,sections/la_p14_s2.jpg,plain_negative
sections/calc_p12_s2.jpg,sections/la_p14_s3.jpg,plain_negative
sections/calc_p12_s2.jpg,sections/la_p14_s4.jpg,plain_negative
sections/calc_p12_s2.jpg,sections/la_p14_s5.jpg,plain_negative
sections/calc_p12_s2.jpg,sections/la_p15_s1.jpg,plain_negative
sections/calc_p12_s2.jpg,sections/la_p15_s2.jpg,plain_negative
sections/calc_p12_s2.jpg,sections/la_p16_s1.jpg,plain_negative
sections/calc_p12_s2.jpg,sections/la_p16_s2.jpg,plain_negative
sections/calc_p12_s2.jpg,sections/la_p16_s3.jpg,plain_negative
sections/calc_p12_s2.jpg,sections/la_p16_s4.jpg,plain_negative
sections/calc_p12_s2.jpg,sections/la_p16_s5.jpg,plain_negative
sections/calc_p12_s2.jpg,sections/la_p17_s1.jpg,plain_negative
sections/calc_p12_s2.jpg,sections/la_p17_s2.jpg,plain_negative
sections/calc_p12_s2.jpg,sections/la_p17_s3.jpg,plain_negative
sections/calc_p12_s2.jpg,sections/la_p17_s4.jpg,plain_negative
sections/calc_p12_s2.jpg,sections/la_p17_s6.jpg,plain_negative
sections/calc_p12_s2.jpg,sections/la_p18_s2.jpg,plain_negative
sections/calc_p12_s2.jpg,sections/la_p18_s4.jpg,plain_negative
sections/calc_p12_s2.jpg,sections/la_p18_s5.jpg,plain_negative
sections/calc_p12_s2.jpg,sections/la_p18_s7.jpg,plain_negative
sections/calc_p12_s2.jpg,sections/la_p19_s1.jpg,plain_negative
sections/calc_p12_s2.jpg,sections/la_p19_s2.jpg,plain_negative
sections/calc_p12_s2.jpg,sections/la_p19_s4.jpg,plain_negative
sections/calc_p12_s3.jpg,sections/calc_p13_s1.jpg,plain_negative
sections/calc_p12_s3.jpg,sections/calc_p13_s2.jpg,plain_negative
sections/calc_p12_s3.jpg,sections/calc_p13_s3.jpg,plain_negative
sections/calc_p12_s3.jpg,sections/calc_p13_s4.jpg,plain_negative
sections/calc_p12_s3.jpg,sections/calc_p13_s5.jpg,plain_negative
sections/calc_p12_s3.jpg,sections/calc_p13_s6.jpg,plain_negative
sections/calc_p12_s3.jpg,sections/calc_p14_s1.jpg,soft_positive
sections/calc_p12_s3.jpg,sections/calc_p14_s2.jpg,soft_positive
sections/calc_p12_s3.jpg,sections/calc_p14_s3.jpg,soft_positive
sections/calc_p12_s3.jpg,sections/calc_p15_s1.jpg,soft_positive
sections/calc_p12_s3.jpg,sections/calc_p15_s2.jpg,soft_positive
sections/calc_p12_s3.jpg,sections/calc_p17_s1.jpg,plain_negative
sections/calc_p12_s3.jpg,sections/calc_p17_s2.jpg,plain_negative
sections/calc_p12_s3.jpg,sections/calc_p17_s3.jpg,plain_negative
sections/calc_p12_s3.jpg,sections/calc_p17_s4.jpg,plain_negative
sections/calc_p12_s3.jpg,sections/calc_p18_s2.jpg,plain_negative
sections/calc_p12_s3.jpg,sections/calc_p18_s3.jpg,plain_negative
sections/calc_p12_s3.jpg,sections/calc_p18_s4.jpg,plain_negative
sections/calc_p12_s3.jpg,sections/calc_p18_s5.jpg,plain_negative
sections/calc_p12_s3.jpg,sections/calc_p19_s1.jpg,plain_negative
sections/calc_p12_s3.jpg,sections/calc_p19_s2.jpg,plain_negative
sections/calc_p12_s3.jpg,sections/calc_p20_s2.jpg,plain_negative
sections/calc_p12_s3.jpg,sections/calc_p21_s1.jpg,plain_negative
sections/calc_p12_s3.jpg,sections/calc_p21_s2.jpg,plain_negative
sections/calc_p12_s3.jpg,sections/la_p1_s1.jpg,plain_negative
sections/calc_p12_s3.jpg,sections/la_p1_s2.jpg,plain_negative
sections/calc_p12_s3.jpg,sections/la_p1_s3.jpg,plain_negative
sections/calc_p12_s3.jpg,sections/la_p1_s4.jpg,plain_negative
sections/calc_p12_s3.jpg,sections/la_p1_s5.jpg,plain_negative
sections/calc_p12_s3.jpg,sections/la_p2_s1.jpg,plain_negative
sections/calc_p12_s3.jpg,sections/la_p2_s2.jpg,plain_negative
sections/calc_p12_s3.jpg,sections/la_p2_s3.jpg,plain_negative
sections/calc_p12_s3.jpg,sections/la_p2_s4.jpg,plain_negative
sections/calc_p12_s3.jpg,sections/la_p3_s1.jpg,plain_negative
sections/calc_p12_s3.jpg,sections/la_p3_s2.jpg,plain_negative
sections/calc_p12_s3.jpg,sections/la_p3_s3.jpg,plain_negative
sections/calc_p12_s3.jpg,sections/la_p3_s4.jpg,plain_negative
sections/calc_p12_s3.jpg,sections/la_p5_s1.jpg,plain_negative
sections/calc_p12_s3.jpg,sections/la_p5_s2.jpg,plain_negative
sections/calc_p12_s3.jpg,sections/la_p5_s3.jpg,plain_negative
sections/calc_p12_s3.jpg,sections/la_p6_s1.jpg,plain_negative
sections/calc_p12_s3.jpg,sections/la_p6_s3.jpg,plain_negative
sections/calc_p12_s3.jpg,sections/la_p7_s1.jpg,plain_negative
sections/calc_p12_s3.jpg,sections/la_p7_s2.jpg,plain_negative
sections/calc_p12_s3.jpg,sections/la_p7_s3.jpg,plain_negative
sections/calc_p12_s3.jpg,sections/la_p8_s1.jpg,plain_negative
sections/calc_p12_s3.jpg,sections/la_p8_s2.jpg,plain_negative
sections/calc_p12_s3.jpg,sections/la_p8_s3.jpg,plain_negative
sections/calc_p12_s3.jpg,sections/la_p8_s4.jpg,plain_negative
sections/calc_p12_s3.jpg,sections/la_p9_s1.jpg,plain_negative
sections/calc_p12_s3.jpg,sections/la_p9_s2.jpg,plain_negative
sections/calc_p12_s3.jpg,sections/la_p9_s3.jpg,plain_negative
sections/calc_p12_s3.jpg,sections/la_p9_s5.jpg,plain_negative
sections/calc_p12_s3.jpg,sections/la_p10_s1.jpg,plain_negative
sections/calc_p12_s3.jpg,sections/la_p10_s2.jpg,plain_negative
sections/calc_p12_s3.jpg,sections/la_p10_s3.jpg,plain_negative
sections/calc_p12_s3.jpg,sections/la_p10_s4.jpg,plain_negative
sections/calc_p12_s3.jpg,sections/la_p10_s6.jpg,plain_negative
sections/calc_p12_s3.jpg,sections/la_p11_s1.jpg,plain_negative
sections/calc_p12_s3.jpg,sections/la_p11_s2.jpg,plain_negative
sections/calc_p12_s3.jpg,sections/la_p11_s4.jpg,plain_negative
sections/calc_p12_s3.jpg,sections/la_p11_s6.jpg,plain_negative
sections/calc_p12_s3.jpg,sections/la_p12_s1.jpg,plain_negative
sections/calc_p12_s3.jpg,sections/la_p12_s2.jpg,plain_negative
sections/calc_p12_s3.jpg,sections/la_p12_s3.jpg,plain_negative
sections/calc_p12_s3.jpg,sections/la_p13_s1.jpg,plain_negative
sections/calc_p12_s3.jpg,sections/la_p13_s2.jpg,plain_negative
sections/calc_p12_s3.jpg,sections/la_p13_s3.jpg,plain_negative
sections/calc_p12_s3.jpg,sections/la_p13_s4.jpg,plain_negative
sections/calc_p12_s3.jpg,sections/la_p13_s5.jpg,plain_negative
sections/calc_p12_s3.jpg,sections/la_p13_s6.jpg,plain_negative
sections/calc_p12_s3.jpg,sections/la_p14_s1.jpg,plain_negative
sections/calc_p12_s3.jpg,sections/la_p14_s2.jpg,plain_negative
sections/calc_p12_s3.jpg,sections/la_p14_s3.jpg,plain_negative
sections/calc_p12_s3.jpg,sections/la_p14_s4.jpg,plain_negative
sections/calc_p12_s3.jpg,sections/la_p14_s5.jpg,plain_negative
sections/calc_p12_s3.jpg,sections/la_p15_s1.jpg,plain_negative
sections/calc_p12_s3.jpg,sections/la_p15_s2.jpg,plain_negative
sections/calc_p12_s3.jpg,sections/la_p16_s1.jpg,plain_negative
sections/calc_p12_s3.jpg,sections/la_p16_s2.jpg,plain_negative
sections/calc_p12_s3.jpg,sections/la_p16_s3.jpg,plain_negative
sections/calc_p12_s3.jpg,sections/la_p16_s4.jpg,plain_negative
sections/calc_p12_s3.jpg,sections/la_p16_s5.jpg,plain_negative
sections/calc_p12_s3.jpg,sections/la_p17_s1.jpg,plain_negative
sections/calc_p12_s3.jpg,sections/la_p17_s2.jpg,plain_negative
sections/calc_p12_s3.jpg,sections/la_p17_s3.jpg,plain_negative
sections/calc_p12_s3.jpg,sections/la_p17_s4.jpg,plain_negative
sections/calc_p12_s3.jpg,sections/la_p17_s6.jpg,plain_negative
sections/calc_p12_s3.jpg,sections/la_p18_s2.jpg,plain_negative
sections/calc_p12_s3.jpg,sections/la_p18_s4.jpg,plain_negative
sections/calc_p12_s3.jpg,sections/la_p18_s5.jpg,plain_negative
sections/calc_p12_s3.jpg,sections/la_p18_s7.jpg,plain_negative
sections/calc_p12_s3.jpg,sections/la_p19_s1.jpg,plain_negative
sections/calc_p12_s3.jpg,sections/la_p19_s2.jpg,plain_negative
sections/calc_p12_s3.jpg,sections/la_p19_s4.jpg,plain_negative
sections/calc_p13_s1.jpg,sections/calc_p13_s2.jpg,soft_positive
sections/calc_p13_s1.jpg,sections/calc_p13_s3.jpg,soft_positive
sections/calc_p13_s1.jpg,sections/calc_p13_s4.jpg,soft_positive
sections/calc_p13_s1.jpg,sections/calc_p13_s5.jpg,soft_positive
sections/calc_p13_s1.jpg,sections/calc_p13_s6.jpg,soft_positive
sections/calc_p13_s1.jpg,sections/calc_p14_s1.jpg,plain_negative
sections/calc_p13_s1.jpg,sections/calc_p14_s2.jpg,plain_negative
sections/calc_p13_s1.jpg,sections/calc_p14_s3.jpg,plain_negative
sections/calc_p13_s1.jpg,sections/calc_p15_s1.jpg,plain_negative
sections/calc_p13_s1.jpg,sections/calc_p15_s2.jpg,plain_negative
sections/calc_p13_s1.jpg,sections/calc_p17_s1.jpg,plain_negative
sections/calc_p13_s1.jpg,sections/calc_p17_s2.jpg,plain_negative
sections/calc_p13_s1.jpg,sections/calc_p17_s3.jpg,plain_negative
sections/calc_p13_s1.jpg,sections/calc_p17_s4.jpg,plain_negative
sections/calc_p13_s1.jpg,sections/calc_p18_s2.jpg,plain_negative
sections/calc_p13_s1.jpg,sections/calc_p18_s3.jpg,plain_negative
sections/calc_p13_s1.jpg,sections/calc_p18_s4.jpg,plain_negative
sections/calc_p13_s1.jpg,sections/calc_p18_s5.jpg,plain_negative
sections/calc_p13_s1.jpg,sections/calc_p19_s1.jpg,plain_negative
sections/calc_p13_s1.jpg,sections/calc_p19_s2.jpg,plain_negative
sections/calc_p13_s1.jpg,sections/calc_p20_s2.jpg,plain_negative
sections/calc_p13_s1.jpg,sections/calc_p21_s1.jpg,plain_negative
sections/calc_p13_s1.jpg,sections/calc_p21_s2.jpg,plain_negative
sections/calc_p13_s1.jpg,sections/la_p1_s1.jpg,plain_negative
sections/calc_p13_s1.jpg,sections/la_p1_s2.jpg,plain_negative
sections/calc_p13_s1.jpg,sections/la_p1_s3.jpg,plain_negative
sections/calc_p13_s1.jpg,sections/la_p1_s4.jpg,plain_negative
sections/calc_p13_s1.jpg,sections/la_p1_s5.jpg,plain_negative
sections/calc_p13_s1.jpg,sections/la_p2_s1.jpg,plain_negative
sections/calc_p13_s1.jpg,sections/la_p2_s2.jpg,plain_negative
sections/calc_p13_s1.jpg,sections/la_p2_s3.jpg,plain_negative
sections/calc_p13_s1.jpg,sections/la_p2_s4.jpg,plain_negative
sections/calc_p13_s1.jpg,sections/la_p3_s1.jpg,plain_negative
sections/calc_p13_s1.jpg,sections/la_p3_s2.jpg,plain_negative
sections/calc_p13_s1.jpg,sections/la_p3_s3.jpg,plain_negative
sections/calc_p13_s1.jpg,sections/la_p3_s4.jpg,plain_negative
sections/calc_p13_s1.jpg,sections/la_p5_s1.jpg,plain_negative
sections/calc_p13_s1.jpg,sections/la_p5_s2.jpg,plain_negative
sections/calc_p13_s1.jpg,sections/la_p5_s3.jpg,plain_negative
sections/calc_p13_s1.jpg,sections/la_p6_s1.jpg,plain_negative
sections/calc_p13_s1.jpg,sections/la_p6_s3.jpg,plain_negative
sections/calc_p13_s1.jpg,sections/la_p7_s1.jpg,plain_negative
sections/calc_p13_s1.jpg,sections/la_p7_s2.jpg,plain_negative
sections/calc_p13_s1.jpg,sections/la_p7_s3.jpg,plain_negative
sections/calc_p13_s1.jpg,sections/la_p8_s1.jpg,plain_negative
sections/calc_p13_s1.jpg,sections/la_p8_s2.jpg,plain_negative
sections/calc_p13_s1.jpg,sections/la_p8_s3.jpg,plain_negative
sections/calc_p13_s1.jpg,sections/la_p8_s4.jpg,plain_negative
sections/calc_p13_s1.jpg,sections/la_p9_s1.jpg,plain_negative
sections/calc_p13_s1.jpg,sections/la_p9_s2.jpg,plain_negative
sections/calc_p13_s1.jpg,sections/la_p9_s3.jpg,plain_negative
sections/calc_p13_s1.jpg,sections/la_p9_s5.jpg,plain_negative
sections/calc_p13_s1.jpg,sections/la_p10_s1.jpg,plain_negative
sections/calc_p13_s1.jpg,sections/la_p10_s2.jpg,plain_negative
sections/calc_p13_s1.jpg,sections/la_p10_s3.jpg,plain_negative
sections/calc_p13_s1.jpg,sections/la_p10_s4.jpg,plain_negative
sections/calc_p13_s1.jpg,sections/la_p10_s6.jpg,plain_negative
sections/calc_p13_s1.jpg,sections/la_p11_s1.jpg,plain_negative
sections/calc_p13_s1.jpg,sections/la_p11_s2.jpg,plain_negative
sections/calc_p13_s1.jpg,sections/la_p11_s4.jpg,plain_negative
sections/calc_p13_s1.jpg,sections/la_p11_s6.jpg,plain_negative
sections/calc_p13_s1.jpg,sections/la_p12_s1.jpg,plain_negative
sections/calc_p13_s1.jpg,sections/la_p12_s2.jpg,plain_negative
sections/calc_p13_s1.jpg,sections/la_p12_s3.jpg,plain_negative
sections/calc_p13_s1.jpg,sections/la_p13_s1.jpg,plain_negative
sections/calc_p13_s1.jpg,sections/la_p13_s2.jpg,plain_negative
sections/calc_p13_s1.jpg,sections/la_p13_s3.jpg,plain_negative
sections/calc_p13_s1.jpg,sections/la_p13_s4.jpg,plain_negative
sections/calc_p13_s1.jpg,sections/la_p13_s5.jpg,plain_negative
sections/calc_p13_s1.jpg,sections/la_p13_s6.jpg,plain_negative
sections/calc_p13_s1.jpg,sections/la_p14_s1.jpg,plain_negative
sections/calc_p13_s1.jpg,sections/la_p14_s2.jpg,plain_negative
sections/calc_p13_s1.jpg,sections/la_p14_s3.jpg,plain_negative
sections/calc_p13_s1.jpg,sections/la_p14_s4.jpg,plain_negative
sections/calc_p13_s1.jpg,sections/la_p14_s5.jpg,plain_negative
sections/calc_p13_s1.jpg,sections/la_p15_s1.jpg,plain_negative
sections/calc_p13_s1.jpg,sections/la_p15_s2.jpg,plain_negative
sections/calc_p13_s1.jpg,sections/la_p16_s1.jpg,plain_negative
sections/calc_p13_s1.jpg,sections/la_p16_s2.jpg,plain_negative
sections/calc_p13_s1.jpg,sections/la_p16_s3.jpg,plain_negative
sections/calc_p13_s1.jpg,sections/la_p16_s4.jpg,plain_negative
sections/calc_p13_s1.jpg,sections/la_p16_s5.jpg,plain_negative
sections/calc_p13_s1.jpg,sections/la_p17_s1.jpg,plain_negative
sections/calc_p13_s1.jpg,sections/la_p17_s2.jpg,plain_negative
sections/calc_p13_s1.jpg,sections/la_p17_s3.jpg,plain_negative
sections/calc_p13_s1.jpg,sections/la_p17_s4.jpg,plain_negative
sections/calc_p13_s1.jpg,sections/la_p17_s6.jpg,plain_negative
sections/calc_p13_s1.jpg,sections/la_p18_s2.jpg,plain_negative
sections/calc_p13_s1.jpg,sections/la_p18_s4.jpg,plain_negative
sections/calc_p13_s1.jpg,sections/la_p18_s5.jpg,plain_negative
sections/calc_p13_s1.jpg,sections/la_p18_s7.jpg,plain_negative
sections/calc_p13_s1.jpg,sections/la_p19_s1.jpg,plain_negative
sections/calc_p13_s1.jpg,sections/la_p19_s2.jpg,plain_negative
sections/calc_p13_s1.jpg,sections/la_p19_s4.jpg,plain_negative
sections/calc_p13_s2.jpg,sections/calc_p13_s3.jpg,soft_positive
sections/calc_p13_s2.jpg,sections/calc_p13_s4.jpg,soft_positive
sections/calc_p13_s2.jpg,sections/calc_p13_s5.jpg,soft_positive
sections/calc_p13_s2.jpg,sections/calc_p13_s6.jpg,soft_positive
sections/calc_p13_s2.jpg,sections/calc_p14_s1.jpg,plain_negative
sections/calc_p13_s2.jpg,sections/calc_p14_s2.jpg,plain_negative
sections/calc_p13_s2.jpg,sections/calc_p14_s3.jpg,plain_negative
sections/calc_p13_s2.jpg,sections/calc_p15_s1.jpg,plain_negative
sections/calc_p13_s2.jpg,sections/calc_p15_s2.jpg,plain_negative
sections/calc_p13_s2.jpg,sections/calc_p17_s1.jpg,plain_negative
sections/calc_p13_s2.jpg,sections/calc_p17_s2.jpg,plain_negative
sections/calc_p13_s2.jpg,sections/calc_p17_s3.jpg,plain_negative
sections/calc_p13_s2.jpg,sections/calc_p17_s4.jpg,plain_negative
sections/calc_p13_s2.jpg,sections/calc_p18_s2.jpg,plain_negative
sections/calc_p13_s2.jpg,sections/calc_p18_s3.jpg,plain_negative
sections/calc_p13_s2.jpg,sections/calc_p18_s4.jpg,plain_negative
sections/calc_p13_s2.jpg,sections/calc_p18_s5.jpg,plain_negative
sections/calc_p13_s2.jpg,sections/calc_p19_s1.jpg,plain_negative
sections/calc_p13_s2.jpg,sections/calc_p19_s2.jpg,plain_negative
sections/calc_p13_s2.jpg,sections/calc_p20_s2.jpg,plain_negative
sections/calc_p13_s2.jpg,sections/calc_p21_s1.jpg,plain_negative
sections/calc_p13_s2.jpg,sections/calc_p21_s2.jpg,plain_negative
sections/calc_p13_s2.jpg,sections/la_p1_s1.jpg,plain_negative
sections/calc_p13_s2.jpg,sections/la_p1_s2.jpg,plain_negative
sections/calc_p13_s2.jpg,sections/la_p1_s3.jpg,plain_negative
sections/calc_p13_s2.jpg,sections/la_p1_s4.jpg,plain_negative
sections/calc_p13_s2.jpg,sections/la_p1_s5.jpg,plain_negative
sections/calc_p13_s2.jpg,sections/la_p2_s1.jpg,plain_negative
sections/calc_p13_s2.jpg,sections/la_p2_s2.jpg,plain_negative
sections/calc_p13_s2.jpg,sections/la_p2_s3.jpg,plain_negative
sections/calc_p13_s2.jpg,sections/la_p2_s4.jpg,plain_negative
sections/calc_p13_s2.jpg,sections/la_p3_s1.jpg,plain_negative
sections/calc_p13_s2.jpg,sections/la_p3_s2.jpg,plain_negative
sections/calc_p13_s2.jpg,sections/la_p3_s3.jpg,plain_negative
sections/calc_p13_s2.jpg,sections/la_p3_s4.jpg,plain_negative
sections/calc_p13_s2.jpg,sections/la_p5_s1.jpg,plain_negative
sections/calc_p13_s2.jpg,sections/la_p5_s2.jpg,plain_negative
sections/calc_p13_s2.jpg,sections/la_p5_s3.jpg,plain_negative
sections/calc_p13_s2.jpg,sections/la_p6_s1.jpg,plain_negative
sections/calc_p13_s2.jpg,sections/la_p6_s3.jpg,plain_negative
sections/calc_p13_s2.jpg,sections/la_p7_s1.jpg,plain_negative
sections/calc_p13_s2.jpg,sections/la_p7_s2.jpg,plain_negative
sections/calc_p13_s2.jpg,sections/la_p7_s3.jpg,plain_negative
sections/calc_p13_s2.jpg,sections/la_p8_s1.jpg,plain_negative
sections/calc_p13_s2.jpg,sections/la_p8_s2.jpg,plain_negative
sections/calc_p13_s2.jpg,sections/la_p8_s3.jpg,plain_negative
sections/calc_p13_s2.jpg,sections/la_p8_s4.jpg,plain_negative
sections/calc_p13_s2.jpg,sections/la_p9_s1.jpg,plain_negative
sections/calc_p13_s2.jpg,sections/la_p9_s2.jpg,plain_negative
sections/calc_p13_s2.jpg,sections/la_p9_s3.jpg,plain_negative
sections/calc_p13_s2.jpg,sections/la_p9_s5.jpg,plain_negative
sections/calc_p13_s2.jpg,sections/la_p10_s1.jpg,plain_negative
sections/calc_p13_s2.jpg,sections/la_p10_s2.jpg,plain_negative
sections/calc_p13_s2.jpg,sections/la_p10_s3.jpg,plain_negative
sections/calc_p13_s2.jpg,sections/la_p10_s4.jpg,plain_negative
sections/calc_p13_s2.jpg,sections/la_p10_s6.jpg,plain_negative
sections/calc_p13_s2.jpg,sections/la_p11_s1.jpg,plain_negative
sections/calc_p13_s2.jpg,sections/la_p11_s2.jpg,plain_negative
sections/calc_p13_s2.jpg,sections/la_p11_s4.jpg,plain_negative
sections/calc_p13_s2.jpg,sections/la_p11_s6.jpg,plain_negative
sections/calc_p13_s2.jpg,sections/la_p12_s1.jpg,plain_negative
sections/calc_p13_s2.jpg,sections/la_p12_s2.jpg,plain_negative
sections/calc_p13_s2.jpg,sections/la_p12_s3.jpg,plain_negative
sections/calc_p13_s2.jpg,sections/la_p13_s1.jpg,plain_negative
sections/calc_p13_s2.jpg,sections/la_p13_s2.jpg,plain_negative
sections/calc_p13_s2.jpg,sections/la_p13_s3.jpg,plain_negative
sections/calc_p13_s2.jpg,sections/la_p13_s4.jpg,plain_negative
sections/calc_p13_s2.jpg,sections/la_p13_s5.jpg,plain_negative
sections/calc_p13_s2.jpg,sections/la_p13_s6.jpg,plain_negative
sections/calc_p13_s2.jpg,sections/la_p14_s1.jpg,plain_negative
sections/calc_p13_s2.jpg,sections/la_p14_s2.jpg,plain_negative
sections/calc_p13_s2.jpg,sections/la_p14_s3.jpg,plain_negative
sections/calc_p13_s2.jpg,sections/la_p14_s4.jpg,plain_negative
sections/calc_p13_s2.jpg,sections/la_p14_s5.jpg,plain_negative
sections/calc_p13_s2.jpg,sections/la_p15_s1.jpg,plain_negative
sections/calc_p13_s2.jpg,sections/la_p15_s2.jpg,plain_negative
sections/calc_p13_s2.jpg,sections/la_p16_s1.jpg,plain_negative
sections/calc_p13_s2.jpg,sections/la_p16_s2.jpg,plain_negative
sections/calc_p13_s2.jpg,sections/la_p16_s3.jpg,plain_negative
sections/calc_p13_s2.jpg,sections/la_p16_s4.jpg,plain_negative
sections/calc_p13_s2.jpg,sections/la_p16_s5.jpg,plain_negative
sections/calc_p13_s2.jpg,sections/la_p17_s1.jpg,plain_negative
sections/calc_p13_s2.jpg,sections/la_p17_s2.jpg,plain_negative
sections/calc_p13_s2.jpg,sections/la_p17_s3.jpg,plain_negative
sections/calc_p13_s2.jpg,sections/la_p17_s4.jpg,plain_negative
sections/calc_p13_s2.jpg,sections/la_p17_s6.jpg,plain_negative
sections/calc_p13_s2.jpg,sections/la_p18_s2.jpg,plain_negative
sections/calc_p13_s2.jpg,sections/la_p18_s4.jpg,plain_negative
sections/calc_p13_s2.jpg,sections/la_p18_s5.jpg,plain_negative
sections/calc_p13_s2.jpg,sections/la_p18_s7.jpg,plain_negative
sections/calc_p13_s2.jpg,sections/la_p19_s1.jpg,plain_negative
sections/calc_p13_s2.jpg,sections/la_p19_s2.jpg,plain_negative
sections/calc_p13_s2.jpg,sections/la_p19_s4.jpg,plain_negative
sections/calc_p13_s3.jpg,sections/calc_p13_s4.jpg,soft_positive
sections/calc_p13_s3.jpg,sections/calc_p13_s5.jpg,soft_positive
sections/calc_p13_s3.jpg,sections/calc_p13_s6.jpg,soft_positive
sections/calc_p13_s3.jpg,sections/calc_p14_s1.jpg,plain_negative
sections/calc_p13_s3.jpg,sections/calc_p14_s2.jpg,plain_negative
sections/calc_p13_s3.jpg,sections/calc_p14_s3.jpg,plain_negative
sections/calc_p13_s3.jpg,sections/calc_p15_s1.jpg,plain_negative
sections/calc_p13_s3.jpg,sections/calc_p15_s2.jpg,plain_negative
sections/calc_p13_s3.jpg,sections/calc_p17_s1.jpg,plain_negative
sections/calc_p13_s3.jpg,sections/calc_p17_s2.jpg,plain_negative
sections/calc_p13_s3.jpg,sections/calc_p17_s3.jpg,plain_negative
sections/calc_p13_s3.jpg,sections/calc_p17_s4.jpg,plain_negative
sections/calc_p13_s3.jpg,sections/calc_p18_s2.jpg,plain_negative
sections/calc_p13_s3.jpg,sections/calc_p18_s3.jpg,plain_negative
sections/calc_p13_s3.jpg,sections/calc_p18_s4.jpg,plain_negative
sections/calc_p13_s3.jpg,sections/calc_p18_s5.jpg,plain_negative
sections/calc_p13_s3.jpg,sections/calc_p19_s1.jpg,plain_negative
sections/calc_p13_s3.jpg,sections/calc_p19_s2.jpg,plain_negative
sections/calc_p13_s3.jpg,sections/calc_p20_s2.jpg,plain_negative
sections/calc_p13_s3.jpg,sections/calc_p21_s1.jpg,plain_negative
sections/calc_p13_s3.jpg,sections/calc_p21_s2.jpg,plain_negative
sections/calc_p13_s3.jpg,sections/la_p1_s1.jpg,plain_negative
sections/calc_p13_s3.jpg,sections/la_p1_s2.jpg,plain_negative
sections/calc_p13_s3.jpg,sections/la_p1_s3.jpg,plain_negative
sections/calc_p13_s3.jpg,sections/la_p1_s4.jpg,plain_negative
sections/calc_p13_s3.jpg,sections/la_p1_s5.jpg,plain_negative
sections/calc_p13_s3.jpg,sections/la_p2_s1.jpg,plain_negative
sections/calc_p13_s3.jpg,sections/la_p2_s2.jpg,plain_negative
sections/calc_p13_s3.jpg,sections/la_p2_s3.jpg,plain_negative
sections/calc_p13_s3.jpg,sections/la_p2_s4.jpg,plain_negative
sections/calc_p13_s3.jpg,sections/la_p3_s1.jpg,plain_negative
sections/calc_p13_s3.jpg,sections/la_p3_s2.jpg,plain_negative
sections/calc_p13_s3.jpg,sections/la_p3_s3.jpg,plain_negative
sections/calc_p13_s3.jpg,sections/la_p3_s4.jpg,plain_negative
sections/calc_p13_s3.jpg,sections/la_p5_s1.jpg,plain_negative
sections/calc_p13_s3.jpg,sections/la_p5_s2.jpg,plain_negative
sections/calc_p13_s3.jpg,sections/la_p5_s3.jpg,plain_negative
sections/calc_p13_s3.jpg,sections/la_p6_s1.jpg,plain_negative
sections/calc_p13_s3.jpg,sections/la_p6_s3.jpg,plain_negative
sections/calc_p13_s3.jpg,sections/la_p7_s1.jpg,plain_negative
sections/calc_p13_s3.jpg,sections/la_p7_s2.jpg,plain_negative
sections/calc_p13_s3.jpg,sections/la_p7_s3.jpg,plain_negative
sections/calc_p13_s3.jpg,sections/la_p8_s1.jpg,plain_negative
sections/calc_p13_s3.jpg,sections/la_p8_s2.jpg,plain_negative
sections/calc_p13_s3.jpg,sections/la_p8_s3.jpg,plain_negative
sections/calc_p13_s3.jpg,sections/la_p8_s4.jpg,plain_negative
sections/calc_p13_s3.jpg,sections/la_p9_s1.jpg,plain_negative
sections/calc_p13_s3.jpg,sections/la_p9_s2.jpg,plain_negative
sections/calc_p13_s3.jpg,sections/la_p9_s3.jpg,plain_negative
sections/calc_p13_s3.jpg,sections/la_p9_s5.jpg,plain_negative
sections/calc_p13_s3.jpg,sections/la_p10_s1.jpg,plain_negative
sections/calc_p13_s3.jpg,sections/la_p10_s2.jpg,plain_negative
sections/calc_p13_s3.jpg,sections/la_p10_s3.jpg,plain_negative
sections/calc_p13_s3.jpg,sections/la_p10_s4.jpg,plain_negative
sections/calc_p13_s3.jpg,sections/la_p10_s6.jpg,plain_negative
sections/calc_p13_s3.jpg,sections/la_p11_s1.jpg,plain_negative
sections/calc_p13_s3.jpg,sections/la_p11_s2.jpg,plain_negative
sections/calc_p13_s3.jpg,sections/la_p11_s4.jpg,plain_negative
sections/calc_p13_s3.jpg,sections/la_p11_s6.jpg,plain_negative
sections/calc_p13_s3.jpg,sections/la_p12_s1.jpg,plain_negative
sections/calc_p13_s3.jpg,sections/la_p12_s2.jpg,plain_negative
sections/calc_p13_s3.jpg,sections/la_p12_s3.jpg,plain_negative
sections/calc_p13_s3.jpg,sections/la_p13_s1.jpg,plain_negative
sections/calc_p13_s3.jpg,sections/la_p13_s2.jpg,plain_negative
sections/calc_p13_s3.jpg,sections/la_p13_s3.jpg,plain_negative
sections/calc_p13_s3.jpg,sections/la_p13_s4.jpg,plain_negative
sections/calc_p13_s3.jpg,sections/la_p13_s5.jpg,plain_negative
sections/calc_p13_s3.jpg,sections/la_p13_s6.jpg,plain_negative
sections/calc_p13_s3.jpg,sections/la_p14_s1.jpg,plain_negative
sections/calc_p13_s3.jpg,sections/la_p14_s2.jpg,plain_negative
sections/calc_p13_s3.jpg,sections/la_p14_s3.jpg,plain_negative
sections/calc_p13_s3.jpg,sections/la_p14_s4.jpg,plain_negative
sections/calc_p13_s3.jpg,sections/la_p14_s5.jpg,plain_negative
sections/calc_p13_s3.jpg,sections/la_p15_s1.jpg,plain_negative
sections/calc_p13_s3.jpg,sections/la_p15_s2.jpg,plain_negative
sections/calc_p13_s3.jpg,sections/la_p16_s1.jpg,plain_negative
sections/calc_p13_s3.jpg,sections/la_p16_s2.jpg,plain_negative
sections/calc_p13_s3.jpg,sections/la_p16_s3.jpg,plain_negative
sections/calc_p13_s3.jpg,sections/la_p16_s4.jpg,plain_negative
sections/calc_p13_s3.jpg,sections/la_p16_s5.jpg,plain_negative
sections/calc_p13_s3.jpg,sections/la_p17_s1.jpg,plain_negative
sections/calc_p13_s3.jpg,sections/la_p17_s2.jpg,plain_negative
sections/calc_p13_s3.jpg,sections/la_p17_s3.jpg,plain_negative
sections/calc_p13_s3.jpg,sections/la_p17_s4.jpg,plain_negative
sections/calc_p13_s3.jpg,sections/la_p17_s6.jpg,plain_negative
sections/calc_p13_s3.jpg,sections/la_p18_s2.jpg,plain_negative
sections/calc_p13_s3.jpg,sections/la_p18_s4.jpg,plain_negative
sections/calc_p13_s3.jpg,sections/la_p18_s5.jpg,plain_negative
sections/calc_p13_s3.jpg,sections/la_p18_s7.jpg,plain_negative
sections/calc_p13_s3.jpg,sections/la_p19_s1.jpg,plain_negative
sections/calc_p13_s3.jpg,sections/la_p19_s2.jpg,plain_negative
sections/calc_p13_s3.jpg,sections/la_p19_s4.jpg,plain_negative
sections/calc_p13_s4.jpg,sections/calc_p13_s5.jpg,soft_positive
sections/calc_p13_s4.jpg,sections/calc_p13_s6.jpg,soft_positive
sections/calc_p13_s4.jpg,sections/calc_p14_s1.jpg,plain_negative
sections/calc_p13_s4.jpg,sections/calc_p14_s2.jpg,plain_negative
sections/calc_p13_s4.jpg,sections/calc_p14_s3.jpg,plain_negative
sections/calc_p13_s4.jpg,sections/calc_p15_s1.jpg,plain_negative
sections/calc_p13_s4.jpg,sections/calc_p15_s2.jpg,plain_negative
sections/calc_p13_s4.jpg,sections/calc_p17_s1.jpg,plain_negative
sections/calc_p13_s4.jpg,sections/calc_p17_s2.jpg,plain_negative
sections/calc_p13_s4.jpg,sections/calc_p17_s3.jpg,plain_negative
sections/calc_p13_s4.jpg,sections/calc_p17_s4.jpg,plain_negative
sections/calc_p13_s4.jpg,sections/calc_p18_s2.jpg,plain_negative
sections/calc_p13_s4.jpg,sections/calc_p18_s3.jpg,plain_negative
sections/calc_p13_s4.jpg,sections/calc_p18_s4.jpg,plain_negative
sections/calc_p13_s4.jpg,sections/calc_p18_s5.jpg,plain_negative
sections/calc_p13_s4.jpg,sections/calc_p19_s1.jpg,plain_negative
sections/calc_p13_s4.jpg,sections/calc_p19_s2.jpg,plain_negative
sections/calc_p13_s4.jpg,sections/calc_p20_s2.jpg,plain_negative
sections/calc_p13_s4.jpg,sections/calc_p21_s1.jpg,plain_negative
sections/calc_p13_s4.jpg,sections/calc_p21_s2.jpg,plain_negative
sections/calc_p13_s4.jpg,sections/la_p1_s1.jpg,plain_negative
sections/calc_p13_s4.jpg,sections/la_p1_s2.jpg,plain_negative
sections/calc_p13_s4.jpg,sections/la_p1_s3.jpg,plain_negative
sections/calc_p13_s4.jpg,sections/la_p1_s4.jpg,plain_negative
sections/calc_p13_s4.jpg,sections/la_p1_s5.jpg,plain_negative
sections/calc_p13_s4.jpg,sections/la_p2_s1.jpg,plain_negative
sections/calc_p13_s4.jpg,sections/la_p2_s2.jpg,plain_negative
sections/calc_p13_s4.jpg,sections/la_p2_s3.jpg,plain_negative
sections/calc_p13_s4.jpg,sections/la_p2_s4.jpg,plain_negative
sections/calc_p13_s4.jpg,sections/la_p3_s1.jpg,plain_negative
sections/calc_p13_s4.jpg,sections/la_p3_s2.jpg,plain_negative
sections/calc_p13_s4.jpg,sections/la_p3_s3.jpg,plain_negative
sections/calc_p13_s4.jpg,sections/la_p3_s4.jpg,plain_negative
sections/calc_p13_s4.jpg,sections/la_p5_s1.jpg,plain_negative
sections/calc_p13_s4.jpg,sections/la_p5_s2.jpg,plain_negative
sections/calc_p13_s4.jpg,sections/la_p5_s3.jpg,plain_negative
sections/calc_p13_s4.jpg,sections/la_p6_s1.jpg,plain_negative
sections/calc_p13_s4.jpg,sections/la_p6_s3.jpg,plain_negative
sections/calc_p13_s4.jpg,sections/la_p7_s1.jpg,plain_negative
sections/calc_p13_s4.jpg,sections/la_p7_s2.jpg,plain_negative
sections/calc_p13_s4.jpg,sections/la_p7_s3.jpg,plain_negative
sections/calc_p13_s4.jpg,sections/la_p8_s1.jpg,plain_negative
sections/calc_p13_s4.jpg,sections/la_p8_s2.jpg,plain_negative
sections/calc_p13_s4.jpg,sections/la_p8_s3.jpg,plain_negative
sections/calc_p13_s4.jpg,sections/la_p8_s4.jpg,plain_negative
sections/calc_p13_s4.jpg,sections/la_p9_s1.jpg,plain_negative
sections/calc_p13_s4.jpg,sections/la_p9_s2.jpg,plain_negative
sections/calc_p13_s4.jpg,sections/la_p9_s3.jpg,plain_negative
sections/calc_p13_s4.jpg,sections/la_p9_s5.jpg,plain_negative
sections/calc_p13_s4.jpg,sections/la_p10_s1.jpg,plain_negative
sections/calc_p13_s4.jpg,sections/la_p10_s2.jpg,plain_negative
sections/calc_p13_s4.jpg,sections/la_p10_s3.jpg,plain_negative
sections/calc_p13_s4.jpg,sections/la_p10_s4.jpg,plain_negative
sections/calc_p13_s4.jpg,sections/la_p10_s6.jpg,plain_negative
sections/calc_p13_s4.jpg,sections/la_p11_s1.jpg,plain_negative
sections/calc_p13_s4.jpg,sections/la_p11_s2.jpg,plain_negative
sections/calc_p13_s4.jpg,sections/la_p11_s4.jpg,plain_negative
sections/calc_p13_s4.jpg,sections/la_p11_s6.jpg,plain_negative
sections/calc_p13_s4.jpg,sections/la_p12_s1.jpg,plain_negative
sections/calc_p13_s4.jpg,sections/la_p12_s2.jpg,plain_negative
sections/calc_p13_s4.jpg,sections/la_p12_s3.jpg,plain_negative
sections/calc_p13_s4.jpg,sections/la_p13_s1.jpg,plain_negative
sections/calc_p13_s4.jpg,sections/la_p13_s2.jpg,plain_negative
sections/calc_p13_s4.jpg,sections/la_p13_s3.jpg,plain_negative
sections/calc_p13_s4.jpg,sections/la_p13_s4.jpg,plain_negative
sections/calc_p13_s4.jpg,sections/la_p13_s5.jpg,plain_negative
sections/calc_p13_s4.jpg,sections/la_p13_s6.jpg,plain_negative
sections/calc_p13_s4.jpg,sections/la_p14_s1.jpg,plain_negative
sections/calc_p13_s4.jpg,sections/la_p14_s2.jpg,plain_negative
sections/calc_p13_s4.jpg,sections/la_p14_s3.jpg,plain_negative
sections/calc_p13_s4.jpg,sections/la_p14_s4.jpg,plain_negative
sections/calc_p13_s4.jpg,sections/la_p14_s5.jpg,plain_negative
sections/calc_p13_s4.jpg,sections/la_p15_s1.jpg,plain_negative
sections/calc_p13_s4.jpg,sections/la_p15_s2.jpg,plain_negative
sections/calc_p13_s4.jpg,sections/la_p16_s1.jpg,plain_negative
sections/calc_p13_s4.jpg,sections/la_p16_s2.jpg,plain_negative
sections/calc_p13_s4.jpg,sections/la_p16_s3.jpg,plain_negative
sections/calc_p13_s4.jpg,sections/la_p16_s4.jpg,plain_negative
sections/calc_p13_s4.jpg,sections/la_p16_s5.jpg,plain_negative
sections/calc_p13_s4.jpg,sections/la_p17_s1.jpg,plain_negative
sections/calc_p13_s4.jpg,sections/la_p17_s2.jpg,plain_negative
sections/calc_p13_s4.jpg,sections/la_p17_s3.jpg,plain_negative
sections/calc_p13_s4.jpg,sections/la_p17_s4.jpg,plain_negative
sections/calc_p13_s4.jpg,sections/la_p17_s6.jpg,plain_negative
sections/calc_p13_s4.jpg,sections/la_p18_s2.jpg,plain_negative
sections/calc_p13_s4.jpg,sections/la_p18_s4.jpg,plain_negative
sections/calc_p13_s4.jpg,sections/la_p18_s5.jpg,plain_negative
sections/calc_p13_s4.jpg,sections/la_p18_s7.jpg,plain_negative
sections/calc_p13_s4.jpg,sections/la_p19_s1.jpg,plain_negative
sections/calc_p13_s4.jpg,sections/la_p19_s2.jpg,plain_negative
sections/calc_p13_s4.jpg,sections/la_p19_s4.jpg,plain_negative
sections/calc_p13_s5.jpg,sections/calc_p13_s6.jpg,soft_positive
sections/calc_p13_s5.jpg,sections/calc_p14_s1.jpg,plain_negative
sections/calc_p13_s5.jpg,sections/calc_p14_s2.jpg,plain_negative
sections/calc_p13_s5.jpg,sections/calc_p14_s3.jpg,plain_negative
sections/calc_p13_s5.jpg,sections/calc_p15_s1.jpg,plain_negative
sections/calc_p13_s5.jpg,sections/calc_p15_s2.jpg,plain_negative
sections/calc_p13_s5.jpg,sections/calc_p17_s1.jpg,plain_negative
sections/calc_p13_s5.jpg,sections/calc_p17_s2.jpg,plain_negative
sections/calc_p13_s5.jpg,sections/calc_p17_s3.jpg,plain_negative
sections/calc_p13_s5.jpg,sections/calc_p17_s4.jpg,plain_negative
sections/calc_p13_s5.jpg,sections/calc_p18_s2.jpg,plain_negative
sections/calc_p13_s5.jpg,sections/calc_p18_s3.jpg,plain_negative
sections/calc_p13_s5.jpg,sections/calc_p18_s4.jpg,plain_negative
sections/calc_p13_s5.jpg,sections/calc_p18_s5.jpg,plain_negative
sections/calc_p13_s5.jpg,sections/calc_p19_s1.jpg,plain_negative
sections/calc_p13_s5.jpg,sections/calc_p19_s2.jpg,plain_negative
sections/calc_p13_s5.jpg,sections/calc_p20_s2.jpg,plain_negative
sections/calc_p13_s5.jpg,sections/calc_p21_s1.jpg,plain_negative
sections/calc_p13_s5.jpg,sections/calc_p21_s2.jpg,plain_negative
sections/calc_p13_s5.jpg,sections/la_p1_s1.jpg,plain_negative
sections/calc_p13_s5.jpg,sections/la_p1_s2.jpg,plain_negative
sections/calc_p13_s5.jpg,sections/la_p1_s3.jpg,plain_negative
sections/calc_p13_s5.jpg,sections/la_p1_s4.jpg,plain_negative
sections/calc_p13_s5.jpg,sections/la_p1_s5.jpg,plain_negative
sections/calc_p13_s5.jpg,sections/la_p2_s1.jpg,plain_negative
sections/calc_p13_s5.jpg,sections/la_p2_s2.jpg,plain_negative
sections/calc_p13_s5.jpg,sections/la_p2_s3.jpg,plain_negative
sections/calc_p13_s5.jpg,sections/la_p2_s4.jpg,plain_negative
sections/calc_p13_s5.jpg,sections/la_p3_s1.jpg,plain_negative
sections/calc_p13_s5.jpg,sections/la_p3_s2.jpg,plain_negative
sections/calc_p13_s5.jpg,sections/la_p3_s3.jpg,plain_negative
sections/calc_p13_s5.jpg,sections/la_p3_s4.jpg,plain_negative
sections/calc_p13_s5.jpg,sections/la_p5_s1.jpg,plain_negative
sections/calc_p13_s5.jpg,sections/la_p5_s2.jpg,plain_negative
sections/calc_p13_s5.jpg,sections/la_p5_s3.jpg,plain_negative
sections/calc_p13_s5.jpg,sections/la_p6_s1.jpg,plain_negative
sections/calc_p13_s5.jpg,sections/la_p6_s3.jpg,plain_negative
sections/calc_p13_s5.jpg,sections/la_p7_s1.jpg,plain_negative
sections/calc_p13_s5.jpg,sections/la_p7_s2.jpg,plain_negative
sections/calc_p13_s5.jpg,sections/la_p7_s3.jpg,plain_negative
sections/calc_p13_s5.jpg,sections/la_p8_s1.jpg,plain_negative
sections/calc_p13_s5.jpg,sections/la_p8_s2.jpg,plain_negative
sections/calc_p13_s5.jpg,sections/la_p8_s3.jpg,plain_negative
sections/calc_p13_s5.jpg,sections/la_p8_s4.jpg,plain_negative
sections/calc_p13_s5.jpg,sections/la_p9_s1.jpg,plain_negative
sections/calc_p13_s5.jpg,sections/la_p9_s2.jpg,plain_negative
sections/calc_p13_s5.jpg,sections/la_p9_s3.jpg,plain_negative
sections/calc_p13_s5.jpg,sections/la_p9_s5.jpg,plain_negative
sections/calc_p13_s5.jpg,sections/la_p10_s1.jpg,plain_negative
sections/calc_p13_s5.jpg,sections/la_p10_s2.jpg,plain_negative
sections/calc_p13_s5.jpg,sections/la_p10_s3.jpg,plain_negative
sections/calc_p13_s5.jpg,sections/la_p10_s4.jpg,plain_negative
sections/calc_p13_s5.jpg,sections/la_p10_s6.jpg,plain_negative
sections/calc_p13_s5.jpg,sections/la_p11_s1.jpg,plain_negative
sections/calc_p13_s5.jpg,sections/la_p11_s2.jpg,plain_negative
sections/calc_p13_s5.jpg,sections/la_p11_s4.jpg,plain_negative
sections/calc_p13_s5.jpg,sections/la_p11_s6.jpg,plain_negative
sections/calc_p13_s5.jpg,sections/la_p12_s1.jpg,plain_negative
sections/calc_p13_s5.jpg,sections/la_p12_s2.jpg,plain_negative
sections/calc_p13_s5.jpg,sections/la_p12_s3.jpg,plain_negative
sections/calc_p13_s5.jpg,sections/la_p13_s1.jpg,plain_negative
sections/calc_p13_s5.jpg,sections/la_p13_s2.jpg,plain_negative
sections/calc_p13_s5.jpg,sections/la_p13_s3.jpg,plain_negative
sections/calc_p13_s5.jpg,sections/la_p13_s4.jpg,plain_negative
sections/calc_p13_s5.jpg,sections/la_p13_s5.jpg,plain_negative
sections/calc_p13_s5.jpg,sections/la_p13_s6.jpg,plain_negative
sections/calc_p13_s5.jpg,sections/la_p14_s1.jpg,plain_negative
sections/calc_p13_s5.jpg,sections/la_p14_s2.jpg,plain_negative
sections/calc_p13_s5.jpg,sections/la_p14_s3.jpg,plain_negative
sections/calc_p13_s5.jpg,sections/la_p14_s4.jpg,plain_negative
sections/calc_p13_s5.jpg,sections/la_p14_s5.jpg,plain_negative
sections/calc_p13_s5.jpg,sections/la_p15_s1.jpg,plain_negative
sections/calc_p13_s5.jpg,sections/la_p15_s2.jpg,plain_negative
sections/calc_p13_s5.jpg,sections/la_p16_s1.jpg,plain_negative
sections/calc_p13_s5.jpg,sections/la_p16_s2.jpg,plain_negative
sections/calc_p13_s5.jpg,sections/la_p16_s3.jpg,plain_negative
sections/calc_p13_s5.jpg,sections/la_p16_s4.jpg,plain_negative
sections/calc_p13_s5.jpg,sections/la_p16_s5.jpg,plain_negative
sections/calc_p13_s5.jpg,sections/la_p17_s1.jpg,plain_negative
sections/calc_p13_s5.jpg,sections/la_p17_s2.jpg,plain_negative
sections/calc_p13_s5.jpg,sections/la_p17_s3.jpg,plain_negative
sections/calc_p13_s5.jpg,sections/la_p17_s4.jpg,plain_negative
sections/calc_p13_s5.jpg,sections/la_p17_s6.jpg,plain_negative
sections/calc_p13_s5.jpg,sections/la_p18_s2.jpg,plain_negative
sections/calc_p13_s5.jpg,sections/la_p18_s4.jpg,plain_negative
sections/calc_p13_s5.jpg,sections/la_p18_s5.jpg,plain_negative
sections/calc_p13_s5.jpg,sections/la_p18_s7.jpg,plain_negative
sections/calc_p13_s5.jpg,sections/la_p19_s1.jpg,plain_negative
sections/calc_p13_s5.jpg,sections/la_p19_s2.jpg,plain_negative
sections/calc_p13_s5.jpg,sections/la_p19_s4.jpg,plain_negative
sections/calc_p13_s6.jpg,sections/calc_p14_s1.jpg,plain_negative
sections/calc_p13_s6.jpg,sections/calc_p14_s2.jpg,plain_negative
sections/calc_p13_s6.jpg,sections/calc_p14_s3.jpg,plain_negative
sections/calc_p13_s6.jpg,sections/calc_p15_s1.jpg,plain_negative
sections/calc_p13_s6.jpg,sections/calc_p15_s2.jpg,plain_negative
sections/calc_p13_s6.jpg,sections/calc_p17_s1.jpg,plain_negative
sections/calc_p13_s6.jpg,sections/calc_p17_s2.jpg,plain_negative
sections/calc_p13_s6.jpg,sections/calc_p17_s3.jpg,plain_negative
sections/calc_p13_s6.jpg,sections/calc_p17_s4.jpg,plain_negative
sections/calc_p13_s6.jpg,sections/calc_p18_s2.jpg,plain_negative
sections/calc_p13_s6.jpg,sections/calc_p18_s3.jpg,plain_negative
sections/calc_p13_s6.jpg,sections/calc_p18_s4.jpg,plain_negative
sections/calc_p13_s6.jpg,sections/calc_p18_s5.jpg,plain_negative
sections/calc_p13_s6.jpg,sections/calc_p19_s1.jpg,plain_negative
sections/calc_p13_s6.jpg,sections/calc_p19_s2.jpg,plain_negative
sections/calc_p13_s6.jpg,sections/calc_p20_s2.jpg,plain_negative
sections/calc_p13_s6.jpg,sections/calc_p21_s1.jpg,plain_negative
sections/calc_p13_s6.jpg,sections/calc_p21_s2.jpg,plain_negative
sections/calc_p13_s6.jpg,sections/la_p1_s1.jpg,plain_negative
sections/calc_p13_s6.jpg,sections/la_p1_s2.jpg,plain_negative
sections/calc_p13_s6.jpg,sections/la_p1_s3.jpg,plain_negative
sections/calc_p13_s6.jpg,sections/la_p1_s4.jpg,plain_negative
sections/calc_p13_s6.jpg,sections/la_p1_s5.jpg,plain_negative
sections/calc_p13_s6.jpg,sections/la_p2_s1.jpg,plain_negative
sections/calc_p13_s6.jpg,sections/la_p2_s2.jpg,plain_negative
sections/calc_p13_s6.jpg,sections/la_p2_s3.jpg,plain_negative
sections/calc_p13_s6.jpg,sections/la_p2_s4.jpg,plain_negative
sections/calc_p13_s6.jpg,sections/la_p3_s1.jpg,plain_negative
sections/calc_p13_s6.jpg,sections/la_p3_s2.jpg,plain_negative
sections/calc_p13_s6.jpg,sections/la_p3_s3.jpg,plain_negative
sections/calc_p13_s6.jpg,sections/la_p3_s4.jpg,plain_negative
sections/calc_p13_s6.jpg,sections/la_p5_s1.jpg,plain_negative
sections/calc_p13_s6.jpg,sections/la_p5_s2.jpg,plain_negative
sections/calc_p13_s6.jpg,sections/la_p5_s3.jpg,plain_negative
sections/calc_p13_s6.jpg,sections/la_p6_s1.jpg,plain_negative
sections/calc_p13_s6.jpg,sections/la_p6_s3.jpg,plain_negative
sections/calc_p13_s6.jpg,sections/la_p7_s1.jpg,plain_negative
sections/calc_p13_s6.jpg,sections/la_p7_s2.jpg,plain_negative
sections/calc_p13_s6.jpg,sections/la_p7_s3.jpg,plain_negative
sections/calc_p13_s6.jpg,sections/la_p8_s1.jpg,plain_negative
sections/calc_p13_s6.jpg,sections/la_p8_s2.jpg,plain_negative
sections/calc_p13_s6.jpg,sections/la_p8_s3.jpg,plain_negative
sections/calc_p13_s6.jpg,sections/la_p8_s4.jpg,plain_negative
sections/calc_p13_s6.jpg,sections/la_p9_s1.jpg,plain_negative
sections/calc_p13_s6.jpg,sections/la_p9_s2.jpg,plain_negative
sections/calc_p13_s6.jpg,sections/la_p9_s3.jpg,plain_negative
sections/calc_p13_s6.jpg,sections/la_p9_s5.jpg,plain_negative
sections/calc_p13_s6.jpg,sections/la_p10_s1.jpg,plain_negative
sections/calc_p13_s6.jpg,sections/la_p10_s2.jpg,plain_negative
sections/calc_p13_s6.jpg,sections/la_p10_s3.jpg,plain_negative
sections/calc_p13_s6.jpg,sections/la_p10_s4.jpg,plain_negative
sections/calc_p13_s6.jpg,sections/la_p10_s6.jpg,plain_negative
sections/calc_p13_s6.jpg,sections/la_p11_s1.jpg,plain_negative
sections/calc_p13_s6.jpg,sections/la_p11_s2.jpg,plain_negative
sections/calc_p13_s6.jpg,sections/la_p11_s4.jpg,plain_negative
sections/calc_p13_s6.jpg,sections/la_p11_s6.jpg,plain_negative
sections/calc_p13_s6.jpg,sections/la_p12_s1.jpg,plain_negative
sections/calc_p13_s6.jpg,sections/la_p12_s2.jpg,plain_negative
sections/calc_p13_s6.jpg,sections/la_p12_s3.jpg,plain_negative
sections/calc_p13_s6.jpg,sections/la_p13_s1.jpg,plain_negative
sections/calc_p13_s6.jpg,sections/la_p13_s2.jpg,plain_negative
sections/calc_p13_s6.jpg,sections/la_p13_s3.jpg,plain_negative
sections/calc_p13_s6.jpg,sections/la_p13_s4.jpg,plain_negative
sections/calc_p13_s6.jpg,sections/la_p13_s5.jpg,plain_negative
sections/calc_p13_s6.jpg,sections/la_p13_s6.jpg,plain_negative
sections/calc_p13_s6.jpg,sections/la_p14_s1.jpg,plain_negative
sections/calc_p13_s6.jpg,sections/la_p14_s2.jpg,plain_negative
sections/calc_p13_s6.jpg,sections/la_p14_s3.jpg,plain_negative
sections/calc_p13_s6.jpg,sections/la_p14_s4.jpg,plain_negative
sections/calc_p13_s6.jpg,sections/la_p14_s5.jpg,plain_negative
sections/calc_p13_s6.jpg,sections/la_p15_s1.jpg,plain_negative
sections/calc_p13_s6.jpg,sections/la_p15_s2.jpg,plain_negative
sections/calc_p13_s6.jpg,sections/la_p16_s1.jpg,plain_negative
sections/calc_p13_s6.jpg,sections/la_p16_s2.jpg,plain_negative
sections/calc_p13_s6.jpg,sections/la_p16_s3.jpg,plain_negative
sections/calc_p13_s6.jpg,sections/la_p16_s4.jpg,plain_negative
sections/calc_p13_s6.jpg,sections/la_p16_s5.jpg,plain_negative
sections/calc_p13_s6.jpg,sections/la_p17_s1.jpg,plain_negative
sections/calc_p13_s6.jpg,sections/la_p17_s2.jpg,plain_negative
sections/calc_p13_s6.jpg,sections/la_p17_s3.jpg,plain_negative
sections/calc_p13_s6.jpg,sections/la_p17_s4.jpg,plain_negative
sections/calc_p13_s6.jpg,sections/la_p17_s6.jpg,plain_negative
sections/calc_p13_s6.jpg,sections/la_p18_s2.jpg,plain_negative
sections/calc_p13_s6.jpg,sections/la_p18_s4.jpg,plain_negative
sections/calc_p13_s6.jpg,sections/la_p18_s5.jpg,plain_negative
sections/calc_p13_s6.jpg,sections/la_p18_s7.jpg,plain_negative
sections/calc_p13_s6.jpg,sections/la_p19_s1.jpg,plain_negative
sections/calc_p13_s6.jpg,sections/la_p19_s2.jpg,plain_negative
sections/calc_p13_s6.jpg,sections/la_p19_s4.jpg,plain_negative
sections/calc_p14_s1.jpg,sections/calc_p14_s2.jpg,topic_positive
sections/calc_p14_s1.jpg,sections/calc_p14_s3.jpg,soft_positive
sections/calc_p14_s1.jpg,sections/calc_p15_s1.jpg,soft_positive
sections/calc_p14_s1.jpg,sections/calc_p15_s2.jpg,soft_positive
sections/calc_p14_s1.jpg,sections/calc_p17_s1.jpg,plain_negative
sections/calc_p14_s1.jpg,sections/calc_p17_s2.jpg,plain_negative
sections/calc_p14_s1.jpg,sections/calc_p17_s3.jpg,plain_negative
sections/calc_p14_s1.jpg,sections/calc_p17_s4.jpg,plain_negative
sections/calc_p14_s1.jpg,sections/calc_p18_s2.jpg,plain_negative
sections/calc_p14_s1.jpg,sections/calc_p18_s3.jpg,hard_negative
sections/calc_p14_s1.jpg,sections/calc_p18_s4.jpg,hard_negative
sections/calc_p14_s1.jpg,sections/calc_p18_s5.jpg,hard_negative
sections/calc_p14_s1.jpg,sections/calc_p19_s1.jpg,plain_negative
sections/calc_p14_s1.jpg,sections/calc_p19_s2.jpg,plain_negative
sections/calc_p14_s1.jpg,sections/calc_p20_s2.jpg,plain_negative
sections/calc_p14_s1.jpg,sections/calc_p21_s1.jpg,plain_negative
sections/calc_p14_s1.jpg,sections/calc_p21_s2.jpg,plain_negative
sections/calc_p14_s1.jpg,sections/la_p1_s1.jpg,plain_negative
sections/calc_p14_s1.jpg,sections/la_p1_s2.jpg,plain_negative
sections/calc_p14_s1.jpg,sections/la_p1_s3.jpg,plain_negative
sections/calc_p14_s1.jpg,sections/la_p1_s4.jpg,plain_negative
sections/calc_p14_s1.jpg,sections/la_p1_s5.jpg,plain_negative
sections/calc_p14_s1.jpg,sections/la_p2_s1.jpg,plain_negative
sections/calc_p14_s1.jpg,sections/la_p2_s2.jpg,plain_negative
sections/calc_p14_s1.jpg,sections/la_p2_s3.jpg,plain_negative
sections/calc_p14_s1.jpg,sections/la_p2_s4.jpg,plain_negative
sections/calc_p14_s1.jpg,sections/la_p3_s1.jpg,plain_negative
sections/calc_p14_s1.jpg,sections/la_p3_s2.jpg,plain_negative
sections/calc_p14_s1.jpg,sections/la_p3_s3.jpg,plain_negative
sections/calc_p14_s1.jpg,sections/la_p3_s4.jpg,plain_negative
sections/calc_p14_s1.jpg,sections/la_p5_s1.jpg,plain_negative
sections/calc_p14_s1.jpg,sections/la_p5_s2.jpg,plain_negative
sections/calc_p14_s1.jpg,sections/la_p5_s3.jpg,plain_negative
sections/calc_p14_s1.jpg,sections/la_p6_s1.jpg,plain_negative
sections/calc_p14_s1.jpg,sections/la_p6_s3.jpg,plain_negative
sections/calc_p14_s1.jpg,sections/la_p7_s1.jpg,plain_negative
sections/calc_p14_s1.jpg,sections/la_p7_s2.jpg,plain_negative
sections/calc_p14_s1.jpg,sections/la_p7_s3.jpg,plain_negative
sections/calc_p14_s1.jpg,sections/la_p8_s1.jpg,plain_negative
sections/calc_p14_s1.jpg,sections/la_p8_s2.jpg,plain_negative
sections/calc_p14_s1.jpg,sections/la_p8_s3.jpg,plain_negative
sections/calc_p14_s1.jpg,sections/la_p8_s4.jpg,plain_negative
sections/calc_p14_s1.jpg,sections/la_p9_s1.jpg,plain_negative
sections/calc_p14_s1.jpg,sections/la_p9_s2.jpg,plain_negative
sections/calc_p14_s1.jpg,sections/la_p9_s3.jpg,plain_negative
sections/calc_p14_s1.jpg,sections/la_p9_s5.jpg,plain_negative
sections/calc_p14_s1.jpg,sections/la_p10_s1.jpg,plain_negative
sections/calc_p14_s1.jpg,sections/la_p10_s2.jpg,plain_negative
sections/calc_p14_s1.jpg,sections/la_p10_s3.jpg,plain_negative
sections/calc_p14_s1.jpg,sections/la_p10_s4.jpg,plain_negative
sections/calc_p14_s1.jpg,sections/la_p10_s6.jpg,plain_negative
sections/calc_p14_s1.jpg,sections/la_p11_s1.jpg,plain_negative
sections/calc_p14_s1.jpg,sections/la_p11_s2.jpg,plain_negative
sections/calc_p14_s1.jpg,sections/la_p11_s4.jpg,plain_negative
sections/calc_p14_s1.jpg,sections/la_p11_s6.jpg,plain_negative
sections/calc_p14_s1.jpg,sections/la_p12_s1.jpg,plain_negative
sections/calc_p14_s1.jpg,sections/la_p12_s2.jpg,plain_negative
sections/calc_p14_s1.jpg,sections/la_p12_s3.jpg,plain_negative
sections/calc_p14_s1.jpg,sections/la_p13_s1.jpg,plain_negative
sections/calc_p14_s1.jpg,sections/la_p13_s2.jpg,plain_negative
sections/calc_p14_s1.jpg,sections/la_p13_s3.jpg,plain_negative
sections/calc_p14_s1.jpg,sections/la_p13_s4.jpg,plain_negative
sections/calc_p14_s1.jpg,sections/la_p13_s5.jpg,plain_negative
sections/calc_p14_s1.jpg,sections/la_p13_s6.jpg,plain_negative
sections/calc_p14_s1.jpg,sections/la_p14_s1.jpg,plain_negative
sections/calc_p14_s1.jpg,sections/la_p14_s2.jpg,plain_negative
sections/calc_p14_s1.jpg,sections/la_p14_s3.jpg,plain_negative
sections/calc_p14_s1.jpg,sections/la_p14_s4.jpg,plain_negative
sections/calc_p14_s1.jpg,sections/la_p14_s5.jpg,plain_negative
sections/calc_p14_s1.jpg,sections/la_p15_s1.jpg,plain_negative
sections/calc_p14_s1.jpg,sections/la_p15_s2.jpg,plain_negative
sections/calc_p14_s1.jpg,sections/la_p16_s1.jpg,plain_negative
sections/calc_p14_s1.jpg,sections/la_p16_s2.jpg,plain_negative
sections/calc_p14_s1.jpg,sections/la_p16_s3.jpg,plain_negative
sections/calc_p14_s1.jpg,sections/la_p16_s4.jpg,plain_negative
sections/calc_p14_s1.jpg,sections/la_p16_s5.jpg,plain_negative
sections/calc_p14_s1.jpg,sections/la_p17_s1.jpg,plain_negative
sections/calc_p14_s1.jpg,sections/la_p17_s2.jpg,plain_negative
sections/calc_p14_s1.jpg,sections/la_p17_s3.jpg,plain_negative
sections/calc_p14_s1.jpg,sections/la_p17_s4.jpg,plain_negative
sections/calc_p14_s1.jpg,sections/la_p17_s6.jpg,plain_negative
sections/calc_p14_s1.jpg,sections/la_p18_s2.jpg,plain_negative
sections/calc_p14_s1.jpg,sections/la_p18_s4.jpg,plain_negative
sections/calc_p14_s1.jpg,sections/la_p18_s5.jpg,plain_negative
sections/calc_p14_s1.jpg,sections/la_p18_s7.jpg,plain_negative
sections/calc_p14_s1.jpg,sections/la_p19_s1.jpg,plain_negative
sections/calc_p14_s1.jpg,sections/la_p19_s2.jpg,plain_negative
sections/calc_p14_s1.jpg,sections/la_p19_s4.jpg,plain_negative
sections/calc_p14_s2.jpg,sections/calc_p14_s3.jpg,soft_positive
sections/calc_p14_s2.jpg,sections/calc_p15_s1.jpg,soft_positive
sections/calc_p14_s2.jpg,sections/calc_p15_s2.jpg,soft_positive
sections/calc_p14_s2.jpg,sections/calc_p17_s1.jpg,plain_negative
sections/calc_p14_s2.jpg,sections/calc_p17_s2.jpg,plain_negative
sections/calc_p14_s2.jpg,sections/calc_p17_s3.jpg,plain_negative
sections/calc_p14_s2.jpg,sections/calc_p17_s4.jpg,plain_negative
sections/calc_p14_s2.jpg,sections/calc_p18_s2.jpg,plain_negative
sections/calc_p14_s2.jpg,sections/calc_p18_s3.jpg,hard_negative
sections/calc_p14_s2.jpg,sections/calc_p18_s4.jpg,hard_negative
sections/calc_p14_s2.jpg,sections/calc_p18_s5.jpg,hard_negative
sections/calc_p14_s2.jpg,sections/calc_p19_s1.jpg,plain_negative
sections/calc_p14_s2.jpg,sections/calc_p19_s2.jpg,plain_negative
sections/calc_p14_s2.jpg,sections/calc_p20_s2.jpg,plain_negative
sections/calc_p14_s2.jpg,sections/calc_p21_s1.jpg,plain_negative
sections/calc_p14_s2.jpg,sections/calc_p21_s2.jpg,plain_negative
sections/calc_p14_s2.jpg,sections/la_p1_s1.jpg,plain_negative
sections/calc_p14_s2.jpg,sections/la_p1_s2.jpg,plain_negative
sections/calc_p14_s2.jpg,sections/la_p1_s3.jpg,plain_negative
sections/calc_p14_s2.jpg,sections/la_p1_s4.jpg,plain_negative
sections/calc_p14_s2.jpg,sections/la_p1_s5.jpg,plain_negative
sections/calc_p14_s2.jpg,sections/la_p2_s1.jpg,plain_negative
sections/calc_p14_s2.jpg,sections/la_p2_s2.jpg,plain_negative
sections/calc_p14_s2.jpg,sections/la_p2_s3.jpg,plain_negative
sections/calc_p14_s2.jpg,sections/la_p2_s4.jpg,plain_negative
sections/calc_p14_s2.jpg,sections/la_p3_s1.jpg,plain_negative
sections/calc_p14_s2.jpg,sections/la_p3_s2.jpg,plain_negative
sections/calc_p14_s2.jpg,sections/la_p3_s3.jpg,plain_negative
sections/calc_p14_s2.jpg,sections/la_p3_s4.jpg,plain_negative
sections/calc_p14_s2.jpg,sections/la_p5_s1.jpg,plain_negative
sections/calc_p14_s2.jpg,sections/la_p5_s2.jpg,plain_negative
sections/calc_p14_s2.jpg,sections/la_p5_s3.jpg,plain_negative
sections/calc_p14_s2.jpg,sections/la_p6_s1.jpg,plain_negative
sections/calc_p14_s2.jpg,sections/la_p6_s3.jpg,plain_negative
sections/calc_p14_s2.jpg,sections/la_p7_s1.jpg,plain_negative
sections/calc_p14_s2.jpg,sections/la_p7_s2.jpg,plain_negative
sections/calc_p14_s2.jpg,sections/la_p7_s3.jpg,plain_negative
sections/calc_p14_s2.jpg,sections/la_p8_s1.jpg,plain_negative
sections/calc_p14_s2.jpg,sections/la_p8_s2.jpg,plain_negative
sections/calc_p14_s2.jpg,sections/la_p8_s3.jpg,plain_negative
sections/calc_p14_s2.jpg,sections/la_p8_s4.jpg,plain_negative
sections/calc_p14_s2.jpg,sections/la_p9_s1.jpg,plain_negative
sections/calc_p14_s2.jpg,sections/la_p9_s2.jpg,plain_negative
sections/calc_p14_s2.jpg,sections/la_p9_s3.jpg,plain_negative
sections/calc_p14_s2.jpg,sections/la_p9_s5.jpg,plain_negative
sections/calc_p14_s2.jpg,sections/la_p10_s1.jpg,plain_negative
sections/calc_p14_s2.jpg,sections/la_p10_s2.jpg,plain_negative
sections/calc_p14_s2.jpg,sections/la_p10_s3.jpg,plain_negative
sections/calc_p14_s2.jpg,sections/la_p10_s4.jpg,plain_negative
sections/calc_p14_s2.jpg,sections/la_p10_s6.jpg,plain_negative
sections/calc_p14_s2.jpg,sections/la_p11_s1.jpg,plain_negative
sections/calc_p14_s2.jpg,sections/la_p11_s2.jpg,plain_negative
sections/calc_p14_s2.jpg,sections/la_p11_s4.jpg,plain_negative
sections/calc_p14_s2.jpg,sections/la_p11_s6.jpg,plain_negative
sections/calc_p14_s2.jpg,sections/la_p12_s1.jpg,plain_negative
sections/calc_p14_s2.jpg,sections/la_p12_s2.jpg,plain_negative
sections/calc_p14_s2.jpg,sections/la_p12_s3.jpg,plain_negative
sections/calc_p14_s2.jpg,sections/la_p13_s1.jpg,plain_negative
sections/calc_p14_s2.jpg,sections/la_p13_s2.jpg,plain_negative
sections/calc_p14_s2.jpg,sections/la_p13_s3.jpg,plain_negative
sections/calc_p14_s2.jpg,sections/la_p13_s4.jpg,plain_negative
sections/calc_p14_s2.jpg,sections/la_p13_s5.jpg,plain_negative
sections/calc_p14_s2.jpg,sections/la_p13_s6.jpg,plain_negative
sections/calc_p14_s2.jpg,sections/la_p14_s1.jpg,plain_negative
sections/calc_p14_s2.jpg,sections/la_p14_s2.jpg,plain_negative
sections/calc_p14_s2.jpg,sections/la_p14_s3.jpg,plain_negative
sections/calc_p14_s2.jpg,sections/la_p14_s4.jpg,plain_negative
sections/calc_p14_s2.jpg,sections/la_p14_s5.jpg,plain_negative
sections/calc_p14_s2.jpg,sections/la_p15_s1.jpg,plain_negative
sections/calc_p14_s2.jpg,sections/la_p15_s2.jpg,plain_negative
sections/calc_p14_s2.jpg,sections/la_p16_s1.jpg,plain_negative
sections/calc_p14_s2.jpg,sections/la_p16_s2.jpg,plain_negative
sections/calc_p14_s2.jpg,sections/la_p16_s3.jpg,plain_negative
sections/calc_p14_s2.jpg,sections/la_p16_s4.jpg,plain_negative
sections/calc_p14_s2.jpg,sections/la_p16_s5.jpg,plain_negative
sections/calc_p14_s2.jpg,sections/la_p17_s1.jpg,plain_negative
sections/calc_p14_s2.jpg,sections/la_p17_s2.jpg,plain_negative
sections/calc_p14_s2.jpg,sections/la_p17_s3.jpg,plain_negative
sections/calc_p14_s2.jpg,sections/la_p17_s4.jpg,plain_negative
sections/calc_p14_s2.jpg,sections/la_p17_s6.jpg,plain_negative
sections/calc_p14_s2.jpg,sections/la_p18_s2.jpg,plain_negative
sections/calc_p14_s2.jpg,sections/la_p18_s4.jpg,plain_negative
sections/calc_p14_s2.jpg,sections/la_p18_s5.jpg,plain_negative
sections/calc_p14_s2.jpg,sections/la_p18_s7.jpg,plain_negative
sections/calc_p14_s2.jpg,sections/la_p19_s1.jpg,plain_negative
sections/calc_p14_s2.jpg,sections/la_p19_s2.jpg,plain_negative
sections/calc_p14_s2.jpg,sections/la_p19_s4.jpg,plain_negative
sections/calc_p14_s3.jpg,sections/calc_p15_s1.jpg,soft_positive
sections/calc_p14_s3.jpg,sections/calc_p15_s2.jpg,soft_positive
sections/calc_p14_s3.jpg,sections/calc_p17_s1.jpg,plain_negative
sections/calc_p14_s3.jpg,sections/calc_p17_s2.jpg,plain_negative
sections/calc_p14_s3.jpg,sections/calc_p17_s3.jpg,plain_negative
sections/calc_p14_s3.jpg,sections/calc_p17_s4.jpg,plain_negative
sections/calc_p14_s3.jpg,sections/calc_p18_s2.jpg,plain_negative
sections/calc_p14_s3.jpg,sections/calc_p18_s3.jpg,hard_negative
sections/calc_p14_s3.jpg,sections/calc_p18_s4.jpg,hard_negative
sections/calc_p14_s3.jpg,sections/calc_p18_s5.jpg,hard_negative
sections/calc_p14_s3.jpg,sections/calc_p19_s1.jpg,plain_negative
sections/calc_p14_s3.jpg,sections/calc_p19_s2.jpg,plain_negative
sections/calc_p14_s3.jpg,sections/calc_p20_s2.jpg,plain_negative
sections/calc_p14_s3.jpg,sections/calc_p21_s1.jpg,plain_negative
sections/calc_p14_s3.jpg,sections/calc_p21_s2.jpg,plain_negative
sections/calc_p14_s3.jpg,sections/la_p1_s1.jpg,plain_negative
sections/calc_p14_s3.jpg,sections/la_p1_s2.jpg,plain_negative
sections/calc_p14_s3.jpg,sections/la_p1_s3.jpg,plain_negative
sections/calc_p14_s3.jpg,sections/la_p1_s4.jpg,plain_negative
sections/calc_p14_s3.jpg,sections/la_p1_s5.jpg,plain_negative
sections/calc_p14_s3.jpg,sections/la_p2_s1.jpg,plain_negative
sections/calc_p14_s3.jpg,sections/la_p2_s2.jpg,plain_negative
sections/calc_p14_s3.jpg,sections/la_p2_s3.jpg,plain_negative
sections/calc_p14_s3.jpg,sections/la_p2_s4.jpg,plain_negative
sections/calc_p14_s3.jpg,sections/la_p3_s1.jpg,plain_negative
sections/calc_p14_s3.jpg,sections/la_p3_s2.jpg,plain_negative
sections/calc_p14_s3.jpg,sections/la_p3_s3.jpg,plain_negative
sections/calc_p14_s3.jpg,sections/la_p3_s4.jpg,plain_negative
sections/calc_p14_s3.jpg,sections/la_p5_s1.jpg,plain_negative
sections/calc_p14_s3.jpg,sections/la_p5_s2.jpg,plain_negative
sections/calc_p14_s3.jpg,sections/la_p5_s3.jpg,plain_negative
sections/calc_p14_s3.jpg,sections/la_p6_s1.jpg,plain_negative
sections/calc_p14_s3.jpg,sections/la_p6_s3.jpg,plain_negative
sections/calc_p14_s3.jpg,sections/la_p7_s1.jpg,plain_negative
sections/calc_p14_s3.jpg,sections/la_p7_s2.jpg,plain_negative
sections/calc_p14_s3.jpg,sections/la_p7_s3.jpg,plain_negative
sections/calc_p14_s3.jpg,sections/la_p8_s1.jpg,plain_negative
sections/calc_p14_s3.jpg,sections/la_p8_s2.jpg,plain_negative
sections/calc_p14_s3.jpg,sections/la_p8_s3.jpg,plain_negative
sections/calc_p14_s3.jpg,sections/la_p8_s4.jpg,plain_negative
sections/calc_p14_s3.jpg,sections/la_p9_s1.jpg,plain_negative
sections/calc_p14_s3.jpg,sections/la_p9_s2.jpg,plain_negative
sections/calc_p14_s3.jpg,sections/la_p9_s3.jpg,plain_negative
sections/calc_p14_s3.jpg,sections/la_p9_s5.jpg,plain_negative
sections/calc_p14_s3.jpg,sections/la_p10_s1.jpg,plain_negative
sections/calc_p14_s3.jpg,sections/la_p10_s2.jpg,plain_negative
sections/calc_p14_s3.jpg,sections/la_p10_s3.jpg,plain_negative
sections/calc_p14_s3.jpg,sections/la_p10_s4.jpg,plain_negative
sections/calc_p14_s3.jpg,sections/la_p10_s6.jpg,plain_negative
sections/calc_p14_s3.jpg,sections/la_p11_s1.jpg,plain_negative
sections/calc_p14_s3.jpg,sections/la_p11_s2.jpg,plain_negative
sections/calc_p14_s3.jpg,sections/la_p11_s4.jpg,plain_negative
sections/calc_p14_s3.jpg,sections/la_p11_s6.jpg,plain_negative
sections/calc_p14_s3.jpg,sections/la_p12_s1.jpg,plain_negative
sections/calc_p14_s3.jpg,sections/la_p12_s2.jpg,plain_negative
sections/calc_p14_s3.jpg,sections/la_p12_s3.jpg,plain_negative
sections/calc_p14_s3.jpg,sections/la_p13_s1.jpg,plain_negative
sections/calc_p14_s3.jpg,sections/la_p13_s2.jpg,plain_negative
sections/calc_p14_s3.jpg,sections/la_p13_s3.jpg,plain_negative
sections/calc_p14_s3.jpg,sections/la_p13_s4.jpg,plain_negative
sections/calc_p14_s3.jpg,sections/la_p13_s5.jpg,plain_negative
sections/calc_p14_s3.jpg,sections/la_p13_s6.jpg,plain_negative
sections/calc_p14_s3.jpg,sections/la_p14_s1.jpg,plain_negative
sections/calc_p14_s3.jpg,sections/la_p14_s2.jpg,plain_negative
sections/calc_p14_s3.jpg,sections/la_p14_s3.jpg,plain_negative
sections/calc_p14_s3.jpg,sections/la_p14_s4.jpg,plain_negative
sections/calc_p14_s3.jpg,sections/la_p14_s5.jpg,plain_negative
sections/calc_p14_s3.jpg,sections/la_p15_s1.jpg,plain_negative
sections/calc_p14_s3.jpg,sections/la_p15_s2.jpg,plain_negative
sections/calc_p14_s3.jpg,sections/la_p16_s1.jpg,plain_negative
sections/calc_p14_s3.jpg,sections/la_p16_s2.jpg,plain_negative
sections/calc_p14_s3.jpg,sections/la_p16_s3.jpg,plain_negative
sections/calc_p14_s3.jpg,sections/la_p16_s4.jpg,plain_negative
sections/calc_p14_s3.jpg,sections/la_p16_s5.jpg,plain_negative
sections/calc_p14_s3.jpg,sections/la_p17_s1.jpg,plain_negative
sections/calc_p14_s3.jpg,sections/la_p17_s2.jpg,plain_negative
sections/calc_p14_s3.jpg,sections/la_p17_s3.jpg,plain_negative
sections/calc_p14_s3.jpg,sections/la_p17_s4.jpg,plain_negative
sections/calc_p14_s3.jpg,sections/la_p17_s6.jpg,plain_negative
sections/calc_p14_s3.jpg,sections/la_p18_s2.jpg,plain_negative
sections/calc_p14_s3.jpg,sections/la_p18_s4.jpg,plain_negative
sections/calc_p14_s3.jpg,sections/la_p18_s5.jpg,plain_negative
sections/calc_p14_s3.jpg,sections/la_p18_s7.jpg,plain_negative
sections/calc_p14_s3.jpg,sections/la_p19_s1.jpg,plain_negative
sections/calc_p14_s3.jpg,sections/la_p19_s2.jpg,plain_negative
sections/calc_p14_s3.jpg,sections/la_p19_s4.jpg,plain_negative
sections/calc_p15_s1.jpg,sections/calc_p15_s2.jpg,soft_positive
sections/calc_p15_s1.jpg,sections/calc_p17_s1.jpg,plain_negative
sections/calc_p15_s1.jpg,sections/calc_p17_s2.jpg,plain_negative
sections/calc_p15_s1.jpg,sections/calc_p17_s3.jpg,plain_negative
sections/calc_p15_s1.jpg,sections/calc_p17_s4.jpg,plain_negative
sections/calc_p15_s1.jpg,sections/calc_p18_s2.jpg,plain_negative
sections/calc_p15_s1.jpg,sections/calc_p18_s3.jpg,plain_negative
sections/calc_p15_s1.jpg,sections/calc_p18_s4.jpg,plain_negative
sections/calc_p15_s1.jpg,sections/calc_p18_s5.jpg,plain_negative
sections/calc_p15_s1.jpg,sections/calc_p19_s1.jpg,plain_negative
sections/calc_p15_s1.jpg,sections/calc_p19_s2.jpg,plain_negative
sections/calc_p15_s1.jpg,sections/calc_p20_s2.jpg,plain_negative
sections/calc_p15_s1.jpg,sections/calc_p21_s1.jpg,plain_negative
sections/calc_p15_s1.jpg,sections/calc_p21_s2.jpg,plain_negative
sections/calc_p15_s1.jpg,sections/la_p1_s1.jpg,plain_negative
sections/calc_p15_s1.jpg,sections/la_p1_s2.jpg,plain_negative
sections/calc_p15_s1.jpg,sections/la_p1_s3.jpg,plain_negative
sections/calc_p15_s1.jpg,sections/la_p1_s4.jpg,plain_negative
sections/calc_p15_s1.jpg,sections/la_p1_s5.jpg,plain_negative
sections/calc_p15_s1.jpg,sections/la_p2_s1.jpg,plain_negative
sections/calc_p15_s1.jpg,sections/la_p2_s2.jpg,plain_negative
sections/calc_p15_s1.jpg,sections/la_p2_s3.jpg,plain_negative
sections/calc_p15_s1.jpg,sections/la_p2_s4.jpg,plain_negative
sections/calc_p15_s1.jpg,sections/la_p3_s1.jpg,plain_negative
sections/calc_p15_s1.jpg,sections/la_p3_s2.jpg,plain_negative
sections/calc_p15_s1.jpg,sections/la_p3_s3.jpg,plain_negative
sections/calc_p15_s1.jpg,sections/la_p3_s4.jpg,plain_negative
sections/calc_p15_s1.jpg,sections/la_p5_s1.jpg,plain_negative
sections/calc_p15_s1.jpg,sections/la_p5_s2.jpg,plain_negative
sections/calc_p15_s1.jpg,sections/la_p5_s3.jpg,plain_negative
sections/calc_p15_s1.jpg,sections/la_p6_s1.jpg,plain_negative
sections/calc_p15_s1.jpg,sections/la_p6_s3.jpg,plain_negative
sections/calc_p15_s1.jpg,sections/la_p7_s1.jpg,plain_negative
sections/calc_p15_s1.jpg,sections/la_p7_s2.jpg,plain_negative
sections/calc_p15_s1.jpg,sections/la_p7_s3.jpg,plain_negative
sections/calc_p15_s1.jpg,sections/la_p8_s1.jpg,plain_negative
sections/calc_p15_s1.jpg,sections/la_p8_s2.jpg,plain_negative
sections/calc_p15_s1.jpg,sections/la_p8_s3.jpg,plain_negative
sections/calc_p15_s1.jpg,sections/la_p8_s4.jpg,plain_negative
sections/calc_p15_s1.jpg,sections/la_p9_s1.jpg,plain_negative
sections/calc_p15_s1.jpg,sections/la_p9_s2.jpg,plain_negative
sections/calc_p15_s1.jpg,sections/la_p9_s3.jpg,plain_negative
sections/calc_p15_s1.jpg,sections/la_p9_s5.jpg,plain_negative
sections/calc_p15_s1.jpg,sections/la_p10_s1.jpg,plain_negative
sections/calc_p15_s1.jpg,sections/la_p10_s2.jpg,plain_negative
sections/calc_p15_s1.jpg,sections/la_p10_s3.jpg,plain_negative
sections/calc_p15_s1.jpg,sections/la_p10_s4.jpg,plain_negative
sections/calc_p15_s1.jpg,sections/la_p10_s6.jpg,plain_negative
sections/calc_p15_s1.jpg,sections/la_p11_s1.jpg,plain_negative
sections/calc_p15_s1.jpg,sections/la_p11_s2.jpg,plain_negative
sections/calc_p15_s1.jpg,sections/la_p11_s4.jpg,plain_negative
sections/calc_p15_s1.jpg,sections/la_p11_s6.jpg,plain_negative
sections/calc_p15_s1.jpg,sections/la_p12_s1.jpg,plain_negative
sections/calc_p15_s1.jpg,sections/la_p12_s2.jpg,plain_negative
sections/calc_p15_s1.jpg,sections/la_p12_s3.jpg,plain_negative
sections/calc_p15_s1.jpg,sections/la_p13_s1.jpg,plain_negative
sections/calc_p15_s1.jpg,sections/la_p13_s2.jpg,plain_negative
sections/calc_p15_s1.jpg,sections/la_p13_s3.jpg,plain_negative
sections/calc_p15_s1.jpg,sections/la_p13_s4.jpg,plain_negative
sections/calc_p15_s1.jpg,sections/la_p13_s5.jpg,plain_negative
sections/calc_p15_s1.jpg,sections/la_p13_s6.jpg,plain_negative
sections/calc_p15_s1.jpg,sections/la_p14_s1.jpg,plain_negative
sections/calc_p15_s1.jpg,sections/la_p14_s2.jpg,plain_negative
sections/calc_p15_s1.jpg,sections/la_p14_s3.jpg,plain_negative
sections/calc_p15_s1.jpg,sections/la_p14_s4.jpg,plain_negative
sections/calc_p15_s1.jpg,sections/la_p14_s5.jpg,plain_negative
sections/calc_p15_s1.jpg,sections/la_p15_s1.jpg,plain_negative
sections/calc_p15_s1.jpg,sections/la_p15_s2.jpg,plain_negative
sections/calc_p15_s1.jpg,sections/la_p16_s1.jpg,plain_negative
sections/calc_p15_s1.jpg,sections/la_p16_s2.jpg,plain_negative
sections/calc_p15_s1.jpg,sections/la_p16_s3.jpg,plain_negative
sections/calc_p15_s1.jpg,sections/la_p16_s4.jpg,plain_negative
sections/calc_p15_s1.jpg,sections/la_p16_s5.jpg,plain_negative
sections/calc_p15_s1.jpg,sections/la_p17_s1.jpg,plain_negative
sections/calc_p15_s1.jpg,sections/la_p17_s2.jpg,plain_negative
sections/calc_p15_s1.jpg,sections/la_p17_s3.jpg,plain_negative
sections/calc_p15_s1.jpg,sections/la_p17_s4.jpg,plain_negative
sections/calc_p15_s1.jpg,sections/la_p17_s6.jpg,plain_negative
sections/calc_p15_s1.jpg,sections/la_p18_s2.jpg,plain_negative
sections/calc_p15_s1.jpg,sections/la_p18_s4.jpg,plain_negative
sections/calc_p15_s1.jpg,sections/la_p18_s5.jpg,plain_negative
sections/calc_p15_s1.jpg,sections/la_p18_s7.jpg,plain_negative
sections/calc_p15_s1.jpg,sections/la_p19_s1.jpg,plain_negative
sections/calc_p15_s1.jpg,sections/la_p19_s2.jpg,plain_negative
sections/calc_p15_s1.jpg,sections/la_p19_s4.jpg,plain_negative
sections/calc_p15_s2.jpg,sections/calc_p17_s1.jpg,plain_negative
sections/calc_p15_s2.jpg,sections/calc_p17_s2.jpg,plain_negative
sections/calc_p15_s2.jpg,sections/calc_p17_s3.jpg,plain_negative
sections/calc_p15_s2.jpg,sections/calc_p17_s4.jpg,plain_negative
sections/calc_p15_s2.jpg,sections/calc_p18_s2.jpg,plain_negative
sections/calc_p15_s2.jpg,sections/calc_p18_s3.jpg,plain_negative
sections/calc_p15_s2.jpg,sections/calc_p18_s4.jpg,plain_negative
sections/calc_p15_s2.jpg,sections/calc_p18_s5.jpg,plain_negative
sections/calc_p15_s2.jpg,sections/calc_p19_s1.jpg,plain_negative
sections/calc_p15_s2.jpg,sections/calc_p19_s2.jpg,plain_negative
sections/calc_p15_s2.jpg,sections/calc_p20_s2.jpg,plain_negative
sections/calc_p15_s2.jpg,sections/calc_p21_s1.jpg,plain_negative
sections/calc_p15_s2.jpg,sections/calc_p21_s2.jpg,plain_negative
sections/calc_p15_s2.jpg,sections/la_p1_s1.jpg,plain_negative
sections/calc_p15_s2.jpg,sections/la_p1_s2.jpg,plain_negative
sections/calc_p15_s2.jpg,sections/la_p1_s3.jpg,plain_negative
sections/calc_p15_s2.jpg,sections/la_p1_s4.jpg,plain_negative
sections/calc_p15_s2.jpg,sections/la_p1_s5.jpg,plain_negative
sections/calc_p15_s2.jpg,sections/la_p2_s1.jpg,plain_negative
sections/calc_p15_s2.jpg,sections/la_p2_s2.jpg,plain_negative
sections/calc_p15_s2.jpg,sections/la_p2_s3.jpg,plain_negative
sections/calc_p15_s2.jpg,sections/la_p2_s4.jpg,plain_negative
sections/calc_p15_s2.jpg,sections/la_p3_s1.jpg,plain_negative
sections/calc_p15_s2.jpg,sections/la_p3_s2.jpg,plain_negative
sections/calc_p15_s2.jpg,sections/la_p3_s3.jpg,plain_negative
sections/calc_p15_s2.jpg,sections/la_p3_s4.jpg,plain_negative
sections/calc_p15_s2.jpg,sections/la_p5_s1.jpg,plain_negative
sections/calc_p15_s2.jpg,sections/la_p5_s2.jpg,plain_negative
sections/calc_p15_s2.jpg,sections/la_p5_s3.jpg,plain_negative
sections/calc_p15_s2.jpg,sections/la_p6_s1.jpg,plain_negative
sections/calc_p15_s2.jpg,sections/la_p6_s3.jpg,plain_negative
sections/calc_p15_s2.jpg,sections/la_p7_s1.jpg,plain_negative
sections/calc_p15_s2.jpg,sections/la_p7_s2.jpg,plain_negative
sections/calc_p15_s2.jpg,sections/la_p7_s3.jpg,plain_negative
sections/calc_p15_s2.jpg,sections/la_p8_s1.jpg,plain_negative
sections/calc_p15_s2.jpg,sections/la_p8_s2.jpg,plain_negative
sections/calc_p15_s2.jpg,sections/la_p8_s3.jpg,plain_negative
sections/calc_p15_s2.jpg,sections/la_p8_s4.jpg,plain_negative
sections/calc_p15_s2.jpg,sections/la_p9_s1.jpg,plain_negative
sections/calc_p15_s2.jpg,sections/la_p9_s2.jpg,plain_negative
sections/calc_p15_s2.jpg,sections/la_p9_s3.jpg,plain_negative
sections/calc_p15_s2.jpg,sections/la_p9_s5.jpg,plain_negative
sections/calc_p15_s2.jpg,sections/la_p10_s1.jpg,plain_negative
sections/calc_p15_s2.jpg,sections/la_p10_s2.jpg,plain_negative
sections/calc_p15_s2.jpg,sections/la_p10_s3.jpg,plain_negative
sections/calc_p15_s2.jpg,sections/la_p10_s4.jpg,plain_negative
sections/calc_p15_s2.jpg,sections/la_p10_s6.jpg,plain_negative
sections/calc_p15_s2.jpg,sections/la_p11_s1.jpg,plain_negative
sections/calc_p15_s2.jpg,sections/la_p11_s2.jpg,plain_negative
sections/calc_p15_s2.jpg,sections/la_p11_s4.jpg,plain_negative
sections/calc_p15_s2.jpg,sections/la_p11_s6.jpg,plain_negative
sections/calc_p15_s2.jpg,sections/la_p12_s1.jpg,plain_negative
sections/calc_p15_s2.jpg,sections/la_p12_s2.jpg,plain_negative
sections/calc_p15_s2.jpg,sections/la_p12_s3.jpg,plain_negative
sections/calc_p15_s2.jpg,sections/la_p13_s1.jpg,plain_negative
sections/calc_p15_s2.jpg,sections/la_p13_s2.jpg,plain_negative
sections/calc_p15_s2.jpg,sections/la_p13_s3.jpg,plain_negative
sections/calc_p15_s2.jpg,sections/la_p13_s4.jpg,plain_negative
sections/calc_p15_s2.jpg,sections/la_p13_s5.jpg,plain_negative
sections/calc_p15_s2.jpg,sections/la_p13_s6.jpg,plain_negative
sections/calc_p15_s2.jpg,sections/la_p14_s1.jpg,plain_negative
sections/calc_p15_s2.jpg,sections/la_p14_s2.jpg,plain_negative
sections/calc_p15_s2.jpg,sections/la_p14_s3.jpg,plain_negative
sections/calc_p15_s2.jpg,sections/la_p14_s4.jpg,plain_negative
sections/calc_p15_s2.jpg,sections/la_p14_s5.jpg,plain_negative
sections/calc_p15_s2.jpg,sections/la_p15_s1.jpg,plain_negative
sections/calc_p15_s2.jpg,sections/la_p15_s2.jpg,plain_negative
sections/calc_p15_s2.jpg,sections/la_p16_s1.jpg,plain_negative
sections/calc_p15_s2.jpg,sections/la_p16_s2.jpg,plain_negative
sections/calc_p15_s2.jpg,sections/la_p16_s3.jpg,plain_negative
sections/calc_p15_s2.jpg,sections/la_p16_s4.jpg,plain_negative
sections/calc_p15_s2.jpg,sections/la_p16_s5.jpg,plain_negative
sections/calc_p15_s2.jpg,sections/la_p17_s1.jpg,plain_negative
sections/calc_p15_s2.jpg,sections/la_p17_s2.jpg,plain_negative
sections/calc_p15_s2.jpg,sections/la_p17_s3.jpg,plain_negative
sections/calc_p15_s2.jpg,sections/la_p17_s4.jpg,plain_negative
sections/calc_p15_s2.jpg,sections/la_p17_s6.jpg,plain_negative
sections/calc_p15_s2.jpg,sections/la_p18_s2.jpg,plain_negative
sections/calc_p15_s2.jpg,sections/la_p18_s4.jpg,plain_negative
sections/calc_p15_s2.jpg,sections/la_p18_s5.jpg,plain_negative
sections/calc_p15_s2.jpg,sections/la_p18_s7.jpg,plain_negative
sections/calc_p15_s2.jpg,sections/la_p19_s1.jpg,plain_negative
sections/calc_p15_s2.jpg,sections/la_p19_s2.jpg,plain_negative
sections/calc_p15_s2.jpg,sections/la_p19_s4.jpg,plain_negative
sections/calc_p17_s1.jpg,sections/calc_p17_s2.jpg,soft_positive
sections/calc_p17_s1.jpg,sections/calc_p17_s3.jpg,soft_positive
sections/calc_p17_s1.jpg,sections/calc_p17_s4.jpg,soft_positive
sections/calc_p17_s1.jpg,sections/calc_p18_s2.jpg,topic_positive
sections/calc_p17_s1.jpg,sections/calc_p18_s3.jpg,soft_positive
sections/calc_p17_s1.jpg,sections/calc_p18_s4.jpg,soft_positive
sections/calc_p17_s1.jpg,sections/calc_p18_s5.jpg,soft_positive
sections/calc_p17_s1.jpg,sections/calc_p19_s1.jpg,plain_negative
sections/calc_p17_s1.jpg,sections/calc_p19_s2.jpg,plain_negative
sections/calc_p17_s1.jpg,sections/calc_p20_s2.jpg,plain_negative
sections/calc_p17_s1.jpg,sections/calc_p21_s1.jpg,plain_negative
sections/calc_p17_s1.jpg,sections/calc_p21_s2.jpg,plain_negative
sections/calc_p17_s1.jpg,sections/la_p1_s1.jpg,plain_negative
sections/calc_p17_s1.jpg,sections/la_p1_s2.jpg,plain_negative
sections/calc_p17_s1.jpg,sections/la_p1_s3.jpg,plain_negative
sections/calc_p17_s1.jpg,sections/la_p1_s4.jpg,plain_negative
sections/calc_p17_s1.jpg,sections/la_p1_s5.jpg,plain_negative
sections/calc_p17_s1.jpg,sections/la_p2_s1.jpg,plain_negative
sections/calc_p17_s1.jpg,sections/la_p2_s2.jpg,plain_negative
sections/calc_p17_s1.jpg,sections/la_p2_s3.jpg,plain_negative
sections/calc_p17_s1.jpg,sections/la_p2_s4.jpg,plain_negative
sections/calc_p17_s1.jpg,sections/la_p3_s1.jpg,plain_negative
sections/calc_p17_s1.jpg,sections/la_p3_s2.jpg,plain_negative
sections/calc_p17_s1.jpg,sections/la_p3_s3.jpg,plain_negative
sections/calc_p17_s1.jpg,sections/la_p3_s4.jpg,plain_negative
sections/calc_p17_s1.jpg,sections/la_p5_s1.jpg,plain_negative
sections/calc_p17_s1.jpg,sections/la_p5_s2.jpg,plain_negative
sections/calc_p17_s1.jpg,sections/la_p5_s3.jpg,plain_negative
sections/calc_p17_s1.jpg,sections/la_p6_s1.jpg,plain_negative
sections/calc_p17_s1.jpg,sections/la_p6_s3.jpg,plain_negative
sections/calc_p17_s1.jpg,sections/la_p7_s1.jpg,plain_negative
sections/calc_p17_s1.jpg,sections/la_p7_s2.jpg,plain_negative
sections/calc_p17_s1.jpg,sections/la_p7_s3.jpg,plain_negative
sections/calc_p17_s1.jpg,sections/la_p8_s1.jpg,plain_negative
sections/calc_p17_s1.jpg,sections/la_p8_s2.jpg,plain_negative
sections/calc_p17_s1.jpg,sections/la_p8_s3.jpg,plain_negative
sections/calc_p17_s1.jpg,sections/la_p8_s4.jpg,plain_negative
sections/calc_p17_s1.jpg,sections/la_p9_s1.jpg,plain_negative
sections/calc_p17_s1.jpg,sections/la_p9_s2.jpg,plain_negative
sections/calc_p17_s1.jpg,sections/la_p9_s3.jpg,plain_negative
sections/calc_p17_s1.jpg,sections/la_p9_s5.jpg,plain_negative
sections/calc_p17_s1.jpg,sections/la_p10_s1.jpg,plain_negative
sections/calc_p17_s1.jpg,sections/la_p10_s2.jpg,plain_negative
sections/calc_p17_s1.jpg,sections/la_p10_s3.jpg,plain_negative
sections/calc_p17_s1.jpg,sections/la_p10_s4.jpg,plain_negative
sections/calc_p17_s1.jpg,sections/la_p10_s6.jpg,plain_negative
sections/calc_p17_s1.jpg,sections/la_p11_s1.jpg,plain_negative
sections/calc_p17_s1.jpg,sections/la_p11_s2.jpg,plain_negative
sections/calc_p17_s1.jpg,sections/la_p11_s4.jpg,plain_negative
sections/calc_p17_s1.jpg,sections/la_p11_s6.jpg,plain_negative
sections/calc_p17_s1.jpg,sections/la_p12_s1.jpg,plain_negative
sections/calc_p17_s1.jpg,sections/la_p12_s2.jpg,plain_negative
sections/calc_p17_s1.jpg,sections/la_p12_s3.jpg,plain_negative
sections/calc_p17_s1.jpg,sections/la_p13_s1.jpg,plain_negative
sections/calc_p17_s1.jpg,sections/la_p13_s2.jpg,plain_negative
sections/calc_p17_s1.jpg,sections/la_p13_s3.jpg,plain_negative
sections/calc_p17_s1.jpg,sections/la_p13_s4.jpg,plain_negative
sections/calc_p17_s1.jpg,sections/la_p13_s5.jpg,plain_negative
sections/calc_p17_s1.jpg,sections/la_p13_s6.jpg,plain_negative
sections/calc_p17_s1.jpg,sections/la_p14_s1.jpg,plain_negative
sections/calc_p17_s1.jpg,sections/la_p14_s2.jpg,plain_negative
sections/calc_p17_s1.jpg,sections/la_p14_s3.jpg,plain_negative
sections/calc_p17_s1.jpg,sections/la_p14_s4.jpg,plain_negative
sections/calc_p17_s1.jpg,sections/la_p14_s5.jpg,plain_negative
sections/calc_p17_s1.jpg,sections/la_p15_s1.jpg,plain_negative
sections/calc_p17_s1.jpg,sections/la_p15_s2.jpg,plain_negative
sections/calc_p17_s1.jpg,sections/la_p16_s1.jpg,plain_negative
sections/calc_p17_s1.jpg,sections/la_p16_s2.jpg,plain_negative
sections/calc_p17_s1.jpg,sections/la_p16_s3.jpg,plain_negative
sections/calc_p17_s1.jpg,sections/la_p16_s4.jpg,plain_negative
sections/calc_p17_s1.jpg,sections/la_p16_s5.jpg,plain_negative
sections/calc_p17_s1.jpg,sections/la_p17_s1.jpg,plain_negative
sections/calc_p17_s1.jpg,sections/la_p17_s2.jpg,plain_negative
sections/calc_p17_s1.jpg,sections/la_p17_s3.jpg,plain_negative
sections/calc_p17_s1.jpg,sections/la_p17_s4.jpg,plain_negative
sections/calc_p17_s1.jpg,sections/la_p17_s6.jpg,plain_negative
sections/calc_p17_s1.jpg,sections/la_p18_s2.jpg,plain_negative
sections/calc_p17_s1.jpg,sections/la_p18_s4.jpg,plain_negative
sections/calc_p17_s1.jpg,sections/la_p18_s5.jpg,plain_negative
sections/calc_p17_s1.jpg,sections/la_p18_s7.jpg,plain_negative
sections/calc_p17_s1.jpg,sections/la_p19_s1.jpg,plain_negative
sections/calc_p17_s1.jpg,sections/la_p19_s2.jpg,plain_negative
sections/calc_p17_s1.jpg,sections/la_p19_s4.jpg,plain_negative
sections/calc_p17_s2.jpg,sections/calc_p17_s3.jpg,soft_positive
sections/calc_p17_s2.jpg,sections/calc_p17_s4.jpg,topic_positive
sections/calc_p17_s2.jpg,sections/calc_p18_s2.jpg,soft_positive
sections/calc_p17_s2.jpg,sections/calc_p18_s3.jpg,soft_positive
sections/calc_p17_s2.jpg,sections/calc_p18_s4.jpg,soft_positive
sections/calc_p17_s2.jpg,sections/calc_p18_s5.jpg,soft_positive
sections/calc_p17_s2.jpg,sections/calc_p19_s1.jpg,plain_negative
sections/calc_p17_s2.jpg,sections/calc_p19_s2.jpg,plain_negative
sections/calc_p17_s2.jpg,sections/calc_p20_s2.jpg,plain_negative
sections/calc_p17_s2.jpg,sections/calc_p21_s1.jpg,plain_negative
sections/calc_p17_s2.jpg,sections/calc_p21_s2.jpg,plain_negative
sections/calc_p17_s2.jpg,sections/la_p1_s1.jpg,plain_negative
sections/calc_p17_s2.jpg,sections/la_p1_s2.jpg,plain_negative
sections/calc_p17_s2.jpg,sections/la_p1_s3.jpg,plain_negative
sections/calc_p17_s2.jpg,sections/la_p1_s4.jpg,plain_negative
sections/calc_p17_s2.jpg,sections/la_p1_s5.jpg,plain_negative
sections/calc_p17_s2.jpg,sections/la_p2_s1.jpg,plain_negative
sections/calc_p17_s2.jpg,sections/la_p2_s2.jpg,plain_negative
sections/calc_p17_s2.jpg,sections/la_p2_s3.jpg,plain_negative
sections/calc_p17_s2.jpg,sections/la_p2_s4.jpg,plain_negative
sections/calc_p17_s2.jpg,sections/la_p3_s1.jpg,plain_negative
sections/calc_p17_s2.jpg,sections/la_p3_s2.jpg,plain_negative
sections/calc_p17_s2.jpg,sections/la_p3_s3.jpg,plain_negative
sections/calc_p17_s2.jpg,sections/la_p3_s4.jpg,plain_negative
sections/calc_p17_s2.jpg,sections/la_p5_s1.jpg,plain_negative
sections/calc_p17_s2.jpg,sections/la_p5_s2.jpg,plain_negative
sections/calc_p17_s2.jpg,sections/la_p5_s3.jpg,plain_negative
sections/calc_p17_s2.jpg,sections/la_p6_s1.jpg,plain_negative
sections/calc_p17_s2.jpg,sections/la_p6_s3.jpg,plain_negative
sections/calc_p17_s2.jpg,sections/la_p7_s1.jpg,plain_negative
sections/calc_p17_s2.jpg,sections/la_p7_s2.jpg,plain_negative
sections/calc_p17_s2.jpg,sections/la_p7_s3.jpg,plain_negative
sections/calc_p17_s2.jpg,sections/la_p8_s1.jpg,plain_negative
sections/calc_p17_s2.jpg,sections/la_p8_s2.jpg,plain_negative
sections/calc_p17_s2.jpg,sections/la_p8_s3.jpg,plain_negative
sections/calc_p17_s2.jpg,sections/la_p8_s4.jpg,plain_negative
sections/calc_p17_s2.jpg,sections/la_p9_s1.jpg,plain_negative
sections/calc_p17_s2.jpg,sections/la_p9_s2.jpg,plain_negative
sections/calc_p17_s2.jpg,sections/la_p9_s3.jpg,plain_negative
sections/calc_p17_s2.jpg,sections/la_p9_s5.jpg,plain_negative
sections/calc_p17_s2.jpg,sections/la_p10_s1.jpg,plain_negative
sections/calc_p17_s2.jpg,sections/la_p10_s2.jpg,plain_negative
sections/calc_p17_s2.jpg,sections/la_p10_s3.jpg,plain_negative
sections/calc_p17_s2.jpg,sections/la_p10_s4.jpg,plain_negative
sections/calc_p17_s2.jpg,sections/la_p10_s6.jpg,plain_negative
sections/calc_p17_s2.jpg,sections/la_p11_s1.jpg,plain_negative
sections/calc_p17_s2.jpg,sections/la_p11_s2.jpg,plain_negative
sections/calc_p17_s2.jpg,sections/la_p11_s4.jpg,plain_negative
sections/calc_p17_s2.jpg,sections/la_p11_s6.jpg,plain_negative
sections/calc_p17_s2.jpg,sections/la_p12_s1.jpg,plain_negative
sections/calc_p17_s2.jpg,sections/la_p12_s2.jpg,plain_negative
sections/calc_p17_s2.jpg,sections/la_p12_s3.jpg,plain_negative
sections/calc_p17_s2.jpg,sections/la_p13_s1.jpg,plain_negative
sections/calc_p17_s2.jpg,sections/la_p13_s2.jpg,plain_negative
sections/calc_p17_s2.jpg,sections/la_p13_s3.jpg,plain_negative
sections/calc_p17_s2.jpg,sections/la_p13_s4.jpg,plain_negative
sections/calc_p17_s2.jpg,sections/la_p13_s5.jpg,plain_negative
sections/calc_p17_s2.jpg,sections/la_p13_s6.jpg,plain_negative
sections/calc_p17_s2.jpg,sections/la_p14_s1.jpg,plain_negative
sections/calc_p17_s2.jpg,sections/la_p14_s2.jpg,plain_negative
sections/calc_p17_s2.jpg,sections/la_p14_s3.jpg,plain_negative
sections/calc_p17_s2.jpg,sections/la_p14_s4.jpg,plain_negative
sections/calc_p17_s2.jpg,sections/la_p14_s5.jpg,plain_negative
sections/calc_p17_s2.jpg,sections/la_p15_s1.jpg,plain_negative
sections/calc_p17_s2.jpg,sections/la_p15_s2.jpg,plain_negative
sections/calc_p17_s2.jpg,sections/la_p16_s1.jpg,plain_negative
sections/calc_p17_s2.jpg,sections/la_p16_s2.jpg,plain_negative
sections/calc_p17_s2.jpg,sections/la_p16_s3.jpg,plain_negative
sections/calc_p17_s2.jpg,sections/la_p16_s4.jpg,plain_negative
sections/calc_p17_s2.jpg,sections/la_p16_s5.jpg,plain_negative
sections/calc_p17_s2.jpg,sections/la_p17_s1.jpg,plain_negative
sections/calc_p17_s2.jpg,sections/la_p17_s2.jpg,plain_negative
sections/calc_p17_s2.jpg,sections/la_p17_s3.jpg,plain_negative
sections/calc_p17_s2.jpg,sections/la_p17_s4.jpg,plain_negative
sections/calc_p17_s2.jpg,sections/la_p17_s6.jpg,plain_negative
sections/calc_p17_s2.jpg,sections/la_p18_s2.jpg,plain_negative
sections/calc_p17_s2.jpg,sections/la_p18_s4.jpg,plain_negative
sections/calc_p17_s2.jpg,sections/la_p18_s5.jpg,plain_negative
sections/calc_p17_s2.jpg,sections/la_p18_s7.jpg,plain_negative
sections/calc_p17_s2.jpg,sections/la_p19_s1.jpg,plain_negative
sections/calc_p17_s2.jpg,sections/la_p19_s2.jpg,plain_negative
sections/calc_p17_s2.jpg,sections/la_p19_s4.jpg,plain_negative
sections/calc_p17_s3.jpg,sections/calc_p17_s4.jpg,soft_positive
sections/calc_p17_s3.jpg,sections/calc_p18_s2.jpg,soft_positive
sections/calc_p17_s3.jpg,sections/calc_p18_s3.jpg,soft_positive
sections/calc_p17_s3.jpg,sections/calc_p18_s4.jpg,soft_positive
sections/calc_p17_s3.jpg,sections/calc_p18_s5.jpg,soft_positive
sections/calc_p17_s3.jpg,sections/calc_p19_s1.jpg,plain_negative
sections/calc_p17_s3.jpg,sections/calc_p19_s2.jpg,plain_negative
sections/calc_p17_s3.jpg,sections/calc_p20_s2.jpg,plain_negative
sections/calc_p17_s3.jpg,sections/calc_p21_s1.jpg,plain_negative
sections/calc_p17_s3.jpg,sections/calc_p21_s2.jpg,plain_negative
sections/calc_p17_s3.jpg,sections/la_p1_s1.jpg,plain_negative
sections/calc_p17_s3.jpg,sections/la_p1_s2.jpg,plain_negative
sections/calc_p17_s3.jpg,sections/la_p1_s3.jpg,plain_negative
sections/calc_p17_s3.jpg,sections/la_p1_s4.jpg,plain_negative
sections/calc_p17_s3.jpg,sections/la_p1_s5.jpg,plain_negative
sections/calc_p17_s3.jpg,sections/la_p2_s1.jpg,plain_negative
sections/calc_p17_s3.jpg,sections/la_p2_s2.jpg,plain_negative
sections/calc_p17_s3.jpg,sections/la_p2_s3.jpg,plain_negative
sections/calc_p17_s3.jpg,sections/la_p2_s4.jpg,plain_negative
sections/calc_p17_s3.jpg,sections/la_p3_s1.jpg,plain_negative
sections/calc_p17_s3.jpg,sections/la_p3_s2.jpg,plain_negative
sections/calc_p17_s3.jpg,sections/la_p3_s3.jpg,plain_negative
sections/calc_p17_s3.jpg,sections/la_p3_s4.jpg,plain_negative
sections/calc_p17_s3.jpg,sections/la_p5_s1.jpg,plain_negative
sections/calc_p17_s3.jpg,sections/la_p5_s2.jpg,plain_negative
sections/calc_p17_s3.jpg,sections/la_p5_s3.jpg,plain_negative
sections/calc_p17_s3.jpg,sections/la_p6_s1.jpg,plain_negative
sections/calc_p17_s3.jpg,sections/la_p6_s3.jpg,plain_negative
sections/calc_p17_s3.jpg,sections/la_p7_s1.jpg,plain_negative
sections/calc_p17_s3.jpg,sections/la_p7_s2.jpg,plain_negative
sections/calc_p17_s3.jpg,sections/la_p7_s3.jpg,plain_negative
sections/calc_p17_s3.jpg,sections/la_p8_s1.jpg,plain_negative
sections/calc_p17_s3.jpg,sections/la_p8_s2.jpg,plain_negative
sections/calc_p17_s3.jpg,sections/la_p8_s3.jpg,plain_negative
sections/calc_p17_s3.jpg,sections/la_p8_s4.jpg,plain_negative
sections/calc_p17_s3.jpg,sections/la_p9_s1.jpg,plain_negative
sections/calc_p17_s3.jpg,sections/la_p9_s2.jpg,plain_negative
sections/calc_p17_s3.jpg,sections/la_p9_s3.jpg,plain_negative
sections/calc_p17_s3.jpg,sections/la_p9_s5.jpg,plain_negative
sections/calc_p17_s3.jpg,sections/la_p10_s1.jpg,plain_negative
sections/calc_p17_s3.jpg,sections/la_p10_s2.jpg,plain_negative
sections/calc_p17_s3.jpg,sections/la_p10_s3.jpg,plain_negative
sections/calc_p17_s3.jpg,sections/la_p10_s4.jpg,plain_negative
sections/calc_p17_s3.jpg,sections/la_p10_s6.jpg,plain_negative
sections/calc_p17_s3.jpg,sections/la_p11_s1.jpg,plain_negative
sections/calc_p17_s3.jpg,sections/la_p11_s2.jpg,plain_negative
sections/calc_p17_s3.jpg,sections/la_p11_s4.jpg,plain_negative
sections/calc_p17_s3.jpg,sections/la_p11_s6.jpg,plain_negative
sections/calc_p17_s3.jpg,sections/la_p12_s1.jpg,plain_negative
sections/calc_p17_s3.jpg,sections/la_p12_s2.jpg,plain_negative
sections/calc_p17_s3.jpg,sections/la_p12_s3.jpg,plain_negative
sections/calc_p17_s3.jpg,sections/la_p13_s1.jpg,plain_negative
sections/calc_p17_s3.jpg,sections/la_p13_s2.jpg,plain_negative
sections/calc_p17_s3.jpg,sections/la_p13_s3.jpg,plain_negative
sections/calc_p17_s3.jpg,sections/la_p13_s4.jpg,plain_negative
sections/calc_p17_s3.jpg,sections/la_p13_s5.jpg,plain_negative
sections/calc_p17_s3.jpg,sections/la_p13_s6.jpg,plain_negative
sections/calc_p17_s3.jpg,sections/la_p14_s1.jpg,plain_negative
sections/calc_p17_s3.jpg,sections/la_p14_s2.jpg,plain_negative
sections/calc_p17_s3.jpg,sections/la_p14_s3.jpg,plain_negative
sections/calc_p17_s3.jpg,sections/la_p14_s4.jpg,plain_negative
sections/calc_p17_s3.jpg,sections/la_p14_s5.jpg,plain_negative
sections/calc_p17_s3.jpg,sections/la_p15_s1.jpg,plain_negative
sections/calc_p17_s3.jpg,sections/la_p15_s2.jpg,plain_negative
sections/calc_p17_s3.jpg,sections/la_p16_s1.jpg,plain_negative
sections/calc_p17_s3.jpg,sections/la_p16_s2.jpg,plain_negative
sections/calc_p17_s3.jpg,sections/la_p16_s3.jpg,plain_negative
sections/calc_p17_s3.jpg,sections/la_p16_s4.jpg,plain_negative
sections/calc_p17_s3.jpg,sections/la_p16_s5.jpg,plain_negative
sections/calc_p17_s3.jpg,sections/la_p17_s1.jpg,plain_negative
sections/calc_p17_s3.jpg,sections/la_p17_s2.jpg,plain_negative
sections/calc_p17_s3.jpg,sections/la_p17_s3.jpg,plain_negative
sections/calc_p17_s3.jpg,sections/la_p17_s4.jpg,plain_negative
sections/calc_p17_s3.jpg,sections/la_p17_s6.jpg,plain_negative
sections/calc_p17_s3.jpg,sections/la_p18_s2.jpg,plain_negative
sections/calc_p17_s3.jpg,sections/la_p18_s4.jpg,plain_negative
sections/calc_p17_s3.jpg,sections/la_p18_s5.jpg,plain_negative
sections/calc_p17_s3.jpg,sections/la_p18_s7.jpg,plain_negative
sections/calc_p17_s3.jpg,sections/la_p19_s1.jpg,plain_negative
sections/calc_p17_s3.jpg,sections/la_p19_s2.jpg,plain_negative
sections/calc_p17_s3.jpg,sections/la_p19_s4.jpg,plain_negative
sections/calc_p17_s4.jpg,sections/calc_p18_s2.jpg,soft_positive
sections/calc_p17_s4.jpg,sections/calc_p18_s3.jpg,soft_positive
sections/calc_p17_s4.jpg,sections/calc_p18_s4.jpg,soft_positive
sections/calc_p17_s4.jpg,sections/calc_p18_s5.jpg,soft_positive
sections/calc_p17_s4.jpg,sections/calc_p19_s1.jpg,plain_negative
sections/calc_p17_s4.jpg,sections/calc_p19_s2.jpg,plain_negative
sections/calc_p17_s4.jpg,sections/calc_p20_s2.jpg,plain_negative
sections/calc_p17_s4.jpg,sections/calc_p21_s1.jpg,plain_negative
sections/calc_p17_s4.jpg,sections/calc_p21_s2.jpg,plain_negative
sections/calc_p17_s4.jpg,sections/la_p1_s1.jpg,plain_negative
sections/calc_p17_s4.jpg,sections/la_p1_s2.jpg,plain_negative
sections/calc_p17_s4.jpg,sections/la_p1_s3.jpg,plain_negative
sections/calc_p17_s4.jpg,sections/la_p1_s4.jpg,plain_negative
sections/calc_p17_s4.jpg,sections/la_p1_s5.jpg,plain_negative
sections/calc_p17_s4.jpg,sections/la_p2_s1.jpg,plain_negative
sections/calc_p17_s4.jpg,sections/la_p2_s2.jpg,plain_negative
sections/calc_p17_s4.jpg,sections/la_p2_s3.jpg,plain_negative
sections/calc_p17_s4.jpg,sections/la_p2_s4.jpg,plain_negative
sections/calc_p17_s4.jpg,sections/la_p3_s1.jpg,plain_negative
sections/calc_p17_s4.jpg,sections/la_p3_s2.jpg,plain_negative
sections/calc_p17_s4.jpg,sections/la_p3_s3.jpg,plain_negative
sections/calc_p17_s4.jpg,sections/la_p3_s4.jpg,plain_negative
sections/calc_p17_s4.jpg,sections/la_p5_s1.jpg,plain_negative
sections/calc_p17_s4.jpg,sections/la_p5_s2.jpg,plain_negative
sections/calc_p17_s4.jpg,sections/la_p5_s3.jpg,plain_negative
sections/calc_p17_s4.jpg,sections/la_p6_s1.jpg,plain_negative
sections/calc_p17_s4.jpg,sections/la_p6_s3.jpg,plain_negative
sections/calc_p17_s4.jpg,sections/la_p7_s1.jpg,plain_negative
sections/calc_p17_s4.jpg,sections/la_p7_s2.jpg,plain_negative
sections/calc_p17_s4.jpg,sections/la_p7_s3.jpg,plain_negative
sections/calc_p17_s4.jpg,sections/la_p8_s1.jpg,plain_negative
sections/calc_p17_s4.jpg,sections/la_p8_s2.jpg,plain_negative
sections/calc_p17_s4.jpg,sections/la_p8_s3.jpg,plain_negative
sections/calc_p17_s4.jpg,sections/la_p8_s4.jpg,plain_negative
sections/calc_p17_s4.jpg,sections/la_p9_s1.jpg,plain_negative
sections/calc_p17_s4.jpg,sections/la_p9_s2.jpg,plain_negative
sections/calc_p17_s4.jpg,sections/la_p9_s3.jpg,plain_negative
sections/calc_p17_s4.jpg,sections/la_p9_s5.jpg,plain_negative
sections/calc_p17_s4.jpg,sections/la_p10_s1.jpg,plain_negative
sections/calc_p17_s4.jpg,sections/la_p10_s2.jpg,plain_negative
sections/calc_p17_s4.jpg,sections/la_p10_s3.jpg,plain_negative
sections/calc_p17_s4.jpg,sections/la_p10_s4.jpg,plain_negative
sections/calc_p17_s4.jpg,sections/la_p10_s6.jpg,plain_negative
sections/calc_p17_s4.jpg,sections/la_p11_s1.jpg,plain_negative
sections/calc_p17_s4.jpg,sections/la_p11_s2.jpg,plain_negative
sections/calc_p17_s4.jpg,sections/la_p11_s4.jpg,plain_negative
sections/calc_p17_s4.jpg,sections/la_p11_s6.jpg,plain_negative
sections/calc_p17_s4.jpg,sections/la_p12_s1.jpg,plain_negative
sections/calc_p17_s4.jpg,sections/la_p12_s2.jpg,plain_negative
sections/calc_p17_s4.jpg,sections/la_p12_s3.jpg,plain_negative
sections/calc_p17_s4.jpg,sections/la_p13_s1.jpg,plain_negative
sections/calc_p17_s4.jpg,sections/la_p13_s2.jpg,plain_negative
sections/calc_p17_s4.jpg,sections/la_p13_s3.jpg,plain_negative
sections/calc_p17_s4.jpg,sections/la_p13_s4.jpg,plain_negative
sections/calc_p17_s4.jpg,sections/la_p13_s5.jpg,plain_negative
sections/calc_p17_s4.jpg,sections/la_p13_s6.jpg,plain_negative
sections/calc_p17_s4.jpg,sections/la_p14_s1.jpg,plain_negative
sections/calc_p17_s4.jpg,sections/la_p14_s2.jpg,plain_negative
sections/calc_p17_s4.jpg,sections/la_p14_s3.jpg,plain_negative
sections/calc_p17_s4.jpg,sections/la_p14_s4.jpg,plain_negative
sections/calc_p17_s4.jpg,sections/la_p14_s5.jpg,plain_negative
sections/calc_p17_s4.jpg,sections/la_p15_s1.jpg,plain_negative
sections/calc_p17_s4.jpg,sections/la_p15_s2.jpg,plain_negative
sections/calc_p17_s4.jpg,sections/la_p16_s1.jpg,plain_negative
sections/calc_p17_s4.jpg,sections/la_p16_s2.jpg,plain_negative
sections/calc_p17_s4.jpg,sections/la_p16_s3.jpg,plain_negative
sections/calc_p17_s4.jpg,sections/la_p16_s4.jpg,plain_negative
sections/calc_p17_s4.jpg,sections/la_p16_s5.jpg,plain_negative
sections/calc_p17_s4.jpg,sections/la_p17_s1.jpg,plain_negative
sections/calc_p17_s4.jpg,sections/la_p17_s2.jpg,plain_negative
sections/calc_p17_s4.jpg,sections/la_p17_s3.jpg,plain_negative
sections/calc_p17_s4.jpg,sections/la_p17_s4.jpg,plain_negative
sections/calc_p17_s4.jpg,sections/la_p17_s6.jpg,plain_negative
sections/calc_p17_s4.jpg,sections/la_p18_s2.jpg,plain_negative
sections/calc_p17_s4.jpg,sections/la_p18_s4.jpg,plain_negative
sections/calc_p17_s4.jpg,sections/la_p18_s5.jpg,plain_negative
sections/calc_p17_s4.jpg,sections/la_p18_s7.jpg,plain_negative
sections/calc_p17_s4.jpg,sections/la_p19_s1.jpg,plain_negative
sections/calc_p17_s4.jpg,sections/la_p19_s2.jpg,plain_negative
sections/calc_p17_s4.jpg,sections/la_p19_s4.jpg,plain_negative
sections/calc_p18_s2.jpg,sections/calc_p18_s3.jpg,soft_positive
sections/calc_p18_s2.jpg,sections/calc_p18_s4.jpg,soft_positive
sections/calc_p18_s2.jpg,sections/calc_p18_s5.jpg,soft_positive
sections/calc_p18_s2.jpg,sections/calc_p19_s1.jpg,plain_negative
sections/calc_p18_s2.jpg,sections/calc_p19_s2.jpg,plain_negative
sections/calc_p18_s2.jpg,sections/calc_p20_s2.jpg,plain_negative
sections/calc_p18_s2.jpg,sections/calc_p21_s1.jpg,plain_negative
sections/calc_p18_s2.jpg,sections/calc_p21_s2.jpg,plain_negative
sections/calc_p18_s2.jpg,sections/la_p1_s1.jpg,plain_negative
sections/calc_p18_s2.jpg,sections/la_p1_s2.jpg,plain_negative
sections/calc_p18_s2.jpg,sections/la_p1_s3.jpg,plain_negative
sections/calc_p18_s2.jpg,sections/la_p1_s4.jpg,plain_negative
sections/calc_p18_s2.jpg,sections/la_p1_s5.jpg,plain_negative
sections/calc_p18_s2.jpg,sections/la_p2_s1.jpg,plain_negative
sections/calc_p18_s2.jpg,sections/la_p2_s2.jpg,plain_negative
sections/calc_p18_s2.jpg,sections/la_p2_s3.jpg,plain_negative
sections/calc_p18_s2.jpg,sections/la_p2_s4.jpg,plain_negative
sections/calc_p18_s2.jpg,sections/la_p3_s1.jpg,plain_negative
sections/calc_p18_s2.jpg,sections/la_p3_s2.jpg,plain_negative
sections/calc_p18_s2.jpg,sections/la_p3_s3.jpg,plain_negative
sections/calc_p18_s2.jpg,sections/la_p3_s4.jpg,plain_negative
sections/calc_p18_s2.jpg,sections/la_p5_s1.jpg,plain_negative
sections/calc_p18_s2.jpg,sections/la_p5_s2.jpg,plain_negative
sections/calc_p18_s2.jpg,sections/la_p5_s3.jpg,plain_negative
sections/calc_p18_s2.jpg,sections/la_p6_s1.jpg,plain_negative
sections/calc_p18_s2.jpg,sections/la_p6_s3.jpg,plain_negative
sections/calc_p18_s2.jpg,sections/la_p7_s1.jpg,plain_negative
sections/calc_p18_s2.jpg,sections/la_p7_s2.jpg,plain_negative
sections/calc_p18_s2.jpg,sections/la_p7_s3.jpg,plain_negative
sections/calc_p18_s2.jpg,sections/la_p8_s1.jpg,plain_negative
sections/calc_p18_s2.jpg,sections/la_p8_s2.jpg,plain_negative
sections/calc_p18_s2.jpg,sections/la_p8_s3.jpg,plain_negative
sections/calc_p18_s2.jpg,sections/la_p8_s4.jpg,plain_negative
sections/calc_p18_s2.jpg,sections/la_p9_s1.jpg,plain_negative
sections/calc_p18_s2.jpg,sections/la_p9_s2.jpg,plain_negative
sections/calc_p18_s2.jpg,sections/la_p9_s3.jpg,plain_negative
sections/calc_p18_s2.jpg,sections/la_p9_s5.jpg,plain_negative
sections/calc_p18_s2.jpg,sections/la_p10_s1.jpg,plain_negative
sections/calc_p18_s2.jpg,sections/la_p10_s2.jpg,plain_negative
sections/calc_p18_s2.jpg,sections/la_p10_s3.jpg,plain_negative
sections/calc_p18_s2.jpg,sections/la_p10_s4.jpg,plain_negative
sections/calc_p18_s2.jpg,sections/la_p10_s6.jpg,plain_negative
sections/calc_p18_s2.jpg,sections/la_p11_s1.jpg,plain_negative
sections/calc_p18_s2.jpg,sections/la_p11_s2.jpg,plain_negative
sections/calc_p18_s2.jpg,sections/la_p11_s4.jpg,plain_negative
sections/calc_p18_s2.jpg,sections/la_p11_s6.jpg,plain_negative
sections/calc_p18_s2.jpg,sections/la_p12_s1.jpg,plain_negative
sections/calc_p18_s2.jpg,sections/la_p12_s2.jpg,plain_negative
sections/calc_p18_s2.jpg,sections/la_p12_s3.jpg,plain_negative
sections/calc_p18_s2.jpg,sections/la_p13_s1.jpg,plain_negative
sections/calc_p18_s2.jpg,sections/la_p13_s2.jpg,plain_negative
sections/calc_p18_s2.jpg,sections/la_p13_s3.jpg,plain_negative
sections/calc_p18_s2.jpg,sections/la_p13_s4.jpg,plain_negative
sections/calc_p18_s2.jpg,sections/la_p13_s5.jpg,plain_negative
sections/calc_p18_s2.jpg,sections/la_p13_s6.jpg,plain_negative
sections/calc_p18_s2.jpg,sections/la_p14_s1.jpg,plain_negative
sections/calc_p18_s2.jpg,sections/la_p14_s2.jpg,plain_negative
sections/calc_p18_s2.jpg,sections/la_p14_s3.jpg,plain_negative
sections/calc_p18_s2.jpg,sections/la_p14_s4.jpg,plain_negative
sections/calc_p18_s2.jpg,sections/la_p14_s5.jpg,plain_negative
sections/calc_p18_s2.jpg,sections/la_p15_s1.jpg,plain_negative
sections/calc_p18_s2.jpg,sections/la_p15_s2.jpg,plain_negative
sections/calc_p18_s2.jpg,sections/la_p16_s1.jpg,plain_negative
sections/calc_p18_s2.jpg,sections/la_p16_s2.jpg,plain_negative
sections/calc_p18_s2.jpg,sections/la_p16_s3.jpg,plain_negative
sections/calc_p18_s2.jpg,sections/la_p16_s4.jpg,plain_negative
sections/calc_p18_s2.jpg,sections/la_p16_s5.jpg,plain_negative
sections/calc_p18_s2.jpg,sections/la_p17_s1.jpg,plain_negative
sections/calc_p18_s2.jpg,sections/la_p17_s2.jpg,plain_negative
sections/calc_p18_s2.jpg,sections/la_p17_s3.jpg,plain_negative
sections/calc_p18_s2.jpg,sections/la_p17_s4.jpg,plain_negative
sections/calc_p18_s2.jpg,sections/la_p17_s6.jpg,plain_negative
sections/calc_p18_s2.jpg,sections/la_p18_s2.jpg,plain_negative
sections/calc_p18_s2.jpg,sections/la_p18_s4.jpg,plain_negative
sections/calc_p18_s2.jpg,sections/la_p18_s5.jpg,plain_negative
sections/calc_p18_s2.jpg,sections/la_p18_s7.jpg,plain_negative
sections/calc_p18_s2.jpg,sections/la_p19_s1.jpg,plain_negative
sections/calc_p18_s2.jpg,sections/la_p19_s2.jpg,plain_negative
sections/calc_p18_s2.jpg,sections/la_p19_s4.jpg,plain_negative
sections/calc_p18_s3.jpg,sections/calc_p18_s4.jpg,soft_positive
sections/calc_p18_s3.jpg,sections/calc_p18_s5.jpg,topic_positive
sections/calc_p18_s3.jpg,sections/calc_p19_s1.jpg,plain_negative
sections/calc_p18_s3.jpg,sections/calc_p19_s2.jpg,plain_negative
sections/calc_p18_s3.jpg,sections/calc_p20_s2.jpg,plain_negative
sections/calc_p18_s3.jpg,sections/calc_p21_s1.jpg,plain_negative
sections/calc_p18_s3.jpg,sections/calc_p21_s2.jpg,plain_negative
sections/calc_p18_s3.jpg,sections/la_p1_s1.jpg,plain_negative
sections/calc_p18_s3.jpg,sections/la_p1_s2.jpg,plain_negative
sections/calc_p18_s3.jpg,sections/la_p1_s3.jpg,plain_negative
sections/calc_p18_s3.jpg,sections/la_p1_s4.jpg,plain_negative
sections/calc_p18_s3.jpg,sections/la_p1_s5.jpg,plain_negative
sections/calc_p18_s3.jpg,sections/la_p2_s1.jpg,plain_negative
sections/calc_p18_s3.jpg,sections/la_p2_s2.jpg,plain_negative
sections/calc_p18_s3.jpg,sections/la_p2_s3.jpg,plain_negative
sections/calc_p18_s3.jpg,sections/la_p2_s4.jpg,plain_negative
sections/calc_p18_s3.jpg,sections/la_p3_s1.jpg,plain_negative
sections/calc_p18_s3.jpg,sections/la_p3_s2.jpg,plain_negative
sections/calc_p18_s3.jpg,sections/la_p3_s3.jpg,plain_negative
sections/calc_p18_s3.jpg,sections/la_p3_s4.jpg,plain_negative
sections/calc_p18_s3.jpg,sections/la_p5_s1.jpg,plain_negative
sections/calc_p18_s3.jpg,sections/la_p5_s2.jpg,plain_negative
sections/calc_p18_s3.jpg,sections/la_p5_s3.jpg,plain_negative
sections/calc_p18_s3.jpg,sections/la_p6_s1.jpg,plain_negative
sections/calc_p18_s3.jpg,sections/la_p6_s3.jpg,plain_negative
sections/calc_p18_s3.jpg,sections/la_p7_s1.jpg,plain_negative
sections/calc_p18_s3.jpg,sections/la_p7_s2.jpg,plain_negative
sections/calc_p18_s3.jpg,sections/la_p7_s3.jpg,plain_negative
sections/calc_p18_s3.jpg,sections/la_p8_s1.jpg,plain_negative
sections/calc_p18_s3.jpg,sections/la_p8_s2.jpg,plain_negative
sections/calc_p18_s3.jpg,sections/la_p8_s3.jpg,plain_negative
sections/calc_p18_s3.jpg,sections/la_p8_s4.jpg,plain_negative
sections/calc_p18_s3.jpg,sections/la_p9_s1.jpg,plain_negative
sections/calc_p18_s3.jpg,sections/la_p9_s2.jpg,plain_negative
sections/calc_p18_s3.jpg,sections/la_p9_s3.jpg,plain_negative
sections/calc_p18_s3.jpg,sections/la_p9_s5.jpg,plain_negative
sections/calc_p18_s3.jpg,sections/la_p10_s1.jpg,plain_negative
sections/calc_p18_s3.jpg,sections/la_p10_s2.jpg,plain_negative
sections/calc_p18_s3.jpg,sections/la_p10_s3.jpg,plain_negative
sections/calc_p18_s3.jpg,sections/la_p10_s4.jpg,plain_negative
sections/calc_p18_s3.jpg,sections/la_p10_s6.jpg,plain_negative
sections/calc_p18_s3.jpg,sections/la_p11_s1.jpg,plain_negative
sections/calc_p18_s3.jpg,sections/la_p11_s2.jpg,plain_negative
sections/calc_p18_s3.jpg,sections/la_p11_s4.jpg,plain_negative
sections/calc_p18_s3.jpg,sections/la_p11_s6.jpg,plain_negative
sections/calc_p18_s3.jpg,sections/la_p12_s1.jpg,plain_negative
sections/calc_p18_s3.jpg,sections/la_p12_s2.jpg,plain_negative
sections/calc_p18_s3.jpg,sections/la_p12_s3.jpg,plain_negative
sections/calc_p18_s3.jpg,sections/la_p13_s1.jpg,plain_negative
sections/calc_p18_s3.jpg,sections/la_p13_s2.jpg,plain_negative
sections/calc_p18_s3.jpg,sections/la_p13_s3.jpg,plain_negative
sections/calc_p18_s3.jpg,sections/la_p13_s4.jpg,plain_negative
sections/calc_p18_s3.jpg,sections/la_p13_s5.jpg,plain_negative
sections/calc_p18_s3.jpg,sections/la_p13_s6.jpg,plain_negative
sections/calc_p18_s3.jpg,sections/la_p14_s1.jpg,plain_negative
sections/calc_p18_s3.jpg,sections/la_p14_s2.jpg,plain_negative
sections/calc_p18_s3.jpg,sections/la_p14_s3.jpg,plain_negative
sections/calc_p18_s3.jpg,sections/la_p14_s4.jpg,plain_negative
sections/calc_p18_s3.jpg,sections/la_p14_s5.jpg,plain_negative
sections/calc_p18_s3.jpg,sections/la_p15_s1.jpg,plain_negative
sections/calc_p18_s3.jpg,sections/la_p15_s2.jpg,plain_negative
sections/calc_p18_s3.jpg,sections/la_p16_s1.jpg,plain_negative
sections/calc_p18_s3.jpg,sections/la_p16_s2.jpg,plain_negative
sections/calc_p18_s3.jpg,sections/la_p16_s3.jpg,plain_negative
sections/calc_p18_s3.jpg,sections/la_p16_s4.jpg,plain_negative
sections/calc_p18_s3.jpg,sections/la_p16_s5.jpg,plain_negative
sections/calc_p18_s3.jpg,sections/la_p17_s1.jpg,plain_negative
sections/calc_p18_s3.jpg,sections/la_p17_s2.jpg,plain_negative
sections/calc_p18_s3.jpg,sections/la_p17_s3.jpg,plain_negative
sections/calc_p18_s3.jpg,sections/la_p17_s4.jpg,plain_negative
sections/calc_p18_s3.jpg,sections/la_p17_s6.jpg,plain_negative
sections/calc_p18_s3.jpg,sections/la_p18_s2.jpg,plain_negative
sections/calc_p18_s3.jpg,sections/la_p18_s4.jpg,plain_negative
sections/calc_p18_s3.jpg,sections/la_p18_s5.jpg,plain_negative
sections/calc_p18_s3.jpg,sections/la_p18_s7.jpg,plain_negative
sections/calc_p18_s3.jpg,sections/la_p19_s1.jpg,plain_negative
sections/calc_p18_s3.jpg,sections/la_p19_s2.jpg,plain_negative
sections/calc_p18_s3.jpg,sections/la_p19_s4.jpg,plain_negative
sections/calc_p18_s4.jpg,sections/calc_p18_s5.jpg,soft_positive
sections/calc_p18_s4.jpg,sections/calc_p19_s1.jpg,plain_negative
sections/calc_p18_s4.jpg,sections/calc_p19_s2.jpg,plain_negative
sections/calc_p18_s4.jpg,sections/calc_p20_s2.jpg,plain_negative
sections/calc_p18_s4.jpg,sections/calc_p21_s1.jpg,plain_negative
sections/calc_p18_s4.jpg,sections/calc_p21_s2.jpg,plain_negative
sections/calc_p18_s4.jpg,sections/la_p1_s1.jpg,plain_negative
sections/calc_p18_s4.jpg,sections/la_p1_s2.jpg,plain_negative
sections/calc_p18_s4.jpg,sections/la_p1_s3.jpg,plain_negative
sections/calc_p18_s4.jpg,sections/la_p1_s4.jpg,plain_negative
sections/calc_p18_s4.jpg,sections/la_p1_s5.jpg,plain_negative
sections/calc_p18_s4.jpg,sections/la_p2_s1.jpg,plain_negative
sections/calc_p18_s4.jpg,sections/la_p2_s2.jpg,plain_negative
sections/calc_p18_s4.jpg,sections/la_p2_s3.jpg,plain_negative
sections/calc_p18_s4.jpg,sections/la_p2_s4.jpg,plain_negative
sections/calc_p18_s4.jpg,sections/la_p3_s1.jpg,plain_negative
sections/calc_p18_s4.jpg,sections/la_p3_s2.jpg,plain_negative
sections/calc_p18_s4.jpg,sections/la_p3_s3.jpg,plain_negative
sections/calc_p18_s4.jpg,sections/la_p3_s4.jpg,plain_negative
sections/calc_p18_s4.jpg,sections/la_p5_s1.jpg,plain_negative
sections/calc_p18_s4.jpg,sections/la_p5_s2.jpg,plain_negative
sections/calc_p18_s4.jpg,sections/la_p5_s3.jpg,plain_negative
sections/calc_p18_s4.jpg,sections/la_p6_s1.jpg,plain_negative
sections/calc_p18_s4.jpg,sections/la_p6_s3.jpg,plain_negative
sections/calc_p18_s4.jpg,sections/la_p7_s1.jpg,plain_negative
sections/calc_p18_s4.jpg,sections/la_p7_s2.jpg,plain_negative
sections/calc_p18_s4.jpg,sections/la_p7_s3.jpg,plain_negative
sections/calc_p18_s4.jpg,sections/la_p8_s1.jpg,plain_negative
sections/calc_p18_s4.jpg,sections/la_p8_s2.jpg,plain_negative
sections/calc_p18_s4.jpg,sections/la_p8_s3.jpg,plain_negative
sections/calc_p18_s4.jpg,sections/la_p8_s4.jpg,plain_negative
sections/calc_p18_s4.jpg,sections/la_p9_s1.jpg,plain_negative
sections/calc_p18_s4.jpg,sections/la_p9_s2.jpg,plain_negative
sections/calc_p18_s4.jpg,sections/la_p9_s3.jpg,plain_negative
sections/calc_p18_s4.jpg,sections/la_p9_s5.jpg,plain_negative
sections/calc_p18_s4.jpg,sections/la_p10_s1.jpg,plain_negative
sections/calc_p18_s4.jpg,sections/la_p10_s2.jpg,plain_negative
sections/calc_p18_s4.jpg,sections/la_p10_s3.jpg,plain_negative
sections/calc_p18_s4.jpg,sections/la_p10_s4.jpg,plain_negative
sections/calc_p18_s4.jpg,sections/la_p10_s6.jpg,plain_negative
sections/calc_p18_s4.jpg,sections/la_p11_s1.jpg,plain_negative
sections/calc_p18_s4.jpg,sections/la_p11_s2.jpg,plain_negative
sections/calc_p18_s4.jpg,sections/la_p11_s4.jpg,plain_negative
sections/calc_p18_s4.jpg,sections/la_p11_s6.jpg,plain_negative
sections/calc_p18_s4.jpg,sections/la_p12_s1.jpg,plain_negative
sections/calc_p18_s4.jpg,sections/la_p12_s2.jpg,plain_negative
sections/calc_p18_s4.jpg,sections/la_p12_s3.jpg,plain_negative
sections/calc_p18_s4.jpg,sections/la_p13_s1.jpg,plain_negative
sections/calc_p18_s4.jpg,sections/la_p13_s2.jpg,plain_negative
sections/calc_p18_s4.jpg,sections/la_p13_s3.jpg,plain_negative
sections/calc_p18_s4.jpg,sections/la_p13_s4.jpg,plain_negative
sections/calc_p18_s4.jpg,sections/la_p13_s5.jpg,plain_negative
sections/calc_p18_s4.jpg,sections/la_p13_s6.jpg,plain_negative
sections/calc_p18_s4.jpg,sections/la_p14_s1.jpg,plain_negative
sections/calc_p18_s4.jpg,sections/la_p14_s2.jpg,plain_negative
sections/calc_p18_s4.jpg,sections/la_p14_s3.jpg,plain_negative
sections/calc_p18_s4.jpg,sections/la_p14_s4.jpg,plain_negative
sections/calc_p18_s4.jpg,sections/la_p14_s5.jpg,plain_negative
sections/calc_p18_s4.jpg,sections/la_p15_s1.jpg,plain_negative
sections/calc_p18_s4.jpg,sections/la_p15_s2.jpg,plain_negative
sections/calc_p18_s4.jpg,sections/la_p16_s1.jpg,plain_negative
sections/calc_p18_s4.jpg,sections/la_p16_s2.jpg,plain_negative
sections/calc_p18_s4.jpg,sections/la_p16_s3.jpg,plain_negative
sections/calc_p18_s4.jpg,sections/la_p16_s4.jpg,plain_negative
sections/calc_p18_s4.jpg,sections/la_p16_s5.jpg,plain_negative
sections/calc_p18_s4.jpg,sections/la_p17_s1.jpg,plain_negative
sections/calc_p18_s4.jpg,sections/la_p17_s2.jpg,plain_negative
sections/calc_p18_s4.jpg,sections/la_p17_s3.jpg,plain_negative
sections/calc_p18_s4.jpg,sections/la_p17_s4.jpg,plain_negative
sections/calc_p18_s4.jpg,sections/la_p17_s6.jpg,plain_negative
sections/calc_p18_s4.jpg,sections/la_p18_s2.jpg,plain_negative
sections/calc_p18_s4.jpg,sections/la_p18_s4.jpg,plain_negative
sections/calc_p18_s4.jpg,sections/la_p18_s5.jpg,plain_negative
sections/calc_p18_s4.jpg,sections/la_p18_s7.jpg,plain_negative
sections/calc_p18_s4.jpg,sections/la_p19_s1.jpg,plain_negative
sections/calc_p18_s4.jpg,sections/la_p19_s2.jpg,plain_negative
sections/calc_p18_s4.jpg,sections/la_p19_s4.jpg,plain_negative
sections/calc_p18_s5.jpg,sections/calc_p19_s1.jpg,plain_negative
sections/calc_p18_s5.jpg,sections/calc_p19_s2.jpg,plain_negative
sections/calc_p18_s5.jpg,sections/calc_p20_s2.jpg,plain_negative
sections/calc_p18_s5.jpg,sections/calc_p21_s1.jpg,plain_negative
sections/calc_p18_s5.jpg,sections/calc_p21_s2.jpg,plain_negative
sections/calc_p18_s5.jpg,sections/la_p1_s1.jpg,plain_negative
sections/calc_p18_s5.jpg,sections/la_p1_s2.jpg,plain_negative
sections/calc_p18_s5.jpg,sections/la_p1_s3.jpg,plain_negative
sections/calc_p18_s5.jpg,sections/la_p1_s4.jpg,plain_negative
sections/calc_p18_s5.jpg,sections/la_p1_s5.jpg,plain_negative
sections/calc_p18_s5.jpg,sections/la_p2_s1.jpg,plain_negative
sections/calc_p18_s5.jpg,sections/la_p2_s2.jpg,plain_negative
sections/calc_p18_s5.jpg,sections/la_p2_s3.jpg,plain_negative
sections/calc_p18_s5.jpg,sections/la_p2_s4.jpg,plain_negative
sections/calc_p18_s5.jpg,sections/la_p3_s1.jpg,plain_negative
sections/calc_p18_s5.jpg,sections/la_p3_s2.jpg,plain_negative
sections/calc_p18_s5.jpg,sections/la_p3_s3.jpg,plain_negative
sections/calc_p18_s5.jpg,sections/la_p3_s4.jpg,plain_negative
sections/calc_p18_s5.jpg,sections/la_p5_s1.jpg,plain_negative
sections/calc_p18_s5.jpg,sections/la_p5_s2.jpg,plain_negative
sections/calc_p18_s5.jpg,sections/la_p5_s3.jpg,plain_negative
sections/calc_p18_s5.jpg,sections/la_p6_s1.jpg,plain_negative
sections/calc_p18_s5.jpg,sections/la_p6_s3.jpg,plain_negative
sections/calc_p18_s5.jpg,sections/la_p7_s1.jpg,plain_negative
sections/calc_p18_s5.jpg,sections/la_p7_s2.jpg,plain_negative
sections/calc_p18_s5.jpg,sections/la_p7_s3.jpg,plain_negative
sections/calc_p18_s5.jpg,sections/la_p8_s1.jpg,plain_negative
sections/calc_p18_s5.jpg,sections/la_p8_s2.jpg,plain_negative
sections/calc_p18_s5.jpg,sections/la_p8_s3.jpg,plain_negative
sections/calc_p18_s5.jpg,sections/la_p8_s4.jpg,plain_negative
sections/calc_p18_s5.jpg,sections/la_p9_s1.jpg,plain_negative
sections/calc_p18_s5.jpg,sections/la_p9_s2.jpg,plain_negative
sections/calc_p18_s5.jpg,sections/la_p9_s3.jpg,plain_negative
sections/calc_p18_s5.jpg,sections/la_p9_s5.jpg,plain_negative
sections/calc_p18_s5.jpg,sections/la_p10_s1.jpg,plain_negative
sections/calc_p18_s5.jpg,sections/la_p10_s2.jpg,plain_negative
sections/calc_p18_s5.jpg,sections/la_p10_s3.jpg,plain_negative
sections/calc_p18_s5.jpg,sections/la_p10_s4.jpg,plain_negative
sections/calc_p18_s5.jpg,sections/la_p10_s6.jpg,plain_negative
sections/calc_p18_s5.jpg,sections/la_p11_s1.jpg,plain_negative
sections/calc_p18_s5.jpg,sections/la_p11_s2.jpg,plain_negative
sections/calc_p18_s5.jpg,sections/la_p11_s4.jpg,plain_negative
sections/calc_p18_s5.jpg,sections/la_p11_s6.jpg,plain_negative
sections/calc_p18_s5.jpg,sections/la_p12_s1.jpg,plain_negative
sections/calc_p18_s5.jpg,sections/la_p12_s2.jpg,plain_negative
sections/calc_p18_s5.jpg,sections/la_p12_s3.jpg,plain_negative
sections/calc_p18_s5.jpg,sections/la_p13_s1.jpg,plain_negative
sections/calc_p18_s5.jpg,sections/la_p13_s2.jpg,plain_negative
sections/calc_p18_s5.jpg,sections/la_p13_s3.jpg,plain_negative
sections/calc_p18_s5.jpg,sections/la_p13_s4.jpg,plain_negative
sections/calc_p18_s5.jpg,sections/la_p13_s5.jpg,plain_negative
sections/calc_p18_s5.jpg,sections/la_p13_s6.jpg,plain_negative
sections/calc_p18_s5.jpg,sections/la_p14_s1.jpg,plain_negative
sections/calc_p18_s5.jpg,sections/la_p14_s2.jpg,plain_negative
sections/calc_p18_s5.jpg,sections/la_p14_s3.jpg,plain_negative
sections/calc_p18_s5.jpg,sections/la_p14_s4.jpg,plain_negative
sections/calc_p18_s5.jpg,sections/la_p14_s5.jpg,plain_negative
sections/calc_p18_s5.jpg,sections/la_p15_s1.jpg,plain_negative
sections/calc_p18_s5.jpg,sections/la_p15_s2.jpg,plain_negative
sections/calc_p18_s5.jpg,sections/la_p16_s1.jpg,plain_negative
sections/calc_p18_s5.jpg,sections/la_p16_s2.jpg,plain_negative
sections/calc_p18_s5.jpg,sections/la_p16_s3.jpg,plain_negative
sections/calc_p18_s5.jpg,sections/la_p16_s4.jpg,plain_negative
sections/calc_p18_s5.jpg,sections/la_p16_s5.jpg,plain_negative
sections/calc_p18_s5.jpg,sections/la_p17_s1.jpg,plain_negative
sections/calc_p18_s5.jpg,sections/la_p17_s2.jpg,plain_negative
sections/calc_p18_s5.jpg,sections/la_p17_s3.jpg,plain_negative
sections/calc_p18_s5.jpg,sections/la_p17_s4.jpg,plain_negative
sections/calc_p18_s5.jpg,sections/la_p17_s6.jpg,plain_negative
sections/calc_p18_s5.jpg,sections/la_p18_s2.jpg,plain_negative
sections/calc_p18_s5.jpg,sections/la_p18_s4.jpg,plain_negative
sections/calc_p18_s5.jpg,sections/la_p18_s5.jpg,plain_negative
sections/calc_p18_s5.jpg,sections/la_p18_s7.jpg,plain_negative
sections/calc_p18_s5.jpg,sections/la_p19_s1.jpg,plain_negative
sections/calc_p18_s5.jpg,sections/la_p19_s2.jpg,plain_negative
sections/calc_p18_s5.jpg,sections/la_p19_s4.jpg,plain_negative
sections/calc_p19_s1.jpg,sections/calc_p19_s2.jpg,topic_positive
sections/calc_p19_s1.jpg,sections/calc_p20_s2.jpg,soft_positive
sections/calc_p19_s1.jpg,sections/calc_p21_s1.jpg,soft_positive
sections/calc_p19_s1.jpg,sections/calc_p21_s2.jpg,soft_positive
sections/calc_p19_s1.jpg,sections/la_p1_s1.jpg,plain_negative
sections/calc_p19_s1.jpg,sections/la_p1_s2.jpg,plain_negative
sections/calc_p19_s1.jpg,sections/la_p1_s3.jpg,plain_negative
sections/calc_p19_s1.jpg,sections/la_p1_s4.jpg,plain_negative
sections/calc_p19_s1.jpg,sections/la_p1_s5.jpg,plain_negative
sections/calc_p19_s1.jpg,sections/la_p2_s1.jpg,plain_negative
sections/calc_p19_s1.jpg,sections/la_p2_s2.jpg,plain_negative
sections/calc_p19_s1.jpg,sections/la_p2_s3.jpg,plain_negative
sections/calc_p19_s1.jpg,sections/la_p2_s4.jpg,plain_negative
sections/calc_p19_s1.jpg,sections/la_p3_s1.jpg,plain_negative
sections/calc_p19_s1.jpg,sections/la_p3_s2.jpg,plain_negative
sections/calc_p19_s1.jpg,sections/la_p3_s3.jpg,plain_negative
sections/calc_p19_s1.jpg,sections/la_p3_s4.jpg,plain_negative
sections/calc_p19_s1.jpg,sections/la_p5_s1.jpg,plain_negative
sections/calc_p19_s1.jpg,sections/la_p5_s2.jpg,plain_negative
sections/calc_p19_s1.jpg,sections/la_p5_s3.jpg,plain_negative
sections/calc_p19_s1.jpg,sections/la_p6_s1.jpg,plain_negative
sections/calc_p19_s1.jpg,sections/la_p6_s3.jpg,plain_negative
sections/calc_p19_s1.jpg,sections/la_p7_s1.jpg,plain_negative
sections/calc_p19_s1.jpg,sections/la_p7_s2.jpg,plain_negative
sections/calc_p19_s1.jpg,sections/la_p7_s3.jpg,plain_negative
sections/calc_p19_s1.jpg,sections/la_p8_s1.jpg,plain_negative
sections/calc_p19_s1.jpg,sections/la_p8_s2.jpg,plain_negative
sections/calc_p19_s1.jpg,sections/la_p8_s3.jpg,plain_negative
sections/calc_p19_s1.jpg,sections/la_p8_s4.jpg,plain_negative
sections/calc_p19_s1.jpg,sections/la_p9_s1.jpg,plain_negative
sections/calc_p19_s1.jpg,sections/la_p9_s2.jpg,plain_negative
sections/calc_p19_s1.jpg,sections/la_p9_s3.jpg,plain_negative
sections/calc_p19_s1.jpg,sections/la_p9_s5.jpg,plain_negative
sections/calc_p19_s1.jpg,sections/la_p10_s1.jpg,plain_negative
sections/calc_p19_s1.jpg,sections/la_p10_s2.jpg,plain_negative
sections/calc_p19_s1.jpg,sections/la_p10_s3.jpg,plain_negative
sections/calc_p19_s1.jpg,sections/la_p10_s4.jpg,plain_negative
sections/calc_p19_s1.jpg,sections/la_p10_s6.jpg,plain_negative
sections/calc_p19_s1.jpg,sections/la_p11_s1.jpg,plain_negative
sections/calc_p19_s1.jpg,sections/la_p11_s2.jpg,plain_negative
sections/calc_p19_s1.jpg,sections/la_p11_s4.jpg,plain_negative
sections/calc_p19_s1.jpg,sections/la_p11_s6.jpg,plain_negative
sections/calc_p19_s1.jpg,sections/la_p12_s1.jpg,plain_negative
sections/calc_p19_s1.jpg,sections/la_p12_s2.jpg,plain_negative
sections/calc_p19_s1.jpg,sections/la_p12_s3.jpg,plain_negative
sections/calc_p19_s1.jpg,sections/la_p13_s1.jpg,plain_negative
sections/calc_p19_s1.jpg,sections/la_p13_s2.jpg,plain_negative
sections/calc_p19_s1.jpg,sections/la_p13_s3.jpg,plain_negative
sections/calc_p19_s1.jpg,sections/la_p13_s4.jpg,plain_negative
sections/calc_p19_s1.jpg,sections/la_p13_s5.jpg,plain_negative
sections/calc_p19_s1.jpg,sections/la_p13_s6.jpg,plain_negative
sections/calc_p19_s1.jpg,sections/la_p14_s1.jpg,plain_negative
sections/calc_p19_s1.jpg,sections/la_p14_s2.jpg,plain_negative
sections/calc_p19_s1.jpg,sections/la_p14_s3.jpg,plain_negative
sections/calc_p19_s1.jpg,sections/la_p14_s4.jpg,plain_negative
sections/calc_p19_s1.jpg,sections/la_p14_s5.jpg,plain_negative
sections/calc_p19_s1.jpg,sections/la_p15_s1.jpg,plain_negative
sections/calc_p19_s1.jpg,sections/la_p15_s2.jpg,plain_negative
sections/calc_p19_s1.jpg,sections/la_p16_s1.jpg,plain_negative
sections/calc_p19_s1.jpg,sections/la_p16_s2.jpg,plain_negative
sections/calc_p19_s1.jpg,sections/la_p16_s3.jpg,plain_negative
sections/calc_p19_s1.jpg,sections/la_p16_s4.jpg,plain_negative
sections/calc_p19_s1.jpg,sections/la_p16_s5.jpg,plain_negative
sections/calc_p19_s1.jpg,sections/la_p17_s1.jpg,plain_negative
sections/calc_p19_s1.jpg,sections/la_p17_s2.jpg,plain_negative
sections/calc_p19_s1.jpg,sections/la_p17_s3.jpg,plain_negative
sections/calc_p19_s1.jpg,sections/la_p17_s4.jpg,plain_negative
sections/calc_p19_s1.jpg,sections/la_p17_s6.jpg,plain_negative
sections/calc_p19_s1.jpg,sections/la_p18_s2.jpg,plain_negative
sections/calc_p19_s1.jpg,sections/la_p18_s4.jpg,plain_negative
sections/calc_p19_s1.jpg,sections/la_p18_s5.jpg,plain_negative
sections/calc_p19_s1.jpg,sections/la_p18_s7.jpg,plain_negative
sections/calc_p19_s1.jpg,sections/la_p19_s1.jpg,plain_negative
sections/calc_p19_s1.jpg,sections/la_p19_s2.jpg,plain_negative
sections/calc_p19_s1.jpg,sections/la_p19_s4.jpg,plain_negative
sections/calc_p19_s2.jpg,sections/calc_p20_s2.jpg,soft_positive
sections/calc_p19_s2.jpg,sections/calc_p21_s1.jpg,soft_positive
sections/calc_p19_s2.jpg,sections/calc_p21_s2.jpg,soft_positive
sections/calc_p19_s2.jpg,sections/la_p1_s1.jpg,plain_negative
sections/calc_p19_s2.jpg,sections/la_p1_s2.jpg,plain_negative
sections/calc_p19_s2.jpg,sections/la_p1_s3.jpg,plain_negative
sections/calc_p19_s2.jpg,sections/la_p1_s4.jpg,plain_negative
sections/calc_p19_s2.jpg,sections/la_p1_s5.jpg,plain_negative
sections/calc_p19_s2.jpg,sections/la_p2_s1.jpg,plain_negative
sections/calc_p19_s2.jpg,sections/la_p2_s2.jpg,plain_negative
sections/calc_p19_s2.jpg,sections/la_p2_s3.jpg,plain_negative
sections/calc_p19_s2.jpg,sections/la_p2_s4.jpg,plain_negative
sections/calc_p19_s2.jpg,sections/la_p3_s1.jpg,plain_negative
sections/calc_p19_s2.jpg,sections/la_p3_s2.jpg,plain_negative
sections/calc_p19_s2.jpg,sections/la_p3_s3.jpg,plain_negative
sections/calc_p19_s2.jpg,sections/la_p3_s4.jpg,plain_negative
sections/calc_p19_s2.jpg,sections/la_p5_s1.jpg,plain_negative
sections/calc_p19_s2.jpg,sections/la_p5_s2.jpg,plain_negative
sections/calc_p19_s2.jpg,sections/la_p5_s3.jpg,plain_negative
sections/calc_p19_s2.jpg,sections/la_p6_s1.jpg,plain_negative
sections/calc_p19_s2.jpg,sections/la_p6_s3.jpg,plain_negative
sections/calc_p19_s2.jpg,sections/la_p7_s1.jpg,plain_negative
sections/calc_p19_s2.jpg,sections/la_p7_s2.jpg,plain_negative
sections/calc_p19_s2.jpg,sections/la_p7_s3.jpg,plain_negative
sections/calc_p19_s2.jpg,sections/la_p8_s1.jpg,plain_negative
sections/calc_p19_s2.jpg,sections/la_p8_s2.jpg,plain_negative
sections/calc_p19_s2.jpg,sections/la_p8_s3.jpg,plain_negative
sections/calc_p19_s2.jpg,sections/la_p8_s4.jpg,plain_negative
sections/calc_p19_s2.jpg,sections/la_p9_s1.jpg,plain_negative
sections/calc_p19_s2.jpg,sections/la_p9_s2.jpg,plain_negative
sections/calc_p19_s2.jpg,sections/la_p9_s3.jpg,plain_negative
sections/calc_p19_s2.jpg,sections/la_p9_s5.jpg,plain_negative
sections/calc_p19_s2.jpg,sections/la_p10_s1.jpg,plain_negative
sections/calc_p19_s2.jpg,sections/la_p10_s2.jpg,plain_negative
sections/calc_p19_s2.jpg,sections/la_p10_s3.jpg,plain_negative
sections/calc_p19_s2.jpg,sections/la_p10_s4.jpg,plain_negative
sections/calc_p19_s2.jpg,sections/la_p10_s6.jpg,plain_negative
sections/calc_p19_s2.jpg,sections/la_p11_s1.jpg,plain_negative
sections/calc_p19_s2.jpg,sections/la_p11_s2.jpg,plain_negative
sections/calc_p19_s2.jpg,sections/la_p11_s4.jpg,plain_negative
sections/calc_p19_s2.jpg,sections/la_p11_s6.jpg,plain_negative
sections/calc_p19_s2.jpg,sections/la_p12_s1.jpg,plain_negative
sections/calc_p19_s2.jpg,sections/la_p12_s2.jpg,plain_negative
sections/calc_p19_s2.jpg,sections/la_p12_s3.jpg,plain_negative
sections/calc_p19_s2.jpg,sections/la_p13_s1.jpg,plain_negative
sections/calc_p19_s2.jpg,sections/la_p13_s2.jpg,plain_negative
sections/calc_p19_s2.jpg,sections/la_p13_s3.jpg,plain_negative
sections/calc_p19_s2.jpg,sections/la_p13_s4.jpg,plain_negative
sections/calc_p19_s2.jpg,sections/la_p13_s5.jpg,plain_negative
sections/calc_p19_s2.jpg,sections/la_p13_s6.jpg,plain_negative
sections/calc_p19_s2.jpg,sections/la_p14_s1.jpg,plain_negative
sections/calc_p19_s2.jpg,sections/la_p14_s2.jpg,plain_negative
sections/calc_p19_s2.jpg,sections/la_p14_s3.jpg,plain_negative
sections/calc_p19_s2.jpg,sections/la_p14_s4.jpg,plain_negative
sections/calc_p19_s2.jpg,sections/la_p14_s5.jpg,plain_negative
sections/calc_p19_s2.jpg,sections/la_p15_s1.jpg,plain_negative
sections/calc_p19_s2.jpg,sections/la_p15_s2.jpg,plain_negative
sections/calc_p19_s2.jpg,sections/la_p16_s1.jpg,plain_negative
sections/calc_p19_s2.jpg,sections/la_p16_s2.jpg,plain_negative
sections/calc_p19_s2.jpg,sections/la_p16_s3.jpg,plain_negative
sections/calc_p19_s2.jpg,sections/la_p16_s4.jpg,plain_negative
sections/calc_p19_s2.jpg,sections/la_p16_s5.jpg,plain_negative
sections/calc_p19_s2.jpg,sections/la_p17_s1.jpg,plain_negative
sections/calc_p19_s2.jpg,sections/la_p17_s2.jpg,plain_negative
sections/calc_p19_s2.jpg,sections/la_p17_s3.jpg,plain_negative
sections/calc_p19_s2.jpg,sections/la_p17_s4.jpg,plain_negative
sections/calc_p19_s2.jpg,sections/la_p17_s6.jpg,plain_negative
sections/calc_p19_s2.jpg,sections/la_p18_s2.jpg,plain_negative
sections/calc_p19_s2.jpg,sections/la_p18_s4.jpg,plain_negative
sections/calc_p19_s2.jpg,sections/la_p18_s5.jpg,plain_negative
sections/calc_p19_s2.jpg,sections/la_p18_s7.jpg,plain_negative
sections/calc_p19_s2.jpg,sections/la_p19_s1.jpg,plain_negative
sections/calc_p19_s2.jpg,sections/la_p19_s2.jpg,plain_negative
sections/calc_p19_s2.jpg,sections/la_p19_s4.jpg,plain_negative
sections/calc_p20_s2.jpg,sections/calc_p21_s1.jpg,topic_positive
sections/calc_p20_s2.jpg,sections/calc_p21_s2.jpg,soft_positive
sections/calc_p20_s2.jpg,sections/la_p1_s1.jpg,plain_negative
sections/calc_p20_s2.jpg,sections/la_p1_s2.jpg,plain_negative
sections/calc_p20_s2.jpg,sections/la_p1_s3.jpg,plain_negative
sections/calc_p20_s2.jpg,sections/la_p1_s4.jpg,plain_negative
sections/calc_p20_s2.jpg,sections/la_p1_s5.jpg,plain_negative
sections/calc_p20_s2.jpg,sections/la_p2_s1.jpg,plain_negative
sections/calc_p20_s2.jpg,sections/la_p2_s2.jpg,plain_negative
sections/calc_p20_s2.jpg,sections/la_p2_s3.jpg,plain_negative
sections/calc_p20_s2.jpg,sections/la_p2_s4.jpg,plain_negative
sections/calc_p20_s2.jpg,sections/la_p3_s1.jpg,plain_negative
sections/calc_p20_s2.jpg,sections/la_p3_s2.jpg,plain_negative
sections/calc_p20_s2.jpg,sections/la_p3_s3.jpg,plain_negative
sections/calc_p20_s2.jpg,sections/la_p3_s4.jpg,plain_negative
sections/calc_p20_s2.jpg,sections/la_p5_s1.jpg,plain_negative
sections/calc_p20_s2.jpg,sections/la_p5_s2.jpg,plain_negative
sections/calc_p20_s2.jpg,sections/la_p5_s3.jpg,plain_negative
sections/calc_p20_s2.jpg,sections/la_p6_s1.jpg,plain_negative
sections/calc_p20_s2.jpg,sections/la_p6_s3.jpg,plain_negative
sections/calc_p20_s2.jpg,sections/la_p7_s1.jpg,plain_negative
sections/calc_p20_s2.jpg,sections/la_p7_s2.jpg,plain_negative
sections/calc_p20_s2.jpg,sections/la_p7_s3.jpg,plain_negative
sections/calc_p20_s2.jpg,sections/la_p8_s1.jpg,plain_negative
sections/calc_p20_s2.jpg,sections/la_p8_s2.jpg,plain_negative
sections/calc_p20_s2.jpg,sections/la_p8_s3.jpg,plain_negative
sections/calc_p20_s2.jpg,sections/la_p8_s4.jpg,plain_negative
sections/calc_p20_s2.jpg,sections/la_p9_s1.jpg,plain_negative
sections/calc_p20_s2.jpg,sections/la_p9_s2.jpg,plain_negative
sections/calc_p20_s2.jpg,sections/la_p9_s3.jpg,plain_negative
sections/calc_p20_s2.jpg,sections/la_p9_s5.jpg,plain_negative
sections/calc_p20_s2.jpg,sections/la_p10_s1.jpg,plain_negative
sections/calc_p20_s2.jpg,sections/la_p10_s2.jpg,plain_negative
sections/calc_p20_s2.jpg,sections/la_p10_s3.jpg,plain_negative
sections/calc_p20_s2.jpg,sections/la_p10_s4.jpg,plain_negative
sections/calc_p20_s2.jpg,sections/la_p10_s6.jpg,plain_negative
sections/calc_p20_s2.jpg,sections/la_p11_s1.jpg,plain_negative
sections/calc_p20_s2.jpg,sections/la_p11_s2.jpg,plain_negative
sections/calc_p20_s2.jpg,sections/la_p11_s4.jpg,plain_negative
sections/calc_p20_s2.jpg,sections/la_p11_s6.jpg,plain_negative
sections/calc_p20_s2.jpg,sections/la_p12_s1.jpg,plain_negative
sections/calc_p20_s2.jpg,sections/la_p12_s2.jpg,plain_negative
sections/calc_p20_s2.jpg,sections/la_p12_s3.jpg,plain_negative
sections/calc_p20_s2.jpg,sections/la_p13_s1.jpg,plain_negative
sections/calc_p20_s2.jpg,sections/la_p13_s2.jpg,plain_negative
sections/calc_p20_s2.jpg,sections/la_p13_s3.jpg,plain_negative
sections/calc_p20_s2.jpg,sections/la_p13_s4.jpg,plain_negative
sections/calc_p20_s2.jpg,sections/la_p13_s5.jpg,plain_negative
sections/calc_p20_s2.jpg,sections/la_p13_s6.jpg,plain_negative
sections/calc_p20_s2.jpg,sections/la_p14_s1.jpg,plain_negative
sections/calc_p20_s2.jpg,sections/la_p14_s2.jpg,plain_negative
sections/calc_p20_s2.jpg,sections/la_p14_s3.jpg,plain_negative
sections/calc_p20_s2.jpg,sections/la_p14_s4.jpg,plain_negative
sections/calc_p20_s2.jpg,sections/la_p14_s5.jpg,plain_negative
sections/calc_p20_s2.jpg,sections/la_p15_s1.jpg,plain_negative
sections/calc_p20_s2.jpg,sections/la_p15_s2.jpg,plain_negative
sections/calc_p20_s2.jpg,sections/la_p16_s1.jpg,plain_negative
sections/calc_p20_s2.jpg,sections/la_p16_s2.jpg,plain_negative
sections/calc_p20_s2.jpg,sections/la_p16_s3.jpg,plain_negative
sections/calc_p20_s2.jpg,sections/la_p16_s4.jpg,plain_negative
sections/calc_p20_s2.jpg,sections/la_p16_s5.jpg,plain_negative
sections/calc_p20_s2.jpg,sections/la_p17_s1.jpg,plain_negative
sections/calc_p20_s2.jpg,sections/la_p17_s2.jpg,plain_negative
sections/calc_p20_s2.jpg,sections/la_p17_s3.jpg,plain_negative
sections/calc_p20_s2.jpg,sections/la_p17_s4.jpg,plain_negative
sections/calc_p20_s2.jpg,sections/la_p17_s6.jpg,plain_negative
sections/calc_p20_s2.jpg,sections/la_p18_s2.jpg,plain_negative
sections/calc_p20_s2.jpg,sections/la_p18_s4.jpg,plain_negative
sections/calc_p20_s2.jpg,sections/la_p18_s5.jpg,plain_negative
sections/calc_p20_s2.jpg,sections/la_p18_s7.jpg,plain_negative
sections/calc_p20_s2.jpg,sections/la_p19_s1.jpg,plain_negative
sections/calc_p20_s2.jpg,sections/la_p19_s2.jpg,plain_negative
sections/calc_p20_s2.jpg,sections/la_p19_s4.jpg,plain_negative
sections/calc_p21_s1.jpg,sections/calc_p21_s2.jpg,soft_positive
sections/calc_p21_s1.jpg,sections/la_p1_s1.jpg,plain_negative
sections/calc_p21_s1.jpg,sections/la_p1_s2.jpg,plain_negative
sections/calc_p21_s1.jpg,sections/la_p1_s3.jpg,plain_negative
sections/calc_p21_s1.jpg,sections/la_p1_s4.jpg,plain_negative
sections/calc_p21_s1.jpg,sections/la_p1_s5.jpg,plain_negative
sections/calc_p21_s1.jpg,sections/la_p2_s1.jpg,plain_negative
sections/calc_p21_s1.jpg,sections/la_p2_s2.jpg,plain_negative
sections/calc_p21_s1.jpg,sections/la_p2_s3.jpg,plain_negative
sections/calc_p21_s1.jpg,sections/la_p2_s4.jpg,plain_negative
sections/calc_p21_s1.jpg,sections/la_p3_s1.jpg,plain_negative
sections/calc_p21_s1.jpg,sections/la_p3_s2.jpg,plain_negative
sections/calc_p21_s1.jpg,sections/la_p3_s3.jpg,plain_negative
sections/calc_p21_s1.jpg,sections/la_p3_s4.jpg,plain_negative
sections/calc_p21_s1.jpg,sections/la_p5_s1.jpg,plain_negative
sections/calc_p21_s1.jpg,sections/la_p5_s2.jpg,plain_negative
sections/calc_p21_s1.jpg,sections/la_p5_s3.jpg,plain_negative
sections/calc_p21_s1.jpg,sections/la_p6_s1.jpg,plain_negative
sections/calc_p21_s1.jpg,sections/la_p6_s3.jpg,plain_negative
sections/calc_p21_s1.jpg,sections/la_p7_s1.jpg,plain_negative
sections/calc_p21_s1.jpg,sections/la_p7_s2.jpg,plain_negative
sections/calc_p21_s1.jpg,sections/la_p7_s3.jpg,plain_negative
sections/calc_p21_s1.jpg,sections/la_p8_s1.jpg,plain_negative
sections/calc_p21_s1.jpg,sections/la_p8_s2.jpg,plain_negative
sections/calc_p21_s1.jpg,sections/la_p8_s3.jpg,plain_negative
sections/calc_p21_s1.jpg,sections/la_p8_s4.jpg,plain_negative
sections/calc_p21_s1.jpg,sections/la_p9_s1.jpg,plain_negative
sections/calc_p21_s1.jpg,sections/la_p9_s2.jpg,plain_negative
sections/calc_p21_s1.jpg,sections/la_p9_s3.jpg,plain_negative
sections/calc_p21_s1.jpg,sections/la_p9_s5.jpg,plain_negative
sections/calc_p21_s1.jpg,sections/la_p10_s1.jpg,plain_negative
sections/calc_p21_s1.jpg,sections/la_p10_s2.jpg,plain_negative
sections/calc_p21_s1.jpg,sections/la_p10_s3.jpg,plain_negative
sections/calc_p21_s1.jpg,sections/la_p10_s4.jpg,plain_negative
sections/calc_p21_s1.jpg,sections/la_p10_s6.jpg,plain_negative
sections/calc_p21_s1.jpg,sections/la_p11_s1.jpg,plain_negative
sections/calc_p21_s1.jpg,sections/la_p11_s2.jpg,plain_negative
sections/calc_p21_s1.jpg,sections/la_p11_s4.jpg,plain_negative
sections/calc_p21_s1.jpg,sections/la_p11_s6.jpg,plain_negative
sections/calc_p21_s1.jpg,sections/la_p12_s1.jpg,plain_negative
sections/calc_p21_s1.jpg,sections/la_p12_s2.jpg,plain_negative
sections/calc_p21_s1.jpg,sections/la_p12_s3.jpg,plain_negative
sections/calc_p21_s1.jpg,sections/la_p13_s1.jpg,plain_negative
sections/calc_p21_s1.jpg,sections/la_p13_s2.jpg,plain_negative
sections/calc_p21_s1.jpg,sections/la_p13_s3.jpg,plain_negative
sections/calc_p21_s1.jpg,sections/la_p13_s4.jpg,plain_negative
sections/calc_p21_s1.jpg,sections/la_p13_s5.jpg,plain_negative
sections/calc_p21_s1.jpg,sections/la_p13_s6.jpg,plain_negative
sections/calc_p21_s1.jpg,sections/la_p14_s1.jpg,plain_negative
sections/calc_p21_s1.jpg,sections/la_p14_s2.jpg,plain_negative
sections/calc_p21_s1.jpg,sections/la_p14_s3.jpg,plain_negative
sections/calc_p21_s1.jpg,sections/la_p14_s4.jpg,plain_negative
sections/calc_p21_s1.jpg,sections/la_p14_s5.jpg,plain_negative
sections/calc_p21_s1.jpg,sections/la_p15_s1.jpg,plain_negative
sections/calc_p21_s1.jpg,sections/la_p15_s2.jpg,plain_negative
sections/calc_p21_s1.jpg,sections/la_p16_s1.jpg,plain_negative
sections/calc_p21_s1.jpg,sections/la_p16_s2.jpg,plain_negative
sections/calc_p21_s1.jpg,sections/la_p16_s3.jpg,plain_negative
sections/calc_p21_s1.jpg,sections/la_p16_s4.jpg,plain_negative
sections/calc_p21_s1.jpg,sections/la_p16_s5.jpg,plain_negative
sections/calc_p21_s1.jpg,sections/la_p17_s1.jpg,plain_negative
sections/calc_p21_s1.jpg,sections/la_p17_s2.jpg,plain_negative
sections/calc_p21_s1.jpg,sections/la_p17_s3.jpg,plain_negative
sections/calc_p21_s1.jpg,sections/la_p17_s4.jpg,plain_negative
sections/calc_p21_s1.jpg,sections/la_p17_s6.jpg,plain_negative
sections/calc_p21_s1.jpg,sections/la_p18_s2.jpg,plain_negative
sections/calc_p21_s1.jpg,sections/la_p18_s4.jpg,plain_negative
sections/calc_p21_s1.jpg,sections/la_p18_s5.jpg,plain_negative
sections/calc_p21_s1.jpg,sections/la_p18_s7.jpg,plain_negative
sections/calc_p21_s1.jpg,sections/la_p19_s1.jpg,plain_negative
sections/calc_p21_s1.jpg,sections/la_p19_s2.jpg,plain_negative
sections/calc_p21_s1.jpg,sections/la_p19_s4.jpg,plain_negative
sections/calc_p21_s2.jpg,sections/la_p1_s1.jpg,plain_negative
sections/calc_p21_s2.jpg,sections/la_p1_s2.jpg,plain_negative
sections/calc_p21_s2.jpg,sections/la_p1_s3.jpg,plain_negative
sections/calc_p21_s2.jpg,sections/la_p1_s4.jpg,plain_negative
sections/calc_p21_s2.jpg,sections/la_p1_s5.jpg,plain_negative
sections/calc_p21_s2.jpg,sections/la_p2_s1.jpg,plain_negative
sections/calc_p21_s2.jpg,sections/la_p2_s2.jpg,plain_negative
sections/calc_p21_s2.jpg,sections/la_p2_s3.jpg,plain_negative
sections/calc_p21_s2.jpg,sections/la_p2_s4.jpg,plain_negative
sections/calc_p21_s2.jpg,sections/la_p3_s1.jpg,plain_negative
sections/calc_p21_s2.jpg,sections/la_p3_s2.jpg,plain_negative
sections/calc_p21_s2.jpg,sections/la_p3_s3.jpg,plain_negative
sections/calc_p21_s2.jpg,sections/la_p3_s4.jpg,plain_negative
sections/calc_p21_s2.jpg,sections/la_p5_s1.jpg,plain_negative
sections/calc_p21_s2.jpg,sections/la_p5_s2.jpg,plain_negative
sections/calc_p21_s2.jpg,sections/la_p5_s3.jpg,plain_negative
sections/calc_p21_s2.jpg,sections/la_p6_s1.jpg,plain_negative
sections/calc_p21_s2.jpg,sections/la_p6_s3.jpg,plain_negative
sections/calc_p21_s2.jpg,sections/la_p7_s1.jpg,plain_negative
sections/calc_p21_s2.jpg,sections/la_p7_s2.jpg,plain_negative
sections/calc_p21_s2.jpg,sections/la_p7_s3.jpg,plain_negative
sections/calc_p21_s2.jpg,sections/la_p8_s1.jpg,plain_negative
sections/calc_p21_s2.jpg,sections/la_p8_s2.jpg,plain_negative
sections/calc_p21_s2.jpg,sections/la_p8_s3.jpg,plain_negative
sections/calc_p21_s2.jpg,sections/la_p8_s4.jpg,plain_negative
sections/calc_p21_s2.jpg,sections/la_p9_s1.jpg,plain_negative
sections/calc_p21_s2.jpg,sections/la_p9_s2.jpg,plain_negative
sections/calc_p21_s2.jpg,sections/la_p9_s3.jpg,plain_negative
sections/calc_p21_s2.jpg,sections/la_p9_s5.jpg,plain_negative
sections/calc_p21_s2.jpg,sections/la_p10_s1.jpg,plain_negative
sections/calc_p21_s2.jpg,sections/la_p10_s2.jpg,plain_negative
sections/calc_p21_s2.jpg,sections/la_p10_s3.jpg,plain_negative
sections/calc_p21_s2.jpg,sections/la_p10_s4.jpg,plain_negative
sections/calc_p21_s2.jpg,sections/la_p10_s6.jpg,plain_negative
sections/calc_p21_s2.jpg,sections/la_p11_s1.jpg,plain_negative
sections/calc_p21_s2.jpg,sections/la_p11_s2.jpg,plain_negative
sections/calc_p21_s2.jpg,sections/la_p11_s4.jpg,plain_negative
sections/calc_p21_s2.jpg,sections/la_p11_s6.jpg,plain_negative
sections/calc_p21_s2.jpg,sections/la_p12_s1.jpg,plain_negative
sections/calc_p21_s2.jpg,sections/la_p12_s2.jpg,plain_negative
sections/calc_p21_s2.jpg,sections/la_p12_s3.jpg,plain_negative
sections/calc_p21_s2.jpg,sections/la_p13_s1.jpg,plain_negative
sections/calc_p21_s2.jpg,sections/la_p13_s2.jpg,plain_negative
sections/calc_p21_s2.jpg,sections/la_p13_s3.jpg,plain_negative
sections/calc_p21_s2.jpg,sections/la_p13_s4.jpg,plain_negative
sections/calc_p21_s2.jpg,sections/la_p13_s5.jpg,plain_negative
sections/calc_p21_s2.jpg,sections/la_p13_s6.jpg,plain_negative
sections/calc_p21_s2.jpg,sections/la_p14_s1.jpg,plain_negative
sections/calc_p21_s2.jpg,sections/la_p14_s2.jpg,plain_negative
sections/calc_p21_s2.jpg,sections/la_p14_s3.jpg,plain_negative
sections/calc_p21_s2.jpg,sections/la_p14_s4.jpg,plain_negative
sections/calc_p21_s2.jpg,sections/la_p14_s5.jpg,plain_negative
sections/calc_p21_s2.jpg,sections/la_p15_s1.jpg,plain_negative
sections/calc_p21_s2.jpg,sections/la_p15_s2.jpg,plain_negative
sections/calc_p21_s2.jpg,sections/la_p16_s1.jpg,plain_negative
sections/calc_p21_s2.jpg,sections/la_p16_s2.jpg,plain_negative
sections/calc_p21_s2.jpg,sections/la_p16_s3.jpg,plain_negative
sections/calc_p21_s2.jpg,sections/la_p16_s4.jpg,plain_negative
sections/calc_p21_s2.jpg,sections/la_p16_s5.jpg,plain_negative
sections/calc_p21_s2.jpg,sections/la_p17_s1.jpg,plain_negative
sections/calc_p21_s2.jpg,sections/la_p17_s2.jpg,plain_negative
sections/calc_p21_s2.jpg,sections/la_p17_s3.jpg,plain_negative
sections/calc_p21_s2.jpg,sections/la_p17_s4.jpg,plain_negative
sections/calc_p21_s2.jpg,sections/la_p17_s6.jpg,plain_negative
sections/calc_p21_s2.jpg,sections/la_p18_s2.jpg,plain_negative
sections/calc_p21_s2.jpg,sections/la_p18_s4.jpg,plain_negative
sections/calc_p21_s2.jpg,sections/la_p18_s5.jpg,plain_negative
sections/calc_p21_s2.jpg,sections/la_p18_s7.jpg,plain_negative
sections/calc_p21_s2.jpg,sections/la_p19_s1.jpg,plain_negative
sections/calc_p21_s2.jpg,sections/la_p19_s2.jpg,plain_negative
sections/calc_p21_s2.jpg,sections/la_p19_s4.jpg,plain_negative
sections/la_p1_s1.jpg,sections/la_p1_s2.jpg,soft_positive
sections/la_p1_s1.jpg,sections/la_p1_s3.jpg,soft_positive
sections/la_p1_s1.jpg,sections/la_p1_s4.jpg,soft_positive
sections/la_p1_s1.jpg,sections/la_p1_s5.jpg,soft_positive
sections/la_p1_s1.jpg,sections/la_p2_s1.jpg,plain_negative
sections/la_p1_s1.jpg,sections/la_p2_s2.jpg,plain_negative
sections/la_p1_s1.jpg,sections/la_p2_s3.jpg,plain_negative
sections/la_p1_s1.jpg,sections/la_p2_s4.jpg,plain_negative
sections/la_p1_s1.jpg,sections/la_p3_s1.jpg,plain_negative
sections/la_p1_s1.jpg,sections/la_p3_s2.jpg,plain_negative
sections/la_p1_s1.jpg,sections/la_p3_s3.jpg,plain_negative
sections/la_p1_s1.jpg,sections/la_p3_s4.jpg,plain_negative
sections/la_p1_s1.jpg,sections/la_p5_s1.jpg,plain_negative
sections/la_p1_s1.jpg,sections/la_p5_s2.jpg,plain_negative
sections/la_p1_s1.jpg,sections/la_p5_s3.jpg,plain_negative
sections/la_p1_s1.jpg,sections/la_p6_s1.jpg,plain_negative
sections/la_p1_s1.jpg,sections/la_p6_s3.jpg,plain_negative
sections/la_p1_s1.jpg,sections/la_p7_s1.jpg,plain_negative
sections/la_p1_s1.jpg,sections/la_p7_s2.jpg,plain_negative
sections/la_p1_s1.jpg,sections/la_p7_s3.jpg,plain_negative
sections/la_p1_s1.jpg,sections/la_p8_s1.jpg,plain_negative
sections/la_p1_s1.jpg,sections/la_p8_s2.jpg,plain_negative
sections/la_p1_s1.jpg,sections/la_p8_s3.jpg,plain_negative
sections/la_p1_s1.jpg,sections/la_p8_s4.jpg,plain_negative
sections/la_p1_s1.jpg,sections/la_p9_s1.jpg,plain_negative
sections/la_p1_s1.jpg,sections/la_p9_s2.jpg,plain_negative
sections/la_p1_s1.jpg,sections/la_p9_s3.jpg,plain_negative
sections/la_p1_s1.jpg,sections/la_p9_s5.jpg,plain_negative
sections/la_p1_s1.jpg,sections/la_p10_s1.jpg,plain_negative
sections/la_p1_s1.jpg,sections/la_p10_s2.jpg,plain_negative
sections/la_p1_s1.jpg,sections/la_p10_s3.jpg,plain_negative
sections/la_p1_s1.jpg,sections/la_p10_s4.jpg,plain_negative
sections/la_p1_s1.jpg,sections/la_p10_s6.jpg,plain_negative
sections/la_p1_s1.jpg,sections/la_p11_s1.jpg,plain_negative
sections/la_p1_s1.jpg,sections/la_p11_s2.jpg,plain_negative
sections/la_p1_s1.jpg,sections/la_p11_s4.jpg,plain_negative
sections/la_p1_s1.jpg,sections/la_p11_s6.jpg,plain_negative
sections/la_p1_s1.jpg,sections/la_p12_s1.jpg,plain_negative
sections/la_p1_s1.jpg,sections/la_p12_s2.jpg,plain_negative
sections/la_p1_s1.jpg,sections/la_p12_s3.jpg,plain_negative
sections/la_p1_s1.jpg,sections/la_p13_s1.jpg,plain_negative
sections/la_p1_s1.jpg,sections/la_p13_s2.jpg,plain_negative
sections/la_p1_s1.jpg,sections/la_p13_s3.jpg,plain_negative
sections/la_p1_s1.jpg,sections/la_p13_s4.jpg,plain_negative
sections/la_p1_s1.jpg,sections/la_p13_s5.jpg,plain_negative
sections/la_p1_s1.jpg,sections/la_p13_s6.jpg,plain_negative
sections/la_p1_s1.jpg,sections/la_p14_s1.jpg,plain_negative
sections/la_p1_s1.jpg,sections/la_p14_s2.jpg,plain_negative
sections/la_p1_s1.jpg,sections/la_p14_s3.jpg,plain_negative
sections/la_p1_s1.jpg,sections/la_p14_s4.jpg,plain_negative
sections/la_p1_s1.jpg,sections/la_p14_s5.jpg,plain_negative
sections/la_p1_s1.jpg,sections/la_p15_s1.jpg,plain_negative
sections/la_p1_s1.jpg,sections/la_p15_s2.jpg,plain_negative
sections/la_p1_s1.jpg,sections/la_p16_s1.jpg,plain_negative
sections/la_p1_s1.jpg,sections/la_p16_s2.jpg,plain_negative
sections/la_p1_s1.jpg,sections/la_p16_s3.jpg,plain_negative
sections/la_p1_s1.jpg,sections/la_p16_s4.jpg,plain_negative
sections/la_p1_s1.jpg,sections/la_p16_s5.jpg,plain_negative
sections/la_p1_s1.jpg,sections/la_p17_s1.jpg,plain_negative
sections/la_p1_s1.jpg,sections/la_p17_s2.jpg,plain_negative
sections/la_p1_s1.jpg,sections/la_p17_s3.jpg,plain_negative
sections/la_p1_s1.jpg,sections/la_p17_s4.jpg,plain_negative
sections/la_p1_s1.jpg,sections/la_p17_s6.jpg,plain_negative
sections/la_p1_s1.jpg,sections/la_p18_s2.jpg,plain_negative
sections/la_p1_s1.jpg,sections/la_p18_s4.jpg,plain_negative
sections/la_p1_s1.jpg,sections/la_p18_s5.jpg,plain_negative
sections/la_p1_s1.jpg,sections/la_p18_s7.jpg,plain_negative
sections/la_p1_s1.jpg,sections/la_p19_s1.jpg,plain_negative
sections/la_p1_s1.jpg,sections/la_p19_s2.jpg,plain_negative
sections/la_p1_s1.jpg,sections/la_p19_s4.jpg,plain_negative
sections/la_p1_s2.jpg,sections/la_p1_s3.jpg,topic_positive
sections/la_p1_s2.jpg,sections/la_p1_s4.jpg,soft_positive
sections/la_p1_s2.jpg,sections/la_p1_s5.jpg,topic_positive
sections/la_p1_s2.jpg,sections/la_p2_s1.jpg,plain_negative
sections/la_p1_s2.jpg,sections/la_p2_s2.jpg,plain_negative
sections/la_p1_s2.jpg,sections/la_p2_s3.jpg,plain_negative
sections/la_p1_s2.jpg,sections/la_p2_s4.jpg,plain_negative
sections/la_p1_s2.jpg,sections/la_p3_s1.jpg,plain_negative
sections/la_p1_s2.jpg,sections/la_p3_s2.jpg,plain_negative
sections/la_p1_s2.jpg,sections/la_p3_s3.jpg,plain_negative
sections/la_p1_s2.jpg,sections/la_p3_s4.jpg,plain_negative
sections/la_p1_s2.jpg,sections/la_p5_s1.jpg,plain_negative
sections/la_p1_s2.jpg,sections/la_p5_s2.jpg,plain_negative
sections/la_p1_s2.jpg,sections/la_p5_s3.jpg,plain_negative
sections/la_p1_s2.jpg,sections/la_p6_s1.jpg,plain_negative
sections/la_p1_s2.jpg,sections/la_p6_s3.jpg,plain_negative
sections/la_p1_s2.jpg,sections/la_p7_s1.jpg,plain_negative
sections/la_p1_s2.jpg,sections/la_p7_s2.jpg,plain_negative
sections/la_p1_s2.jpg,sections/la_p7_s3.jpg,plain_negative
sections/la_p1_s2.jpg,sections/la_p8_s1.jpg,plain_negative
sections/la_p1_s2.jpg,sections/la_p8_s2.jpg,plain_negative
sections/la_p1_s2.jpg,sections/la_p8_s3.jpg,plain_negative
sections/la_p1_s2.jpg,sections/la_p8_s4.jpg,plain_negative
sections/la_p1_s2.jpg,sections/la_p9_s1.jpg,plain_negative
sections/la_p1_s2.jpg,sections/la_p9_s2.jpg,plain_negative
sections/la_p1_s2.jpg,sections/la_p9_s3.jpg,plain_negative
sections/la_p1_s2.jpg,sections/la_p9_s5.jpg,plain_negative
sections/la_p1_s2.jpg,sections/la_p10_s1.jpg,plain_negative
sections/la_p1_s2.jpg,sections/la_p10_s2.jpg,plain_negative
sections/la_p1_s2.jpg,sections/la_p10_s3.jpg,plain_negative
sections/la_p1_s2.jpg,sections/la_p10_s4.jpg,plain_negative
sections/la_p1_s2.jpg,sections/la_p10_s6.jpg,plain_negative
sections/la_p1_s2.jpg,sections/la_p11_s1.jpg,plain_negative
sections/la_p1_s2.jpg,sections/la_p11_s2.jpg,plain_negative
sections/la_p1_s2.jpg,sections/la_p11_s4.jpg,plain_negative
sections/la_p1_s2.jpg,sections/la_p11_s6.jpg,plain_negative
sections/la_p1_s2.jpg,sections/la_p12_s1.jpg,plain_negative
sections/la_p1_s2.jpg,sections/la_p12_s2.jpg,plain_negative
sections/la_p1_s2.jpg,sections/la_p12_s3.jpg,plain_negative
sections/la_p1_s2.jpg,sections/la_p13_s1.jpg,plain_negative
sections/la_p1_s2.jpg,sections/la_p13_s2.jpg,plain_negative
sections/la_p1_s2.jpg,sections/la_p13_s3.jpg,plain_negative
sections/la_p1_s2.jpg,sections/la_p13_s4.jpg,plain_negative
sections/la_p1_s2.jpg,sections/la_p13_s5.jpg,plain_negative
sections/la_p1_s2.jpg,sections/la_p13_s6.jpg,plain_negative
sections/la_p1_s2.jpg,sections/la_p14_s1.jpg,plain_negative
sections/la_p1_s2.jpg,sections/la_p14_s2.jpg,plain_negative
sections/la_p1_s2.jpg,sections/la_p14_s3.jpg,plain_negative
sections/la_p1_s2.jpg,sections/la_p14_s4.jpg,plain_negative
sections/la_p1_s2.jpg,sections/la_p14_s5.jpg,plain_negative
sections/la_p1_s2.jpg,sections/la_p15_s1.jpg,plain_negative
sections/la_p1_s2.jpg,sections/la_p15_s2.jpg,plain_negative
sections/la_p1_s2.jpg,sections/la_p16_s1.jpg,plain_negative
sections/la_p1_s2.jpg,sections/la_p16_s2.jpg,plain_negative
sections/la_p1_s2.jpg,sections/la_p16_s3.jpg,plain_negative
sections/la_p1_s2.jpg,sections/la_p16_s4.jpg,plain_negative
sections/la_p1_s2.jpg,sections/la_p16_s5.jpg,plain_negative
sections/la_p1_s2.jpg,sections/la_p17_s1.jpg,plain_negative
sections/la_p1_s2.jpg,sections/la_p17_s2.jpg,plain_negative
sections/la_p1_s2.jpg,sections/la_p17_s3.jpg,plain_negative
sections/la_p1_s2.jpg,sections/la_p17_s4.jpg,plain_negative
sections/la_p1_s2.jpg,sections/la_p17_s6.jpg,plain_negative
sections/la_p1_s2.jpg,sections/la_p18_s2.jpg,plain_negative
sections/la_p1_s2.jpg,sections/la_p18_s4.jpg,plain_negative
sections/la_p1_s2.jpg,sections/la_p18_s5.jpg,plain_negative
sections/la_p1_s2.jpg,sections/la_p18_s7.jpg,plain_negative
sections/la_p1_s2.jpg,sections/la_p19_s1.jpg,plain_negative
sections/la_p1_s2.jpg,sections/la_p19_s2.jpg,plain_negative
sections/la_p1_s2.jpg,sections/la_p19_s4.jpg,plain_negative
sections/la_p1_s3.jpg,sections/la_p1_s4.jpg,soft_positive
sections/la_p1_s3.jpg,sections/la_p1_s5.jpg,topic_positive
sections/la_p1_s3.jpg,sections/la_p2_s1.jpg,plain_negative
sections/la_p1_s3.jpg,sections/la_p2_s2.jpg,plain_negative
sections/la_p1_s3.jpg,sections/la_p2_s3.jpg,plain_negative
sections/la_p1_s3.jpg,sections/la_p2_s4.jpg,plain_negative
sections/la_p1_s3.jpg,sections/la_p3_s1.jpg,plain_negative
sections/la_p1_s3.jpg,sections/la_p3_s2.jpg,plain_negative
sections/la_p1_s3.jpg,sections/la_p3_s3.jpg,plain_negative
sections/la_p1_s3.jpg,sections/la_p3_s4.jpg,plain_negative
sections/la_p1_s3.jpg,sections/la_p5_s1.jpg,plain_negative
sections/la_p1_s3.jpg,sections/la_p5_s2.jpg,plain_negative
sections/la_p1_s3.jpg,sections/la_p5_s3.jpg,plain_negative
sections/la_p1_s3.jpg,sections/la_p6_s1.jpg,plain_negative
sections/la_p1_s3.jpg,sections/la_p6_s3.jpg,plain_negative
sections/la_p1_s3.jpg,sections/la_p7_s1.jpg,plain_negative
sections/la_p1_s3.jpg,sections/la_p7_s2.jpg,plain_negative
sections/la_p1_s3.jpg,sections/la_p7_s3.jpg,plain_negative
sections/la_p1_s3.jpg,sections/la_p8_s1.jpg,plain_negative
sections/la_p1_s3.jpg,sections/la_p8_s2.jpg,plain_negative
sections/la_p1_s3.jpg,sections/la_p8_s3.jpg,plain_negative
sections/la_p1_s3.jpg,sections/la_p8_s4.jpg,plain_negative
sections/la_p1_s3.jpg,sections/la_p9_s1.jpg,plain_negative
sections/la_p1_s3.jpg,sections/la_p9_s2.jpg,plain_negative
sections/la_p1_s3.jpg,sections/la_p9_s3.jpg,plain_negative
sections/la_p1_s3.jpg,sections/la_p9_s5.jpg,plain_negative
sections/la_p1_s3.jpg,sections/la_p10_s1.jpg,plain_negative
sections/la_p1_s3.jpg,sections/la_p10_s2.jpg,plain_negative
sections/la_p1_s3.jpg,sections/la_p10_s3.jpg,plain_negative
sections/la_p1_s3.jpg,sections/la_p10_s4.jpg,plain_negative
sections/la_p1_s3.jpg,sections/la_p10_s6.jpg,plain_negative
sections/la_p1_s3.jpg,sections/la_p11_s1.jpg,plain_negative
sections/la_p1_s3.jpg,sections/la_p11_s2.jpg,plain_negative
sections/la_p1_s3.jpg,sections/la_p11_s4.jpg,plain_negative
sections/la_p1_s3.jpg,sections/la_p11_s6.jpg,plain_negative
sections/la_p1_s3.jpg,sections/la_p12_s1.jpg,plain_negative
sections/la_p1_s3.jpg,sections/la_p12_s2.jpg,plain_negative
sections/la_p1_s3.jpg,sections/la_p12_s3.jpg,plain_negative
sections/la_p1_s3.jpg,sections/la_p13_s1.jpg,plain_negative
sections/la_p1_s3.jpg,sections/la_p13_s2.jpg,plain_negative
sections/la_p1_s3.jpg,sections/la_p13_s3.jpg,plain_negative
sections/la_p1_s3.jpg,sections/la_p13_s4.jpg,plain_negative
sections/la_p1_s3.jpg,sections/la_p13_s5.jpg,plain_negative
sections/la_p1_s3.jpg,sections/la_p13_s6.jpg,plain_negative
sections/la_p1_s3.jpg,sections/la_p14_s1.jpg,plain_negative
sections/la_p1_s3.jpg,sections/la_p14_s2.jpg,plain_negative
sections/la_p1_s3.jpg,sections/la_p14_s3.jpg,plain_negative
sections/la_p1_s3.jpg,sections/la_p14_s4.jpg,plain_negative
sections/la_p1_s3.jpg,sections/la_p14_s5.jpg,plain_negative
sections/la_p1_s3.jpg,sections/la_p15_s1.jpg,plain_negative
sections/la_p1_s3.jpg,sections/la_p15_s2.jpg,plain_negative
sections/la_p1_s3.jpg,sections/la_p16_s1.jpg,plain_negative
sections/la_p1_s3.jpg,sections/la_p16_s2.jpg,plain_negative
sections/la_p1_s3.jpg,sections/la_p16_s3.jpg,plain_negative
sections/la_p1_s3.jpg,sections/la_p16_s4.jpg,plain_negative
sections/la_p1_s3.jpg,sections/la_p16_s5.jpg,plain_negative
sections/la_p1_s3.jpg,sections/la_p17_s1.jpg,plain_negative
sections/la_p1_s3.jpg,sections/la_p17_s2.jpg,plain_negative
sections/la_p1_s3.jpg,sections/la_p17_s3.jpg,plain_negative
sections/la_p1_s3.jpg,sections/la_p17_s4.jpg,plain_negative
sections/la_p1_s3.jpg,sections/la_p17_s6.jpg,plain_negative
sections/la_p1_s3.jpg,sections/la_p18_s2.jpg,plain_negative
sections/la_p1_s3.jpg,sections/la_p18_s4.jpg,plain_negative
sections/la_p1_s3.jpg,sections/la_p18_s5.jpg,plain_negative
sections/la_p1_s3.jpg,sections/la_p18_s7.jpg,plain_negative
sections/la_p1_s3.jpg,sections/la_p19_s1.jpg,plain_negative
sections/la_p1_s3.jpg,sections/la_p19_s2.jpg,plain_negative
sections/la_p1_s3.jpg,sections/la_p19_s4.jpg,plain_negative
sections/la_p1_s4.jpg,sections/la_p1_s5.jpg,soft_positive
sections/la_p1_s4.jpg,sections/la_p2_s1.jpg,plain_negative
sections/la_p1_s4.jpg,sections/la_p2_s2.jpg,plain_negative
sections/la_p1_s4.jpg,sections/la_p2_s3.jpg,plain_negative
sections/la_p1_s4.jpg,sections/la_p2_s4.jpg,plain_negative
sections/la_p1_s4.jpg,sections/la_p3_s1.jpg,plain_negative
sections/la_p1_s4.jpg,sections/la_p3_s2.jpg,plain_negative
sections/la_p1_s4.jpg,sections/la_p3_s3.jpg,plain_negative
sections/la_p1_s4.jpg,sections/la_p3_s4.jpg,plain_negative
sections/la_p1_s4.jpg,sections/la_p5_s1.jpg,plain_negative
sections/la_p1_s4.jpg,sections/la_p5_s2.jpg,plain_negative
sections/la_p1_s4.jpg,sections/la_p5_s3.jpg,plain_negative
sections/la_p1_s4.jpg,sections/la_p6_s1.jpg,plain_negative
sections/la_p1_s4.jpg,sections/la_p6_s3.jpg,plain_negative
sections/la_p1_s4.jpg,sections/la_p7_s1.jpg,plain_negative
sections/la_p1_s4.jpg,sections/la_p7_s2.jpg,plain_negative
sections/la_p1_s4.jpg,sections/la_p7_s3.jpg,plain_negative
sections/la_p1_s4.jpg,sections/la_p8_s1.jpg,plain_negative
sections/la_p1_s4.jpg,sections/la_p8_s2.jpg,plain_negative
sections/la_p1_s4.jpg,sections/la_p8_s3.jpg,plain_negative
sections/la_p1_s4.jpg,sections/la_p8_s4.jpg,plain_negative
sections/la_p1_s4.jpg,sections/la_p9_s1.jpg,plain_negative
sections/la_p1_s4.jpg,sections/la_p9_s2.jpg,plain_negative
sections/la_p1_s4.jpg,sections/la_p9_s3.jpg,plain_negative
sections/la_p1_s4.jpg,sections/la_p9_s5.jpg,plain_negative
sections/la_p1_s4.jpg,sections/la_p10_s1.jpg,plain_negative
sections/la_p1_s4.jpg,sections/la_p10_s2.jpg,plain_negative
sections/la_p1_s4.jpg,sections/la_p10_s3.jpg,plain_negative
sections/la_p1_s4.jpg,sections/la_p10_s4.jpg,plain_negative
sections/la_p1_s4.jpg,sections/la_p10_s6.jpg,plain_negative
sections/la_p1_s4.jpg,sections/la_p11_s1.jpg,plain_negative
sections/la_p1_s4.jpg,sections/la_p11_s2.jpg,plain_negative
sections/la_p1_s4.jpg,sections/la_p11_s4.jpg,plain_negative
sections/la_p1_s4.jpg,sections/la_p11_s6.jpg,plain_negative
sections/la_p1_s4.jpg,sections/la_p12_s1.jpg,plain_negative
sections/la_p1_s4.jpg,sections/la_p12_s2.jpg,plain_negative
sections/la_p1_s4.jpg,sections/la_p12_s3.jpg,plain_negative
sections/la_p1_s4.jpg,sections/la_p13_s1.jpg,plain_negative
sections/la_p1_s4.jpg,sections/la_p13_s2.jpg,plain_negative
sections/la_p1_s4.jpg,sections/la_p13_s3.jpg,plain_negative
sections/la_p1_s4.jpg,sections/la_p13_s4.jpg,plain_negative
sections/la_p1_s4.jpg,sections/la_p13_s5.jpg,plain_negative
sections/la_p1_s4.jpg,sections/la_p13_s6.jpg,plain_negative
sections/la_p1_s4.jpg,sections/la_p14_s1.jpg,plain_negative
sections/la_p1_s4.jpg,sections/la_p14_s2.jpg,plain_negative
sections/la_p1_s4.jpg,sections/la_p14_s3.jpg,plain_negative
sections/la_p1_s4.jpg,sections/la_p14_s4.jpg,plain_negative
sections/la_p1_s4.jpg,sections/la_p14_s5.jpg,plain_negative
sections/la_p1_s4.jpg,sections/la_p15_s1.jpg,plain_negative
sections/la_p1_s4.jpg,sections/la_p15_s2.jpg,plain_negative
sections/la_p1_s4.jpg,sections/la_p16_s1.jpg,plain_negative
sections/la_p1_s4.jpg,sections/la_p16_s2.jpg,plain_negative
sections/la_p1_s4.jpg,sections/la_p16_s3.jpg,plain_negative
sections/la_p1_s4.jpg,sections/la_p16_s4.jpg,plain_negative
sections/la_p1_s4.jpg,sections/la_p16_s5.jpg,plain_negative
sections/la_p1_s4.jpg,sections/la_p17_s1.jpg,plain_negative
sections/la_p1_s4.jpg,sections/la_p17_s2.jpg,plain_negative
sections/la_p1_s4.jpg,sections/la_p17_s3.jpg,plain_negative
sections/la_p1_s4.jpg,sections/la_p17_s4.jpg,plain_negative
sections/la_p1_s4.jpg,sections/la_p17_s6.jpg,plain_negative
sections/la_p1_s4.jpg,sections/la_p18_s2.jpg,plain_negative
sections/la_p1_s4.jpg,sections/la_p18_s4.jpg,plain_negative
sections/la_p1_s4.jpg,sections/la_p18_s5.jpg,plain_negative
sections/la_p1_s4.jpg,sections/la_p18_s7.jpg,plain_negative
sections/la_p1_s4.jpg,sections/la_p19_s1.jpg,plain_negative
sections/la_p1_s4.jpg,sections/la_p19_s2.jpg,plain_negative
sections/la_p1_s4.jpg,sections/la_p19_s4.jpg,plain_negative
sections/la_p1_s5.jpg,sections/la_p2_s1.jpg,plain_negative
sections/la_p1_s5.jpg,sections/la_p2_s2.jpg,plain_negative
sections/la_p1_s5.jpg,sections/la_p2_s3.jpg,plain_negative
sections/la_p1_s5.jpg,sections/la_p2_s4.jpg,plain_negative
sections/la_p1_s5.jpg,sections/la_p3_s1.jpg,plain_negative
sections/la_p1_s5.jpg,sections/la_p3_s2.jpg,plain_negative
sections/la_p1_s5.jpg,sections/la_p3_s3.jpg,plain_negative
sections/la_p1_s5.jpg,sections/la_p3_s4.jpg,plain_negative
sections/la_p1_s5.jpg,sections/la_p5_s1.jpg,plain_negative
sections/la_p1_s5.jpg,sections/la_p5_s2.jpg,plain_negative
sections/la_p1_s5.jpg,sections/la_p5_s3.jpg,plain_negative
sections/la_p1_s5.jpg,sections/la_p6_s1.jpg,plain_negative
sections/la_p1_s5.jpg,sections/la_p6_s3.jpg,plain_negative
sections/la_p1_s5.jpg,sections/la_p7_s1.jpg,plain_negative
sections/la_p1_s5.jpg,sections/la_p7_s2.jpg,plain_negative
sections/la_p1_s5.jpg,sections/la_p7_s3.jpg,plain_negative
sections/la_p1_s5.jpg,sections/la_p8_s1.jpg,plain_negative
sections/la_p1_s5.jpg,sections/la_p8_s2.jpg,plain_negative
sections/la_p1_s5.jpg,sections/la_p8_s3.jpg,plain_negative
sections/la_p1_s5.jpg,sections/la_p8_s4.jpg,plain_negative
sections/la_p1_s5.jpg,sections/la_p9_s1.jpg,plain_negative
sections/la_p1_s5.jpg,sections/la_p9_s2.jpg,plain_negative
sections/la_p1_s5.jpg,sections/la_p9_s3.jpg,plain_negative
sections/la_p1_s5.jpg,sections/la_p9_s5.jpg,plain_negative
sections/la_p1_s5.jpg,sections/la_p10_s1.jpg,plain_negative
sections/la_p1_s5.jpg,sections/la_p10_s2.jpg,plain_negative
sections/la_p1_s5.jpg,sections/la_p10_s3.jpg,plain_negative
sections/la_p1_s5.jpg,sections/la_p10_s4.jpg,plain_negative
sections/la_p1_s5.jpg,sections/la_p10_s6.jpg,plain_negative
sections/la_p1_s5.jpg,sections/la_p11_s1.jpg,plain_negative
sections/la_p1_s5.jpg,sections/la_p11_s2.jpg,plain_negative
sections/la_p1_s5.jpg,sections/la_p11_s4.jpg,plain_negative
sections/la_p1_s5.jpg,sections/la_p11_s6.jpg,plain_negative
sections/la_p1_s5.jpg,sections/la_p12_s1.jpg,plain_negative
sections/la_p1_s5.jpg,sections/la_p12_s2.jpg,plain_negative
sections/la_p1_s5.jpg,sections/la_p12_s3.jpg,plain_negative
sections/la_p1_s5.jpg,sections/la_p13_s1.jpg,plain_negative
sections/la_p1_s5.jpg,sections/la_p13_s2.jpg,plain_negative
sections/la_p1_s5.jpg,sections/la_p13_s3.jpg,plain_negative
sections/la_p1_s5.jpg,sections/la_p13_s4.jpg,plain_negative
sections/la_p1_s5.jpg,sections/la_p13_s5.jpg,plain_negative
sections/la_p1_s5.jpg,sections/la_p13_s6.jpg,plain_negative
sections/la_p1_s5.jpg,sections/la_p14_s1.jpg,plain_negative
sections/la_p1_s5.jpg,sections/la_p14_s2.jpg,plain_negative
sections/la_p1_s5.jpg,sections/la_p14_s3.jpg,plain_negative
sections/la_p1_s5.jpg,sections/la_p14_s4.jpg,plain_negative
sections/la_p1_s5.jpg,sections/la_p14_s5.jpg,plain_negative
sections/la_p1_s5.jpg,sections/la_p15_s1.jpg,plain_negative
sections/la_p1_s5.jpg,sections/la_p15_s2.jpg,plain_negative
sections/la_p1_s5.jpg,sections/la_p16_s1.jpg,plain_negative
sections/la_p1_s5.jpg,sections/la_p16_s2.jpg,plain_negative
sections/la_p1_s5.jpg,sections/la_p16_s3.jpg,plain_negative
sections/la_p1_s5.jpg,sections/la_p16_s4.jpg,plain_negative
sections/la_p1_s5.jpg,sections/la_p16_s5.jpg,plain_negative
sections/la_p1_s5.jpg,sections/la_p17_s1.jpg,plain_negative
sections/la_p1_s5.jpg,sections/la_p17_s2.jpg,plain_negative
sections/la_p1_s5.jpg,sections/la_p17_s3.jpg,plain_negative
sections/la_p1_s5.jpg,sections/la_p17_s4.jpg,plain_negative
sections/la_p1_s5.jpg,sections/la_p17_s6.jpg,plain_negative
sections/la_p1_s5.jpg,sections/la_p18_s2.jpg,plain_negative
sections/la_p1_s5.jpg,sections/la_p18_s4.jpg,plain_negative
sections/la_p1_s5.jpg,sections/la_p18_s5.jpg,plain_negative
sections/la_p1_s5.jpg,sections/la_p18_s7.jpg,plain_negative
sections/la_p1_s5.jpg,sections/la_p19_s1.jpg,plain_negative
sections/la_p1_s5.jpg,sections/la_p19_s2.jpg,plain_negative
sections/la_p1_s5.jpg,sections/la_p19_s4.jpg,plain_negative
sections/la_p2_s1.jpg,sections/la_p2_s2.jpg,soft_positive
sections/la_p2_s1.jpg,sections/la_p2_s3.jpg,topic_positive
sections/la_p2_s1.jpg,sections/la_p2_s4.jpg,soft_positive
sections/la_p2_s1.jpg,sections/la_p3_s1.jpg,plain_negative
sections/la_p2_s1.jpg,sections/la_p3_s2.jpg,plain_negative
sections/la_p2_s1.jpg,sections/la_p3_s3.jpg,plain_negative
sections/la_p2_s1.jpg,sections/la_p3_s4.jpg,plain_negative
sections/la_p2_s1.jpg,sections/la_p5_s1.jpg,plain_negative
sections/la_p2_s1.jpg,sections/la_p5_s2.jpg,plain_negative
sections/la_p2_s1.jpg,sections/la_p5_s3.jpg,plain_negative
sections/la_p2_s1.jpg,sections/la_p6_s1.jpg,plain_negative
sections/la_p2_s1.jpg,sections/la_p6_s3.jpg,plain_negative
sections/la_p2_s1.jpg,sections/la_p7_s1.jpg,plain_negative
sections/la_p2_s1.jpg,sections/la_p7_s2.jpg,plain_negative
sections/la_p2_s1.jpg,sections/la_p7_s3.jpg,plain_negative
sections/la_p2_s1.jpg,sections/la_p8_s1.jpg,plain_negative
sections/la_p2_s1.jpg,sections/la_p8_s2.jpg,plain_negative
sections/la_p2_s1.jpg,sections/la_p8_s3.jpg,plain_negative
sections/la_p2_s1.jpg,sections/la_p8_s4.jpg,plain_negative
sections/la_p2_s1.jpg,sections/la_p9_s1.jpg,plain_negative
sections/la_p2_s1.jpg,sections/la_p9_s2.jpg,plain_negative
sections/la_p2_s1.jpg,sections/la_p9_s3.jpg,plain_negative
sections/la_p2_s1.jpg,sections/la_p9_s5.jpg,plain_negative
sections/la_p2_s1.jpg,sections/la_p10_s1.jpg,plain_negative
sections/la_p2_s1.jpg,sections/la_p10_s2.jpg,plain_negative
sections/la_p2_s1.jpg,sections/la_p10_s3.jpg,plain_negative
sections/la_p2_s1.jpg,sections/la_p10_s4.jpg,plain_negative
sections/la_p2_s1.jpg,sections/la_p10_s6.jpg,plain_negative
sections/la_p2_s1.jpg,sections/la_p11_s1.jpg,plain_negative
sections/la_p2_s1.jpg,sections/la_p11_s2.jpg,plain_negative
sections/la_p2_s1.jpg,sections/la_p11_s4.jpg,plain_negative
sections/la_p2_s1.jpg,sections/la_p11_s6.jpg,plain_negative
sections/la_p2_s1.jpg,sections/la_p12_s1.jpg,plain_negative
sections/la_p2_s1.jpg,sections/la_p12_s2.jpg,plain_negative
sections/la_p2_s1.jpg,sections/la_p12_s3.jpg,plain_negative
sections/la_p2_s1.jpg,sections/la_p13_s1.jpg,plain_negative
sections/la_p2_s1.jpg,sections/la_p13_s2.jpg,plain_negative
sections/la_p2_s1.jpg,sections/la_p13_s3.jpg,plain_negative
sections/la_p2_s1.jpg,sections/la_p13_s4.jpg,plain_negative
sections/la_p2_s1.jpg,sections/la_p13_s5.jpg,plain_negative
sections/la_p2_s1.jpg,sections/la_p13_s6.jpg,plain_negative
sections/la_p2_s1.jpg,sections/la_p14_s1.jpg,plain_negative
sections/la_p2_s1.jpg,sections/la_p14_s2.jpg,plain_negative
sections/la_p2_s1.jpg,sections/la_p14_s3.jpg,plain_negative
sections/la_p2_s1.jpg,sections/la_p14_s4.jpg,plain_negative
sections/la_p2_s1.jpg,sections/la_p14_s5.jpg,plain_negative
sections/la_p2_s1.jpg,sections/la_p15_s1.jpg,plain_negative
sections/la_p2_s1.jpg,sections/la_p15_s2.jpg,plain_negative
sections/la_p2_s1.jpg,sections/la_p16_s1.jpg,plain_negative
sections/la_p2_s1.jpg,sections/la_p16_s2.jpg,plain_negative
sections/la_p2_s1.jpg,sections/la_p16_s3.jpg,plain_negative
sections/la_p2_s1.jpg,sections/la_p16_s4.jpg,plain_negative
sections/la_p2_s1.jpg,sections/la_p16_s5.jpg,plain_negative
sections/la_p2_s1.jpg,sections/la_p17_s1.jpg,plain_negative
sections/la_p2_s1.jpg,sections/la_p17_s2.jpg,plain_negative
sections/la_p2_s1.jpg,sections/la_p17_s3.jpg,plain_negative
sections/la_p2_s1.jpg,sections/la_p17_s4.jpg,plain_negative
sections/la_p2_s1.jpg,sections/la_p17_s6.jpg,plain_negative
sections/la_p2_s1.jpg,sections/la_p18_s2.jpg,plain_negative
sections/la_p2_s1.jpg,sections/la_p18_s4.jpg,plain_negative
sections/la_p2_s1.jpg,sections/la_p18_s5.jpg,plain_negative
sections/la_p2_s1.jpg,sections/la_p18_s7.jpg,plain_negative
sections/la_p2_s1.jpg,sections/la_p19_s1.jpg,plain_negative
sections/la_p2_s1.jpg,sections/la_p19_s2.jpg,plain_negative
sections/la_p2_s1.jpg,sections/la_p19_s4.jpg,plain_negative
sections/la_p2_s2.jpg,sections/la_p2_s3.jpg,soft_positive
sections/la_p2_s2.jpg,sections/la_p2_s4.jpg,topic_positive
sections/la_p2_s2.jpg,sections/la_p3_s1.jpg,plain_negative
sections/la_p2_s2.jpg,sections/la_p3_s2.jpg,plain_negative
sections/la_p2_s2.jpg,sections/la_p3_s3.jpg,plain_negative
sections/la_p2_s2.jpg,sections/la_p3_s4.jpg,plain_negative
sections/la_p2_s2.jpg,sections/la_p5_s1.jpg,plain_negative
sections/la_p2_s2.jpg,sections/la_p5_s2.jpg,plain_negative
sections/la_p2_s2.jpg,sections/la_p5_s3.jpg,plain_negative
sections/la_p2_s2.jpg,sections/la_p6_s1.jpg,plain_negative
sections/la_p2_s2.jpg,sections/la_p6_s3.jpg,plain_negative
sections/la_p2_s2.jpg,sections/la_p7_s1.jpg,plain_negative
sections/la_p2_s2.jpg,sections/la_p7_s2.jpg,plain_negative
sections/la_p2_s2.jpg,sections/la_p7_s3.jpg,plain_negative
sections/la_p2_s2.jpg,sections/la_p8_s1.jpg,plain_negative
sections/la_p2_s2.jpg,sections/la_p8_s2.jpg,plain_negative
sections/la_p2_s2.jpg,sections/la_p8_s3.jpg,plain_negative
sections/la_p2_s2.jpg,sections/la_p8_s4.jpg,plain_negative
sections/la_p2_s2.jpg,sections/la_p9_s1.jpg,plain_negative
sections/la_p2_s2.jpg,sections/la_p9_s2.jpg,plain_negative
sections/la_p2_s2.jpg,sections/la_p9_s3.jpg,plain_negative
sections/la_p2_s2.jpg,sections/la_p9_s5.jpg,plain_negative
sections/la_p2_s2.jpg,sections/la_p10_s1.jpg,plain_negative
sections/la_p2_s2.jpg,sections/la_p10_s2.jpg,plain_negative
sections/la_p2_s2.jpg,sections/la_p10_s3.jpg,plain_negative
sections/la_p2_s2.jpg,sections/la_p10_s4.jpg,plain_negative
sections/la_p2_s2.jpg,sections/la_p10_s6.jpg,plain_negative
sections/la_p2_s2.jpg,sections/la_p11_s1.jpg,plain_negative
sections/la_p2_s2.jpg,sections/la_p11_s2.jpg,plain_negative
sections/la_p2_s2.jpg,sections/la_p11_s4.jpg,plain_negative
sections/la_p2_s2.jpg,sections/la_p11_s6.jpg,plain_negative
sections/la_p2_s2.jpg,sections/la_p12_s1.jpg,plain_negative
sections/la_p2_s2.jpg,sections/la_p12_s2.jpg,plain_negative
sections/la_p2_s2.jpg,sections/la_p12_s3.jpg,plain_negative
sections/la_p2_s2.jpg,sections/la_p13_s1.jpg,plain_negative
sections/la_p2_s2.jpg,sections/la_p13_s2.jpg,plain_negative
sections/la_p2_s2.jpg,sections/la_p13_s3.jpg,plain_negative
sections/la_p2_s2.jpg,sections/la_p13_s4.jpg,plain_negative
sections/la_p2_s2.jpg,sections/la_p13_s5.jpg,plain_negative
sections/la_p2_s2.jpg,sections/la_p13_s6.jpg,plain_negative
sections/la_p2_s2.jpg,sections/la_p14_s1.jpg,plain_negative
sections/la_p2_s2.jpg,sections/la_p14_s2.jpg,plain_negative
sections/la_p2_s2.jpg,sections/la_p14_s3.jpg,plain_negative
sections/la_p2_s2.jpg,sections/la_p14_s4.jpg,plain_negative
sections/la_p2_s2.jpg,sections/la_p14_s5.jpg,plain_negative
sections/la_p2_s2.jpg,sections/la_p15_s1.jpg,plain_negative
sections/la_p2_s2.jpg,sections/la_p15_s2.jpg,plain_negative
sections/la_p2_s2.jpg,sections/la_p16_s1.jpg,plain_negative
sections/la_p2_s2.jpg,sections/la_p16_s2.jpg,plain_negative
sections/la_p2_s2.jpg,sections/la_p16_s3.jpg,plain_negative
sections/la_p2_s2.jpg,sections/la_p16_s4.jpg,plain_negative
sections/la_p2_s2.jpg,sections/la_p16_s5.jpg,plain_negative
sections/la_p2_s2.jpg,sections/la_p17_s1.jpg,plain_negative
sections/la_p2_s2.jpg,sections/la_p17_s2.jpg,plain_negative
sections/la_p2_s2.jpg,sections/la_p17_s3.jpg,plain_negative
sections/la_p2_s2.jpg,sections/la_p17_s4.jpg,plain_negative
sections/la_p2_s2.jpg,sections/la_p17_s6.jpg,plain_negative
sections/la_p2_s2.jpg,sections/la_p18_s2.jpg,plain_negative
sections/la_p2_s2.jpg,sections/la_p18_s4.jpg,plain_negative
sections/la_p2_s2.jpg,sections/la_p18_s5.jpg,plain_negative
sections/la_p2_s2.jpg,sections/la_p18_s7.jpg,plain_negative
sections/la_p2_s2.jpg,sections/la_p19_s1.jpg,plain_negative
sections/la_p2_s2.jpg,sections/la_p19_s2.jpg,plain_negative
sections/la_p2_s2.jpg,sections/la_p19_s4.jpg,plain_negative
sections/la_p2_s3.jpg,sections/la_p2_s4.jpg,soft_positive
sections/la_p2_s3.jpg,sections/la_p3_s1.jpg,plain_negative
sections/la_p2_s3.jpg,sections/la_p3_s2.jpg,plain_negative
sections/la_p2_s3.jpg,sections/la_p3_s3.jpg,plain_negative
sections/la_p2_s3.jpg,sections/la_p3_s4.jpg,plain_negative
sections/la_p2_s3.jpg,sections/la_p5_s1.jpg,plain_negative
sections/la_p2_s3.jpg,sections/la_p5_s2.jpg,plain_negative
sections/la_p2_s3.jpg,sections/la_p5_s3.jpg,plain_negative
sections/la_p2_s3.jpg,sections/la_p6_s1.jpg,plain_negative
sections/la_p2_s3.jpg,sections/la_p6_s3.jpg,plain_negative
sections/la_p2_s3.jpg,sections/la_p7_s1.jpg,plain_negative
sections/la_p2_s3.jpg,sections/la_p7_s2.jpg,plain_negative
sections/la_p2_s3.jpg,sections/la_p7_s3.jpg,plain_negative
sections/la_p2_s3.jpg,sections/la_p8_s1.jpg,plain_negative
sections/la_p2_s3.jpg,sections/la_p8_s2.jpg,plain_negative
sections/la_p2_s3.jpg,sections/la_p8_s3.jpg,plain_negative
sections/la_p2_s3.jpg,sections/la_p8_s4.jpg,plain_negative
sections/la_p2_s3.jpg,sections/la_p9_s1.jpg,plain_negative
sections/la_p2_s3.jpg,sections/la_p9_s2.jpg,plain_negative
sections/la_p2_s3.jpg,sections/la_p9_s3.jpg,plain_negative
sections/la_p2_s3.jpg,sections/la_p9_s5.jpg,plain_negative
sections/la_p2_s3.jpg,sections/la_p10_s1.jpg,plain_negative
sections/la_p2_s3.jpg,sections/la_p10_s2.jpg,plain_negative
sections/la_p2_s3.jpg,sections/la_p10_s3.jpg,plain_negative
sections/la_p2_s3.jpg,sections/la_p10_s4.jpg,plain_negative
sections/la_p2_s3.jpg,sections/la_p10_s6.jpg,plain_negative
sections/la_p2_s3.jpg,sections/la_p11_s1.jpg,plain_negative
sections/la_p2_s3.jpg,sections/la_p11_s2.jpg,plain_negative
sections/la_p2_s3.jpg,sections/la_p11_s4.jpg,plain_negative
sections/la_p2_s3.jpg,sections/la_p11_s6.jpg,plain_negative
sections/la_p2_s3.jpg,sections/la_p12_s1.jpg,plain_negative
sections/la_p2_s3.jpg,sections/la_p12_s2.jpg,plain_negative
sections/la_p2_s3.jpg,sections/la_p12_s3.jpg,plain_negative
sections/la_p2_s3.jpg,sections/la_p13_s1.jpg,plain_negative
sections/la_p2_s3.jpg,sections/la_p13_s2.jpg,plain_negative
sections/la_p2_s3.jpg,sections/la_p13_s3.jpg,plain_negative
sections/la_p2_s3.jpg,sections/la_p13_s4.jpg,plain_negative
sections/la_p2_s3.jpg,sections/la_p13_s5.jpg,plain_negative
sections/la_p2_s3.jpg,sections/la_p13_s6.jpg,plain_negative
sections/la_p2_s3.jpg,sections/la_p14_s1.jpg,plain_negative
sections/la_p2_s3.jpg,sections/la_p14_s2.jpg,plain_negative
sections/la_p2_s3.jpg,sections/la_p14_s3.jpg,plain_negative
sections/la_p2_s3.jpg,sections/la_p14_s4.jpg,plain_negative
sections/la_p2_s3.jpg,sections/la_p14_s5.jpg,plain_negative
sections/la_p2_s3.jpg,sections/la_p15_s1.jpg,plain_negative
sections/la_p2_s3.jpg,sections/la_p15_s2.jpg,plain_negative
sections/la_p2_s3.jpg,sections/la_p16_s1.jpg,plain_negative
sections/la_p2_s3.jpg,sections/la_p16_s2.jpg,plain_negative
sections/la_p2_s3.jpg,sections/la_p16_s3.jpg,plain_negative
sections/la_p2_s3.jpg,sections/la_p16_s4.jpg,plain_negative
sections/la_p2_s3.jpg,sections/la_p16_s5.jpg,plain_negative
sections/la_p2_s3.jpg,sections/la_p17_s1.jpg,plain_negative
sections/la_p2_s3.jpg,sections/la_p17_s2.jpg,plain_negative
sections/la_p2_s3.jpg,sections/la_p17_s3.jpg,plain_negative
sections/la_p2_s3.jpg,sections/la_p17_s4.jpg,plain_negative
sections/la_p2_s3.jpg,sections/la_p17_s6.jpg,plain_negative
sections/la_p2_s3.jpg,sections/la_p18_s2.jpg,plain_negative
sections/la_p2_s3.jpg,sections/la_p18_s4.jpg,plain_negative
sections/la_p2_s3.jpg,sections/la_p18_s5.jpg,plain_negative
sections/la_p2_s3.jpg,sections/la_p18_s7.jpg,plain_negative
sections/la_p2_s3.jpg,sections/la_p19_s1.jpg,plain_negative
sections/la_p2_s3.jpg,sections/la_p19_s2.jpg,plain_negative
sections/la_p2_s3.jpg,sections/la_p19_s4.jpg,plain_negative
sections/la_p2_s4.jpg,sections/la_p3_s1.jpg,plain_negative
sections/la_p2_s4.jpg,sections/la_p3_s2.jpg,plain_negative
sections/la_p2_s4.jpg,sections/la_p3_s3.jpg,plain_negative
sections/la_p2_s4.jpg,sections/la_p3_s4.jpg,plain_negative
sections/la_p2_s4.jpg,sections/la_p5_s1.jpg,plain_negative
sections/la_p2_s4.jpg,sections/la_p5_s2.jpg,plain_negative
sections/la_p2_s4.jpg,sections/la_p5_s3.jpg,plain_negative
sections/la_p2_s4.jpg,sections/la_p6_s1.jpg,plain_negative
sections/la_p2_s4.jpg,sections/la_p6_s3.jpg,plain_negative
sections/la_p2_s4.jpg,sections/la_p7_s1.jpg,plain_negative
sections/la_p2_s4.jpg,sections/la_p7_s2.jpg,plain_negative
sections/la_p2_s4.jpg,sections/la_p7_s3.jpg,plain_negative
sections/la_p2_s4.jpg,sections/la_p8_s1.jpg,plain_negative
sections/la_p2_s4.jpg,sections/la_p8_s2.jpg,plain_negative
sections/la_p2_s4.jpg,sections/la_p8_s3.jpg,plain_negative
sections/la_p2_s4.jpg,sections/la_p8_s4.jpg,plain_negative
sections/la_p2_s4.jpg,sections/la_p9_s1.jpg,plain_negative
sections/la_p2_s4.jpg,sections/la_p9_s2.jpg,plain_negative
sections/la_p2_s4.jpg,sections/la_p9_s3.jpg,plain_negative
sections/la_p2_s4.jpg,sections/la_p9_s5.jpg,plain_negative
sections/la_p2_s4.jpg,sections/la_p10_s1.jpg,plain_negative
sections/la_p2_s4.jpg,sections/la_p10_s2.jpg,plain_negative
sections/la_p2_s4.jpg,sections/la_p10_s3.jpg,plain_negative
sections/la_p2_s4.jpg,sections/la_p10_s4.jpg,plain_negative
sections/la_p2_s4.jpg,sections/la_p10_s6.jpg,plain_negative
sections/la_p2_s4.jpg,sections/la_p11_s1.jpg,plain_negative
sections/la_p2_s4.jpg,sections/la_p11_s2.jpg,plain_negative
sections/la_p2_s4.jpg,sections/la_p11_s4.jpg,plain_negative
sections/la_p2_s4.jpg,sections/la_p11_s6.jpg,plain_negative
sections/la_p2_s4.jpg,sections/la_p12_s1.jpg,plain_negative
sections/la_p2_s4.jpg,sections/la_p12_s2.jpg,plain_negative
sections/la_p2_s4.jpg,sections/la_p12_s3.jpg,plain_negative
sections/la_p2_s4.jpg,sections/la_p13_s1.jpg,plain_negative
sections/la_p2_s4.jpg,sections/la_p13_s2.jpg,plain_negative
sections/la_p2_s4.jpg,sections/la_p13_s3.jpg,plain_negative
sections/la_p2_s4.jpg,sections/la_p13_s4.jpg,plain_negative
sections/la_p2_s4.jpg,sections/la_p13_s5.jpg,plain_negative
sections/la_p2_s4.jpg,sections/la_p13_s6.jpg,plain_negative
sections/la_p2_s4.jpg,sections/la_p14_s1.jpg,plain_negative
sections/la_p2_s4.jpg,sections/la_p14_s2.jpg,plain_negative
sections/la_p2_s4.jpg,sections/la_p14_s3.jpg,plain_negative
sections/la_p2_s4.jpg,sections/la_p14_s4.jpg,plain_negative
sections/la_p2_s4.jpg,sections/la_p14_s5.jpg,plain_negative
sections/la_p2_s4.jpg,sections/la_p15_s1.jpg,plain_negative
sections/la_p2_s4.jpg,sections/la_p15_s2.jpg,plain_negative
sections/la_p2_s4.jpg,sections/la_p16_s1.jpg,plain_negative
sections/la_p2_s4.jpg,sections/la_p16_s2.jpg,plain_negative
sections/la_p2_s4.jpg,sections/la_p16_s3.jpg,plain_negative
sections/la_p2_s4.jpg,sections/la_p16_s4.jpg,plain_negative
sections/la_p2_s4.jpg,sections/la_p16_s5.jpg,plain_negative
sections/la_p2_s4.jpg,sections/la_p17_s1.jpg,plain_negative
sections/la_p2_s4.jpg,sections/la_p17_s2.jpg,plain_negative
sections/la_p2_s4.jpg,sections/la_p17_s3.jpg,plain_negative
sections/la_p2_s4.jpg,sections/la_p17_s4.jpg,plain_negative
sections/la_p2_s4.jpg,sections/la_p17_s6.jpg,plain_negative
sections/la_p2_s4.jpg,sections/la_p18_s2.jpg,plain_negative
sections/la_p2_s4.jpg,sections/la_p18_s4.jpg,plain_negative
sections/la_p2_s4.jpg,sections/la_p18_s5.jpg,plain_negative
sections/la_p2_s4.jpg,sections/la_p18_s7.jpg,plain_negative
sections/la_p2_s4.jpg,sections/la_p19_s1.jpg,plain_negative
sections/la_p2_s4.jpg,sections/la_p19_s2.jpg,plain_negative
sections/la_p2_s4.jpg,sections/la_p19_s4.jpg,plain_negative
sections/la_p3_s1.jpg,sections/la_p3_s2.jpg,soft_positive
sections/la_p3_s1.jpg,sections/la_p3_s3.jpg,soft_positive
sections/la_p3_s1.jpg,sections/la_p3_s4.jpg,soft_positive
sections/la_p3_s1.jpg,sections/la_p5_s1.jpg,soft_positive
sections/la_p3_s1.jpg,sections/la_p5_s2.jpg,plain_negative
sections/la_p3_s1.jpg,sections/la_p5_s3.jpg,plain_negative
sections/la_p3_s1.jpg,sections/la_p6_s1.jpg,plain_negative
sections/la_p3_s1.jpg,sections/la_p6_s3.jpg,plain_negative
sections/la_p3_s1.jpg,sections/la_p7_s1.jpg,plain_negative
sections/la_p3_s1.jpg,sections/la_p7_s2.jpg,plain_negative
sections/la_p3_s1.jpg,sections/la_p7_s3.jpg,plain_negative
sections/la_p3_s1.jpg,sections/la_p8_s1.jpg,plain_negative
sections/la_p3_s1.jpg,sections/la_p8_s2.jpg,plain_negative
sections/la_p3_s1.jpg,sections/la_p8_s3.jpg,plain_negative
sections/la_p3_s1.jpg,sections/la_p8_s4.jpg,plain_negative
sections/la_p3_s1.jpg,sections/la_p9_s1.jpg,plain_negative
sections/la_p3_s1.jpg,sections/la_p9_s2.jpg,plain_negative
sections/la_p3_s1.jpg,sections/la_p9_s3.jpg,plain_negative
sections/la_p3_s1.jpg,sections/la_p9_s5.jpg,plain_negative
sections/la_p3_s1.jpg,sections/la_p10_s1.jpg,plain_negative
sections/la_p3_s1.jpg,sections/la_p10_s2.jpg,plain_negative
sections/la_p3_s1.jpg,sections/la_p10_s3.jpg,plain_negative
sections/la_p3_s1.jpg,sections/la_p10_s4.jpg,plain_negative
sections/la_p3_s1.jpg,sections/la_p10_s6.jpg,plain_negative
sections/la_p3_s1.jpg,sections/la_p11_s1.jpg,plain_negative
sections/la_p3_s1.jpg,sections/la_p11_s2.jpg,plain_negative
sections/la_p3_s1.jpg,sections/la_p11_s4.jpg,plain_negative
sections/la_p3_s1.jpg,sections/la_p11_s6.jpg,plain_negative
sections/la_p3_s1.jpg,sections/la_p12_s1.jpg,plain_negative
sections/la_p3_s1.jpg,sections/la_p12_s2.jpg,plain_negative
sections/la_p3_s1.jpg,sections/la_p12_s3.jpg,plain_negative
sections/la_p3_s1.jpg,sections/la_p13_s1.jpg,plain_negative
sections/la_p3_s1.jpg,sections/la_p13_s2.jpg,plain_negative
sections/la_p3_s1.jpg,sections/la_p13_s3.jpg,plain_negative
sections/la_p3_s1.jpg,sections/la_p13_s4.jpg,plain_negative
sections/la_p3_s1.jpg,sections/la_p13_s5.jpg,plain_negative
sections/la_p3_s1.jpg,sections/la_p13_s6.jpg,plain_negative
sections/la_p3_s1.jpg,sections/la_p14_s1.jpg,plain_negative
sections/la_p3_s1.jpg,sections/la_p14_s2.jpg,plain_negative
sections/la_p3_s1.jpg,sections/la_p14_s3.jpg,plain_negative
sections/la_p3_s1.jpg,sections/la_p14_s4.jpg,plain_negative
sections/la_p3_s1.jpg,sections/la_p14_s5.jpg,plain_negative
sections/la_p3_s1.jpg,sections/la_p15_s1.jpg,plain_negative
sections/la_p3_s1.jpg,sections/la_p15_s2.jpg,plain_negative
sections/la_p3_s1.jpg,sections/la_p16_s1.jpg,plain_negative
sections/la_p3_s1.jpg,sections/la_p16_s2.jpg,plain_negative
sections/la_p3_s1.jpg,sections/la_p16_s3.jpg,plain_negative
sections/la_p3_s1.jpg,sections/la_p16_s4.jpg,plain_negative
sections/la_p3_s1.jpg,sections/la_p16_s5.jpg,plain_negative
sections/la_p3_s1.jpg,sections/la_p17_s1.jpg,plain_negative
sections/la_p3_s1.jpg,sections/la_p17_s2.jpg,plain_negative
sections/la_p3_s1.jpg,sections/la_p17_s3.jpg,plain_negative
sections/la_p3_s1.jpg,sections/la_p17_s4.jpg,plain_negative
sections/la_p3_s1.jpg,sections/la_p17_s6.jpg,plain_negative
sections/la_p3_s1.jpg,sections/la_p18_s2.jpg,plain_negative
sections/la_p3_s1.jpg,sections/la_p18_s4.jpg,plain_negative
sections/la_p3_s1.jpg,sections/la_p18_s5.jpg,plain_negative
sections/la_p3_s1.jpg,sections/la_p18_s7.jpg,plain_negative
sections/la_p3_s1.jpg,sections/la_p19_s1.jpg,plain_negative
sections/la_p3_s1.jpg,sections/la_p19_s2.jpg,plain_negative
sections/la_p3_s1.jpg,sections/la_p19_s4.jpg,plain_negative
sections/la_p3_s2.jpg,sections/la_p3_s3.jpg,topic_positive
sections/la_p3_s2.jpg,sections/la_p3_s4.jpg,soft_positive
sections/la_p3_s2.jpg,sections/la_p5_s1.jpg,topic_positive
sections/la_p3_s2.jpg,sections/la_p5_s2.jpg,plain_negative
sections/la_p3_s2.jpg,sections/la_p5_s3.jpg,plain_negative
sections/la_p3_s2.jpg,sections/la_p6_s1.jpg,plain_negative
sections/la_p3_s2.jpg,sections/la_p6_s3.jpg,plain_negative
sections/la_p3_s2.jpg,sections/la_p7_s1.jpg,plain_negative
sections/la_p3_s2.jpg,sections/la_p7_s2.jpg,plain_negative
sections/la_p3_s2.jpg,sections/la_p7_s3.jpg,plain_negative
sections/la_p3_s2.jpg,sections/la_p8_s1.jpg,plain_negative
sections/la_p3_s2.jpg,sections/la_p8_s2.jpg,plain_negative
sections/la_p3_s2.jpg,sections/la_p8_s3.jpg,plain_negative
sections/la_p3_s2.jpg,sections/la_p8_s4.jpg,plain_negative
sections/la_p3_s2.jpg,sections/la_p9_s1.jpg,plain_negative
sections/la_p3_s2.jpg,sections/la_p9_s2.jpg,plain_negative
sections/la_p3_s2.jpg,sections/la_p9_s3.jpg,plain_negative
sections/la_p3_s2.jpg,sections/la_p9_s5.jpg,plain_negative
sections/la_p3_s2.jpg,sections/la_p10_s1.jpg,plain_negative
sections/la_p3_s2.jpg,sections/la_p10_s2.jpg,plain_negative
sections/la_p3_s2.jpg,sections/la_p10_s3.jpg,plain_negative
sections/la_p3_s2.jpg,sections/la_p10_s4.jpg,plain_negative
sections/la_p3_s2.jpg,sections/la_p10_s6.jpg,plain_negative
sections/la_p3_s2.jpg,sections/la_p11_s1.jpg,plain_negative
sections/la_p3_s2.jpg,sections/la_p11_s2.jpg,plain_negative
sections/la_p3_s2.jpg,sections/la_p11_s4.jpg,plain_negative
sections/la_p3_s2.jpg,sections/la_p11_s6.jpg,plain_negative
sections/la_p3_s2.jpg,sections/la_p12_s1.jpg,plain_negative
sections/la_p3_s2.jpg,sections/la_p12_s2.jpg,plain_negative
sections/la_p3_s2.jpg,sections/la_p12_s3.jpg,plain_negative
sections/la_p3_s2.jpg,sections/la_p13_s1.jpg,plain_negative
sections/la_p3_s2.jpg,sections/la_p13_s2.jpg,plain_negative
sections/la_p3_s2.jpg,sections/la_p13_s3.jpg,plain_negative
sections/la_p3_s2.jpg,sections/la_p13_s4.jpg,plain_negative
sections/la_p3_s2.jpg,sections/la_p13_s5.jpg,plain_negative
sections/la_p3_s2.jpg,sections/la_p13_s6.jpg,plain_negative
sections/la_p3_s2.jpg,sections/la_p14_s1.jpg,plain_negative
sections/la_p3_s2.jpg,sections/la_p14_s2.jpg,plain_negative
sections/la_p3_s2.jpg,sections/la_p14_s3.jpg,plain_negative
sections/la_p3_s2.jpg,sections/la_p14_s4.jpg,plain_negative
sections/la_p3_s2.jpg,sections/la_p14_s5.jpg,plain_negative
sections/la_p3_s2.jpg,sections/la_p15_s1.jpg,plain_negative
sections/la_p3_s2.jpg,sections/la_p15_s2.jpg,plain_negative
sections/la_p3_s2.jpg,sections/la_p16_s1.jpg,plain_negative
sections/la_p3_s2.jpg,sections/la_p16_s2.jpg,plain_negative
sections/la_p3_s2.jpg,sections/la_p16_s3.jpg,plain_negative
sections/la_p3_s2.jpg,sections/la_p16_s4.jpg,plain_negative
sections/la_p3_s2.jpg,sections/la_p16_s5.jpg,plain_negative
sections/la_p3_s2.jpg,sections/la_p17_s1.jpg,plain_negative
sections/la_p3_s2.jpg,sections/la_p17_s2.jpg,plain_negative
sections/la_p3_s2.jpg,sections/la_p17_s3.jpg,plain_negative
sections/la_p3_s2.jpg,sections/la_p17_s4.jpg,plain_negative
sections/la_p3_s2.jpg,sections/la_p17_s6.jpg,plain_negative
sections/la_p3_s2.jpg,sections/la_p18_s2.jpg,plain_negative
sections/la_p3_s2.jpg,sections/la_p18_s4.jpg,plain_negative
sections/la_p3_s2.jpg,sections/la_p18_s5.jpg,plain_negative
sections/la_p3_s2.jpg,sections/la_p18_s7.jpg,plain_negative
sections/la_p3_s2.jpg,sections/la_p19_s1.jpg,plain_negative
sections/la_p3_s2.jpg,sections/la_p19_s2.jpg,plain_negative
sections/la_p3_s2.jpg,sections/la_p19_s4.jpg,plain_negative
sections/la_p3_s3.jpg,sections/la_p3_s4.jpg,soft_positive
sections/la_p3_s3.jpg,sections/la_p5_s1.jpg,topic_positive
sections/la_p3_s3.jpg,sections/la_p5_s2.jpg,plain_negative
sections/la_p3_s3.jpg,sections/la_p5_s3.jpg,plain_negative
sections/la_p3_s3.jpg,sections/la_p6_s1.jpg,plain_negative
sections/la_p3_s3.jpg,sections/la_p6_s3.jpg,plain_negative
sections/la_p3_s3.jpg,sections/la_p7_s1.jpg,plain_negative
sections/la_p3_s3.jpg,sections/la_p7_s2.jpg,plain_negative
sections/la_p3_s3.jpg,sections/la_p7_s3.jpg,plain_negative
sections/la_p3_s3.jpg,sections/la_p8_s1.jpg,plain_negative
sections/la_p3_s3.jpg,sections/la_p8_s2.jpg,plain_negative
sections/la_p3_s3.jpg,sections/la_p8_s3.jpg,plain_negative
sections/la_p3_s3.jpg,sections/la_p8_s4.jpg,plain_negative
sections/la_p3_s3.jpg,sections/la_p9_s1.jpg,plain_negative
sections/la_p3_s3.jpg,sections/la_p9_s2.jpg,plain_negative
sections/la_p3_s3.jpg,sections/la_p9_s3.jpg,plain_negative
sections/la_p3_s3.jpg,sections/la_p9_s5.jpg,plain_negative
sections/la_p3_s3.jpg,sections/la_p10_s1.jpg,plain_negative
sections/la_p3_s3.jpg,sections/la_p10_s2.jpg,plain_negative
sections/la_p3_s3.jpg,sections/la_p10_s3.jpg,plain_negative
sections/la_p3_s3.jpg,sections/la_p10_s4.jpg,plain_negative
sections/la_p3_s3.jpg,sections/la_p10_s6.jpg,plain_negative
sections/la_p3_s3.jpg,sections/la_p11_s1.jpg,plain_negative
sections/la_p3_s3.jpg,sections/la_p11_s2.jpg,plain_negative
sections/la_p3_s3.jpg,sections/la_p11_s4.jpg,plain_negative
sections/la_p3_s3.jpg,sections/la_p11_s6.jpg,plain_negative
sections/la_p3_s3.jpg,sections/la_p12_s1.jpg,plain_negative
sections/la_p3_s3.jpg,sections/la_p12_s2.jpg,plain_negative
sections/la_p3_s3.jpg,sections/la_p12_s3.jpg,plain_negative
sections/la_p3_s3.jpg,sections/la_p13_s1.jpg,plain_negative
sections/la_p3_s3.jpg,sections/la_p13_s2.jpg,plain_negative
sections/la_p3_s3.jpg,sections/la_p13_s3.jpg,plain_negative
sections/la_p3_s3.jpg,sections/la_p13_s4.jpg,plain_negative
sections/la_p3_s3.jpg,sections/la_p13_s5.jpg,plain_negative
sections/la_p3_s3.jpg,sections/la_p13_s6.jpg,plain_negative
sections/la_p3_s3.jpg,sections/la_p14_s1.jpg,plain_negative
sections/la_p3_s3.jpg,sections/la_p14_s2.jpg,plain_negative
sections/la_p3_s3.jpg,sections/la_p14_s3.jpg,plain_negative
sections/la_p3_s3.jpg,sections/la_p14_s4.jpg,plain_negative
sections/la_p3_s3.jpg,sections/la_p14_s5.jpg,plain_negative
sections/la_p3_s3.jpg,sections/la_p15_s1.jpg,plain_negative
sections/la_p3_s3.jpg,sections/la_p15_s2.jpg,plain_negative
sections/la_p3_s3.jpg,sections/la_p16_s1.jpg,plain_negative
sections/la_p3_s3.jpg,sections/la_p16_s2.jpg,plain_negative
sections/la_p3_s3.jpg,sections/la_p16_s3.jpg,plain_negative
sections/la_p3_s3.jpg,sections/la_p16_s4.jpg,plain_negative
sections/la_p3_s3.jpg,sections/la_p16_s5.jpg,plain_negative
sections/la_p3_s3.jpg,sections/la_p17_s1.jpg,plain_negative
sections/la_p3_s3.jpg,sections/la_p17_s2.jpg,plain_negative
sections/la_p3_s3.jpg,sections/la_p17_s3.jpg,plain_negative
sections/la_p3_s3.jpg,sections/la_p17_s4.jpg,plain_negative
sections/la_p3_s3.jpg,sections/la_p17_s6.jpg,plain_negative
sections/la_p3_s3.jpg,sections/la_p18_s2.jpg,plain_negative
sections/la_p3_s3.jpg,sections/la_p18_s4.jpg,plain_negative
sections/la_p3_s3.jpg,sections/la_p18_s5.jpg,plain_negative
sections/la_p3_s3.jpg,sections/la_p18_s7.jpg,plain_negative
sections/la_p3_s3.jpg,sections/la_p19_s1.jpg,plain_negative
sections/la_p3_s3.jpg,sections/la_p19_s2.jpg,plain_negative
sections/la_p3_s3.jpg,sections/la_p19_s4.jpg,plain_negative
sections/la_p3_s4.jpg,sections/la_p5_s1.jpg,soft_positive
sections/la_p3_s4.jpg,sections/la_p5_s2.jpg,plain_negative
sections/la_p3_s4.jpg,sections/la_p5_s3.jpg,plain_negative
sections/la_p3_s4.jpg,sections/la_p6_s1.jpg,plain_negative
sections/la_p3_s4.jpg,sections/la_p6_s3.jpg,plain_negative
sections/la_p3_s4.jpg,sections/la_p7_s1.jpg,plain_negative
sections/la_p3_s4.jpg,sections/la_p7_s2.jpg,plain_negative
sections/la_p3_s4.jpg,sections/la_p7_s3.jpg,plain_negative
sections/la_p3_s4.jpg,sections/la_p8_s1.jpg,plain_negative
sections/la_p3_s4.jpg,sections/la_p8_s2.jpg,plain_negative
sections/la_p3_s4.jpg,sections/la_p8_s3.jpg,plain_negative
sections/la_p3_s4.jpg,sections/la_p8_s4.jpg,plain_negative
sections/la_p3_s4.jpg,sections/la_p9_s1.jpg,plain_negative
sections/la_p3_s4.jpg,sections/la_p9_s2.jpg,plain_negative
sections/la_p3_s4.jpg,sections/la_p9_s3.jpg,plain_negative
sections/la_p3_s4.jpg,sections/la_p9_s5.jpg,plain_negative
sections/la_p3_s4.jpg,sections/la_p10_s1.jpg,plain_negative
sections/la_p3_s4.jpg,sections/la_p10_s2.jpg,plain_negative
sections/la_p3_s4.jpg,sections/la_p10_s3.jpg,plain_negative
sections/la_p3_s4.jpg,sections/la_p10_s4.jpg,plain_negative
sections/la_p3_s4.jpg,sections/la_p10_s6.jpg,plain_negative
sections/la_p3_s4.jpg,sections/la_p11_s1.jpg,plain_negative
sections/la_p3_s4.jpg,sections/la_p11_s2.jpg,plain_negative
sections/la_p3_s4.jpg,sections/la_p11_s4.jpg,plain_negative
sections/la_p3_s4.jpg,sections/la_p11_s6.jpg,plain_negative
sections/la_p3_s4.jpg,sections/la_p12_s1.jpg,plain_negative
sections/la_p3_s4.jpg,sections/la_p12_s2.jpg,plain_negative
sections/la_p3_s4.jpg,sections/la_p12_s3.jpg,plain_negative
sections/la_p3_s4.jpg,sections/la_p13_s1.jpg,plain_negative
sections/la_p3_s4.jpg,sections/la_p13_s2.jpg,plain_negative
sections/la_p3_s4.jpg,sections/la_p13_s3.jpg,plain_negative
sections/la_p3_s4.jpg,sections/la_p13_s4.jpg,plain_negative
sections/la_p3_s4.jpg,sections/la_p13_s5.jpg,plain_negative
sections/la_p3_s4.jpg,sections/la_p13_s6.jpg,plain_negative
sections/la_p3_s4.jpg,sections/la_p14_s1.jpg,plain_negative
sections/la_p3_s4.jpg,sections/la_p14_s2.jpg,plain_negative
sections/la_p3_s4.jpg,sections/la_p14_s3.jpg,plain_negative
sections/la_p3_s4.jpg,sections/la_p14_s4.jpg,plain_negative
sections/la_p3_s4.jpg,sections/la_p14_s5.jpg,plain_negative
sections/la_p3_s4.jpg,sections/la_p15_s1.jpg,plain_negative
sections/la_p3_s4.jpg,sections/la_p15_s2.jpg,plain_negative
sections/la_p3_s4.jpg,sections/la_p16_s1.jpg,plain_negative
sections/la_p3_s4.jpg,sections/la_p16_s2.jpg,plain_negative
sections/la_p3_s4.jpg,sections/la_p16_s3.jpg,plain_negative
sections/la_p3_s4.jpg,sections/la_p16_s4.jpg,plain_negative
sections/la_p3_s4.jpg,sections/la_p16_s5.jpg,plain_negative
sections/la_p3_s4.jpg,sections/la_p17_s1.jpg,plain_negative
sections/la_p3_s4.jpg,sections/la_p17_s2.jpg,plain_negative
sections/la_p3_s4.jpg,sections/la_p17_s3.jpg,plain_negative
sections/la_p3_s4.jpg,sections/la_p17_s4.jpg,plain_negative
sections/la_p3_s4.jpg,sections/la_p17_s6.jpg,plain_negative
sections/la_p3_s4.jpg,sections/la_p18_s2.jpg,plain_negative
sections/la_p3_s4.jpg,sections/la_p18_s4.jpg,plain_negative
sections/la_p3_s4.jpg,sections/la_p18_s5.jpg,plain_negative
sections/la_p3_s4.jpg,sections/la_p18_s7.jpg,plain_negative
sections/la_p3_s4.jpg,sections/la_p19_s1.jpg,plain_negative
sections/la_p3_s4.jpg,sections/la_p19_s2.jpg,plain_negative
sections/la_p3_s4.jpg,sections/la_p19_s4.jpg,plain_negative
sections/la_p5_s1.jpg,sections/la_p5_s2.jpg,plain_negative
sections/la_p5_s1.jpg,sections/la_p5_s3.jpg,plain_negative
sections/la_p5_s1.jpg,sections/la_p6_s1.jpg,plain_negative
sections/la_p5_s1.jpg,sections/la_p6_s3.jpg,plain_negative
sections/la_p5_s1.jpg,sections/la_p7_s1.jpg,plain_negative
sections/la_p5_s1.jpg,sections/la_p7_s2.jpg,plain_negative
sections/la_p5_s1.jpg,sections/la_p7_s3.jpg,plain_negative
sections/la_p5_s1.jpg,sections/la_p8_s1.jpg,plain_negative
sections/la_p5_s1.jpg,sections/la_p8_s2.jpg,plain_negative
sections/la_p5_s1.jpg,sections/la_p8_s3.jpg,plain_negative
sections/la_p5_s1.jpg,sections/la_p8_s4.jpg,plain_negative
sections/la_p5_s1.jpg,sections/la_p9_s1.jpg,plain_negative
sections/la_p5_s1.jpg,sections/la_p9_s2.jpg,plain_negative
sections/la_p5_s1.jpg,sections/la_p9_s3.jpg,plain_negative
sections/la_p5_s1.jpg,sections/la_p9_s5.jpg,plain_negative
sections/la_p5_s1.jpg,sections/la_p10_s1.jpg,plain_negative
sections/la_p5_s1.jpg,sections/la_p10_s2.jpg,plain_negative
sections/la_p5_s1.jpg,sections/la_p10_s3.jpg,plain_negative
sections/la_p5_s1.jpg,sections/la_p10_s4.jpg,plain_negative
sections/la_p5_s1.jpg,sections/la_p10_s6.jpg,plain_negative
sections/la_p5_s1.jpg,sections/la_p11_s1.jpg,plain_negative
sections/la_p5_s1.jpg,sections/la_p11_s2.jpg,plain_negative
sections/la_p5_s1.jpg,sections/la_p11_s4.jpg,plain_negative
sections/la_p5_s1.jpg,sections/la_p11_s6.jpg,plain_negative
sections/la_p5_s1.jpg,sections/la_p12_s1.jpg,plain_negative
sections/la_p5_s1.jpg,sections/la_p12_s2.jpg,plain_negative
sections/la_p5_s1.jpg,sections/la_p12_s3.jpg,plain_negative
sections/la_p5_s1.jpg,sections/la_p13_s1.jpg,plain_negative
sections/la_p5_s1.jpg,sections/la_p13_s2.jpg,plain_negative
sections/la_p5_s1.jpg,sections/la_p13_s3.jpg,plain_negative
sections/la_p5_s1.jpg,sections/la_p13_s4.jpg,plain_negative
sections/la_p5_s1.jpg,sections/la_p13_s5.jpg,plain_negative
sections/la_p5_s1.jpg,sections/la_p13_s6.jpg,plain_negative
sections/la_p5_s1.jpg,sections/la_p14_s1.jpg,plain_negative
sections/la_p5_s1.jpg,sections/la_p14_s2.jpg,plain_negative
sections/la_p5_s1.jpg,sections/la_p14_s3.jpg,plain_negative
sections/la_p5_s1.jpg,sections/la_p14_s4.jpg,plain_negative
sections/la_p5_s1.jpg,sections/la_p14_s5.jpg,plain_negative
sections/la_p5_s1.jpg,sections/la_p15_s1.jpg,plain_negative
sections/la_p5_s1.jpg,sections/la_p15_s2.jpg,plain_negative
sections/la_p5_s1.jpg,sections/la_p16_s1.jpg,plain_negative
sections/la_p5_s1.jpg,sections/la_p16_s2.jpg,plain_negative
sections/la_p5_s1.jpg,sections/la_p16_s3.jpg,plain_negative
sections/la_p5_s1.jpg,sections/la_p16_s4.jpg,plain_negative
sections/la_p5_s1.jpg,sections/la_p16_s5.jpg,plain_negative
sections/la_p5_s1.jpg,sections/la_p17_s1.jpg,plain_negative
sections/la_p5_s1.jpg,sections/la_p17_s2.jpg,plain_negative
sections/la_p5_s1.jpg,sections/la_p17_s3.jpg,plain_negative
sections/la_p5_s1.jpg,sections/la_p17_s4.jpg,plain_negative
sections/la_p5_s1.jpg,sections/la_p17_s6.jpg,plain_negative
sections/la_p5_s1.jpg,sections/la_p18_s2.jpg,plain_negative
sections/la_p5_s1.jpg,sections/la_p18_s4.jpg,plain_negative
sections/la_p5_s1.jpg,sections/la_p18_s5.jpg,plain_negative
sections/la_p5_s1.jpg,sections/la_p18_s7.jpg,plain_negative
sections/la_p5_s1.jpg,sections/la_p19_s1.jpg,plain_negative
sections/la_p5_s1.jpg,sections/la_p19_s2.jpg,plain_negative
sections/la_p5_s1.jpg,sections/la_p19_s4.jpg,plain_negative
sections/la_p5_s2.jpg,sections/la_p5_s3.jpg,soft_positive
sections/la_p5_s2.jpg,sections/la_p6_s1.jpg,plain_negative
sections/la_p5_s2.jpg,sections/la_p6_s3.jpg,plain_negative
sections/la_p5_s2.jpg,sections/la_p7_s1.jpg,plain_negative
sections/la_p5_s2.jpg,sections/la_p7_s2.jpg,plain_negative
sections/la_p5_s2.jpg,sections/la_p7_s3.jpg,plain_negative
sections/la_p5_s2.jpg,sections/la_p8_s1.jpg,plain_negative
sections/la_p5_s2.jpg,sections/la_p8_s2.jpg,plain_negative
sections/la_p5_s2.jpg,sections/la_p8_s3.jpg,plain_negative
sections/la_p5_s2.jpg,sections/la_p8_s4.jpg,plain_negative
sections/la_p5_s2.jpg,sections/la_p9_s1.jpg,plain_negative
sections/la_p5_s2.jpg,sections/la_p9_s2.jpg,plain_negative
sections/la_p5_s2.jpg,sections/la_p9_s3.jpg,plain_negative
sections/la_p5_s2.jpg,sections/la_p9_s5.jpg,plain_negative
sections/la_p5_s2.jpg,sections/la_p10_s1.jpg,plain_negative
sections/la_p5_s2.jpg,sections/la_p10_s2.jpg,plain_negative
sections/la_p5_s2.jpg,sections/la_p10_s3.jpg,plain_negative
sections/la_p5_s2.jpg,sections/la_p10_s4.jpg,plain_negative
sections/la_p5_s2.jpg,sections/la_p10_s6.jpg,plain_negative
sections/la_p5_s2.jpg,sections/la_p11_s1.jpg,plain_negative
sections/la_p5_s2.jpg,sections/la_p11_s2.jpg,plain_negative
sections/la_p5_s2.jpg,sections/la_p11_s4.jpg,plain_negative
sections/la_p5_s2.jpg,sections/la_p11_s6.jpg,plain_negative
sections/la_p5_s2.jpg,sections/la_p12_s1.jpg,plain_negative
sections/la_p5_s2.jpg,sections/la_p12_s2.jpg,plain_negative
sections/la_p5_s2.jpg,sections/la_p12_s3.jpg,plain_negative
sections/la_p5_s2.jpg,sections/la_p13_s1.jpg,plain_negative
sections/la_p5_s2.jpg,sections/la_p13_s2.jpg,plain_negative
sections/la_p5_s2.jpg,sections/la_p13_s3.jpg,plain_negative
sections/la_p5_s2.jpg,sections/la_p13_s4.jpg,plain_negative
sections/la_p5_s2.jpg,sections/la_p13_s5.jpg,plain_negative
sections/la_p5_s2.jpg,sections/la_p13_s6.jpg,plain_negative
sections/la_p5_s2.jpg,sections/la_p14_s1.jpg,plain_negative
sections/la_p5_s2.jpg,sections/la_p14_s2.jpg,plain_negative
sections/la_p5_s2.jpg,sections/la_p14_s3.jpg,plain_negative
sections/la_p5_s2.jpg,sections/la_p14_s4.jpg,plain_negative
sections/la_p5_s2.jpg,sections/la_p14_s5.jpg,plain_negative
sections/la_p5_s2.jpg,sections/la_p15_s1.jpg,plain_negative
sections/la_p5_s2.jpg,sections/la_p15_s2.jpg,plain_negative
sections/la_p5_s2.jpg,sections/la_p16_s1.jpg,plain_negative
sections/la_p5_s2.jpg,sections/la_p16_s2.jpg,plain_negative
sections/la_p5_s2.jpg,sections/la_p16_s3.jpg,plain_negative
sections/la_p5_s2.jpg,sections/la_p16_s4.jpg,plain_negative
sections/la_p5_s2.jpg,sections/la_p16_s5.jpg,plain_negative
sections/la_p5_s2.jpg,sections/la_p17_s1.jpg,plain_negative
sections/la_p5_s2.jpg,sections/la_p17_s2.jpg,plain_negative
sections/la_p5_s2.jpg,sections/la_p17_s3.jpg,plain_negative
sections/la_p5_s2.jpg,sections/la_p17_s4.jpg,plain_negative
sections/la_p5_s2.jpg,sections/la_p17_s6.jpg,plain_negative
sections/la_p5_s2.jpg,sections/la_p18_s2.jpg,plain_negative
sections/la_p5_s2.jpg,sections/la_p18_s4.jpg,plain_negative
sections/la_p5_s2.jpg,sections/la_p18_s5.jpg,plain_negative
sections/la_p5_s2.jpg,sections/la_p18_s7.jpg,plain_negative
sections/la_p5_s2.jpg,sections/la_p19_s1.jpg,plain_negative
sections/la_p5_s2.jpg,sections/la_p19_s2.jpg,plain_negative
sections/la_p5_s2.jpg,sections/la_p19_s4.jpg,plain_negative
sections/la_p5_s3.jpg,sections/la_p6_s1.jpg,plain_negative
sections/la_p5_s3.jpg,sections/la_p6_s3.jpg,plain_negative
sections/la_p5_s3.jpg,sections/la_p7_s1.jpg,plain_negative
sections/la_p5_s3.jpg,sections/la_p7_s2.jpg,plain_negative
sections/la_p5_s3.jpg,sections/la_p7_s3.jpg,plain_negative
sections/la_p5_s3.jpg,sections/la_p8_s1.jpg,plain_negative
sections/la_p5_s3.jpg,sections/la_p8_s2.jpg,plain_negative
sections/la_p5_s3.jpg,sections/la_p8_s3.jpg,plain_negative
sections/la_p5_s3.jpg,sections/la_p8_s4.jpg,plain_negative
sections/la_p5_s3.jpg,sections/la_p9_s1.jpg,plain_negative
sections/la_p5_s3.jpg,sections/la_p9_s2.jpg,plain_negative
sections/la_p5_s3.jpg,sections/la_p9_s3.jpg,plain_negative
sections/la_p5_s3.jpg,sections/la_p9_s5.jpg,plain_negative
sections/la_p5_s3.jpg,sections/la_p10_s1.jpg,plain_negative
sections/la_p5_s3.jpg,sections/la_p10_s2.jpg,plain_negative
sections/la_p5_s3.jpg,sections/la_p10_s3.jpg,plain_negative
sections/la_p5_s3.jpg,sections/la_p10_s4.jpg,plain_negative
sections/la_p5_s3.jpg,sections/la_p10_s6.jpg,plain_negative
sections/la_p5_s3.jpg,sections/la_p11_s1.jpg,plain_negative
sections/la_p5_s3.jpg,sections/la_p11_s2.jpg,plain_negative
sections/la_p5_s3.jpg,sections/la_p11_s4.jpg,plain_negative
sections/la_p5_s3.jpg,sections/la_p11_s6.jpg,plain_negative
sections/la_p5_s3.jpg,sections/la_p12_s1.jpg,plain_negative
sections/la_p5_s3.jpg,sections/la_p12_s2.jpg,plain_negative
sections/la_p5_s3.jpg,sections/la_p12_s3.jpg,plain_negative
sections/la_p5_s3.jpg,sections/la_p13_s1.jpg,plain_negative
sections/la_p5_s3.jpg,sections/la_p13_s2.jpg,plain_negative
sections/la_p5_s3.jpg,sections/la_p13_s3.jpg,plain_negative
sections/la_p5_s3.jpg,sections/la_p13_s4.jpg,plain_negative
sections/la_p5_s3.jpg,sections/la_p13_s5.jpg,plain_negative
sections/la_p5_s3.jpg,sections/la_p13_s6.jpg,plain_negative
sections/la_p5_s3.jpg,sections/la_p14_s1.jpg,plain_negative
sections/la_p5_s3.jpg,sections/la_p14_s2.jpg,plain_negative
sections/la_p5_s3.jpg,sections/la_p14_s3.jpg,plain_negative
sections/la_p5_s3.jpg,sections/la_p14_s4.jpg,plain_negative
sections/la_p5_s3.jpg,sections/la_p14_s5.jpg,plain_negative
sections/la_p5_s3.jpg,sections/la_p15_s1.jpg,plain_negative
sections/la_p5_s3.jpg,sections/la_p15_s2.jpg,plain_negative
sections/la_p5_s3.jpg,sections/la_p16_s1.jpg,plain_negative
sections/la_p5_s3.jpg,sections/la_p16_s2.jpg,plain_negative
sections/la_p5_s3.jpg,sections/la_p16_s3.jpg,plain_negative
sections/la_p5_s3.jpg,sections/la_p16_s4.jpg,plain_negative
sections/la_p5_s3.jpg,sections/la_p16_s5.jpg,plain_negative
sections/la_p5_s3.jpg,sections/la_p17_s1.jpg,plain_negative
sections/la_p5_s3.jpg,sections/la_p17_s2.jpg,plain_negative
sections/la_p5_s3.jpg,sections/la_p17_s3.jpg,plain_negative
sections/la_p5_s3.jpg,sections/la_p17_s4.jpg,plain_negative
sections/la_p5_s3.jpg,sections/la_p17_s6.jpg,plain_negative
sections/la_p5_s3.jpg,sections/la_p18_s2.jpg,plain_negative
sections/la_p5_s3.jpg,sections/la_p18_s4.jpg,plain_negative
sections/la_p5_s3.jpg,sections/la_p18_s5.jpg,plain_negative
sections/la_p5_s3.jpg,sections/la_p18_s7.jpg,plain_negative
sections/la_p5_s3.jpg,sections/la_p19_s1.jpg,plain_negative
sections/la_p5_s3.jpg,sections/la_p19_s2.jpg,plain_negative
sections/la_p5_s3.jpg,sections/la_p19_s4.jpg,plain_negative
sections/la_p6_s1.jpg,sections/la_p6_s3.jpg,soft_positive
sections/la_p6_s1.jpg,sections/la_p7_s1.jpg,plain_negative
sections/la_p6_s1.jpg,sections/la_p7_s2.jpg,plain_negative
sections/la_p6_s1.jpg,sections/la_p7_s3.jpg,plain_negative
sections/la_p6_s1.jpg,sections/la_p8_s1.jpg,soft_positive
sections/la_p6_s1.jpg,sections/la_p8_s2.jpg,plain_negative
sections/la_p6_s1.jpg,sections/la_p8_s3.jpg,plain_negative
sections/la_p6_s1.jpg,sections/la_p8_s4.jpg,plain_negative
sections/la_p6_s1.jpg,sections/la_p9_s1.jpg,plain_negative
sections/la_p6_s1.jpg,sections/la_p9_s2.jpg,plain_negative
sections/la_p6_s1.jpg,sections/la_p9_s3.jpg,plain_negative
sections/la_p6_s1.jpg,sections/la_p9_s5.jpg,plain_negative
sections/la_p6_s1.jpg,sections/la_p10_s1.jpg,plain_negative
sections/la_p6_s1.jpg,sections/la_p10_s2.jpg,plain_negative
sections/la_p6_s1.jpg,sections/la_p10_s3.jpg,plain_negative
sections/la_p6_s1.jpg,sections/la_p10_s4.jpg,plain_negative
sections/la_p6_s1.jpg,sections/la_p10_s6.jpg,plain_negative
sections/la_p6_s1.jpg,sections/la_p11_s1.jpg,plain_negative
sections/la_p6_s1.jpg,sections/la_p11_s2.jpg,plain_negative
sections/la_p6_s1.jpg,sections/la_p11_s4.jpg,plain_negative
sections/la_p6_s1.jpg,sections/la_p11_s6.jpg,plain_negative
sections/la_p6_s1.jpg,sections/la_p12_s1.jpg,plain_negative
sections/la_p6_s1.jpg,sections/la_p12_s2.jpg,plain_negative
sections/la_p6_s1.jpg,sections/la_p12_s3.jpg,plain_negative
sections/la_p6_s1.jpg,sections/la_p13_s1.jpg,plain_negative
sections/la_p6_s1.jpg,sections/la_p13_s2.jpg,plain_negative
sections/la_p6_s1.jpg,sections/la_p13_s3.jpg,plain_negative
sections/la_p6_s1.jpg,sections/la_p13_s4.jpg,plain_negative
sections/la_p6_s1.jpg,sections/la_p13_s5.jpg,plain_negative
sections/la_p6_s1.jpg,sections/la_p13_s6.jpg,plain_negative
sections/la_p6_s1.jpg,sections/la_p14_s1.jpg,plain_negative
sections/la_p6_s1.jpg,sections/la_p14_s2.jpg,plain_negative
sections/la_p6_s1.jpg,sections/la_p14_s3.jpg,plain_negative
sections/la_p6_s1.jpg,sections/la_p14_s4.jpg,plain_negative
sections/la_p6_s1.jpg,sections/la_p14_s5.jpg,plain_negative
sections/la_p6_s1.jpg,sections/la_p15_s1.jpg,plain_negative
sections/la_p6_s1.jpg,sections/la_p15_s2.jpg,plain_negative
sections/la_p6_s1.jpg,sections/la_p16_s1.jpg,plain_negative
sections/la_p6_s1.jpg,sections/la_p16_s2.jpg,plain_negative
sections/la_p6_s1.jpg,sections/la_p16_s3.jpg,plain_negative
sections/la_p6_s1.jpg,sections/la_p16_s4.jpg,plain_negative
sections/la_p6_s1.jpg,sections/la_p16_s5.jpg,plain_negative
sections/la_p6_s1.jpg,sections/la_p17_s1.jpg,plain_negative
sections/la_p6_s1.jpg,sections/la_p17_s2.jpg,plain_negative
sections/la_p6_s1.jpg,sections/la_p17_s3.jpg,plain_negative
sections/la_p6_s1.jpg,sections/la_p17_s4.jpg,plain_negative
sections/la_p6_s1.jpg,sections/la_p17_s6.jpg,plain_negative
sections/la_p6_s1.jpg,sections/la_p18_s2.jpg,plain_negative
sections/la_p6_s1.jpg,sections/la_p18_s4.jpg,plain_negative
sections/la_p6_s1.jpg,sections/la_p18_s5.jpg,plain_negative
sections/la_p6_s1.jpg,sections/la_p18_s7.jpg,plain_negative
sections/la_p6_s1.jpg,sections/la_p19_s1.jpg,plain_negative
sections/la_p6_s1.jpg,sections/la_p19_s2.jpg,plain_negative
sections/la_p6_s1.jpg,sections/la_p19_s4.jpg,plain_negative
sections/la_p6_s3.jpg,sections/la_p7_s1.jpg,plain_negative
sections/la_p6_s3.jpg,sections/la_p7_s2.jpg,plain_negative
sections/la_p6_s3.jpg,sections/la_p7_s3.jpg,plain_negative
sections/la_p6_s3.jpg,sections/la_p8_s1.jpg,soft_positive
sections/la_p6_s3.jpg,sections/la_p8_s2.jpg,plain_negative
sections/la_p6_s3.jpg,sections/la_p8_s3.jpg,plain_negative
sections/la_p6_s3.jpg,sections/la_p8_s4.jpg,plain_negative
sections/la_p6_s3.jpg,sections/la_p9_s1.jpg,plain_negative
sections/la_p6_s3.jpg,sections/la_p9_s2.jpg,plain_negative
sections/la_p6_s3.jpg,sections/la_p9_s3.jpg,plain_negative
sections/la_p6_s3.jpg,sections/la_p9_s5.jpg,plain_negative
sections/la_p6_s3.jpg,sections/la_p10_s1.jpg,plain_negative
sections/la_p6_s3.jpg,sections/la_p10_s2.jpg,plain_negative
sections/la_p6_s3.jpg,sections/la_p10_s3.jpg,plain_negative
sections/la_p6_s3.jpg,sections/la_p10_s4.jpg,plain_negative
sections/la_p6_s3.jpg,sections/la_p10_s6.jpg,plain_negative
sections/la_p6_s3.jpg,sections/la_p11_s1.jpg,plain_negative
sections/la_p6_s3.jpg,sections/la_p11_s2.jpg,plain_negative
sections/la_p6_s3.jpg,sections/la_p11_s4.jpg,plain_negative
sections/la_p6_s3.jpg,sections/la_p11_s6.jpg,plain_negative
sections/la_p6_s3.jpg,sections/la_p12_s1.jpg,plain_negative
sections/la_p6_s3.jpg,sections/la_p12_s2.jpg,plain_negative
sections/la_p6_s3.jpg,sections/la_p12_s3.jpg,plain_negative
sections/la_p6_s3.jpg,sections/la_p13_s1.jpg,plain_negative
sections/la_p6_s3.jpg,sections/la_p13_s2.jpg,plain_negative
sections/la_p6_s3.jpg,sections/la_p13_s3.jpg,plain_negative
sections/la_p6_s3.jpg,sections/la_p13_s4.jpg,plain_negative
sections/la_p6_s3.jpg,sections/la_p13_s5.jpg,plain_negative
sections/la_p6_s3.jpg,sections/la_p13_s6.jpg,plain_negative
sections/la_p6_s3.jpg,sections/la_p14_s1.jpg,plain_negative
sections/la_p6_s3.jpg,sections/la_p14_s2.jpg,plain_negative
sections/la_p6_s3.jpg,sections/la_p14_s3.jpg,plain_negative
sections/la_p6_s3.jpg,sections/la_p14_s4.jpg,plain_negative
sections/la_p6_s3.jpg,sections/la_p14_s5.jpg,plain_negative
sections/la_p6_s3.jpg,sections/la_p15_s1.jpg,plain_negative
sections/la_p6_s3.jpg,sections/la_p15_s2.jpg,plain_negative
sections/la_p6_s3.jpg,sections/la_p16_s1.jpg,plain_negative
sections/la_p6_s3.jpg,sections/la_p16_s2.jpg,plain_negative
sections/la_p6_s3.jpg,sections/la_p16_s3.jpg,plain_negative
sections/la_p6_s3.jpg,sections/la_p16_s4.jpg,plain_negative
sections/la_p6_s3.jpg,sections/la_p16_s5.jpg,plain_negative
sections/la_p6_s3.jpg,sections/la_p17_s1.jpg,plain_negative
sections/la_p6_s3.jpg,sections/la_p17_s2.jpg,plain_negative
sections/la_p6_s3.jpg,sections/la_p17_s3.jpg,plain_negative
sections/la_p6_s3.jpg,sections/la_p17_s4.jpg,plain_negative
sections/la_p6_s3.jpg,sections/la_p17_s6.jpg,plain_negative
sections/la_p6_s3.jpg,sections/la_p18_s2.jpg,plain_negative
sections/la_p6_s3.jpg,sections/la_p18_s4.jpg,plain_negative
sections/la_p6_s3.jpg,sections/la_p18_s5.jpg,plain_negative
sections/la_p6_s3.jpg,sections/la_p18_s7.jpg,plain_negative
sections/la_p6_s3.jpg,sections/la_p19_s1.jpg,plain_negative
sections/la_p6_s3.jpg,sections/la_p19_s2.jpg,plain_negative
sections/la_p6_s3.jpg,sections/la_p19_s4.jpg,plain_negative
sections/la_p7_s1.jpg,sections/la_p7_s2.jpg,topic_positive
sections/la_p7_s1.jpg,sections/la_p7_s3.jpg,soft_positive
sections/la_p7_s1.jpg,sections/la_p8_s1.jpg,plain_negative
sections/la_p7_s1.jpg,sections/la_p8_s2.jpg,plain_negative
sections/la_p7_s1.jpg,sections/la_p8_s3.jpg,plain_negative
sections/la_p7_s1.jpg,sections/la_p8_s4.jpg,plain_negative
sections/la_p7_s1.jpg,sections/la_p9_s1.jpg,plain_negative
sections/la_p7_s1.jpg,sections/la_p9_s2.jpg,plain_negative
sections/la_p7_s1.jpg,sections/la_p9_s3.jpg,plain_negative
sections/la_p7_s1.jpg,sections/la_p9_s5.jpg,plain_negative
sections/la_p7_s1.jpg,sections/la_p10_s1.jpg,plain_negative
sections/la_p7_s1.jpg,sections/la_p10_s2.jpg,plain_negative
sections/la_p7_s1.jpg,sections/la_p10_s3.jpg,plain_negative
sections/la_p7_s1.jpg,sections/la_p10_s4.jpg,plain_negative
sections/la_p7_s1.jpg,sections/la_p10_s6.jpg,plain_negative
sections/la_p7_s1.jpg,sections/la_p11_s1.jpg,plain_negative
sections/la_p7_s1.jpg,sections/la_p11_s2.jpg,plain_negative
sections/la_p7_s1.jpg,sections/la_p11_s4.jpg,plain_negative
sections/la_p7_s1.jpg,sections/la_p11_s6.jpg,plain_negative
sections/la_p7_s1.jpg,sections/la_p12_s1.jpg,plain_negative
sections/la_p7_s1.jpg,sections/la_p12_s2.jpg,plain_negative
sections/la_p7_s1.jpg,sections/la_p12_s3.jpg,plain_negative
sections/la_p7_s1.jpg,sections/la_p13_s1.jpg,plain_negative
sections/la_p7_s1.jpg,sections/la_p13_s2.jpg,plain_negative
sections/la_p7_s1.jpg,sections/la_p13_s3.jpg,plain_negative
sections/la_p7_s1.jpg,sections/la_p13_s4.jpg,plain_negative
sections/la_p7_s1.jpg,sections/la_p13_s5.jpg,plain_negative
sections/la_p7_s1.jpg,sections/la_p13_s6.jpg,plain_negative
sections/la_p7_s1.jpg,sections/la_p14_s1.jpg,plain_negative
sections/la_p7_s1.jpg,sections/la_p14_s2.jpg,plain_negative
sections/la_p7_s1.jpg,sections/la_p14_s3.jpg,plain_negative
sections/la_p7_s1.jpg,sections/la_p14_s4.jpg,plain_negative
sections/la_p7_s1.jpg,sections/la_p14_s5.jpg,plain_negative
sections/la_p7_s1.jpg,sections/la_p15_s1.jpg,plain_negative
sections/la_p7_s1.jpg,sections/la_p15_s2.jpg,plain_negative
sections/la_p7_s1.jpg,sections/la_p16_s1.jpg,plain_negative
sections/la_p7_s1.jpg,sections/la_p16_s2.jpg,plain_negative
sections/la_p7_s1.jpg,sections/la_p16_s3.jpg,plain_negative
sections/la_p7_s1.jpg,sections/la_p16_s4.jpg,plain_negative
sections/la_p7_s1.jpg,sections/la_p16_s5.jpg,plain_negative
sections/la_p7_s1.jpg,sections/la_p17_s1.jpg,plain_negative
sections/la_p7_s1.jpg,sections/la_p17_s2.jpg,plain_negative
sections/la_p7_s1.jpg,sections/la_p17_s3.jpg,plain_negative
sections/la_p7_s1.jpg,sections/la_p17_s4.jpg,plain_negative
sections/la_p7_s1.jpg,sections/la_p17_s6.jpg,plain_negative
sections/la_p7_s1.jpg,sections/la_p18_s2.jpg,plain_negative
sections/la_p7_s1.jpg,sections/la_p18_s4.jpg,plain_negative
sections/la_p7_s1.jpg,sections/la_p18_s5.jpg,plain_negative
sections/la_p7_s1.jpg,sections/la_p18_s7.jpg,plain_negative
sections/la_p7_s1.jpg,sections/la_p19_s1.jpg,plain_negative
sections/la_p7_s1.jpg,sections/la_p19_s2.jpg,plain_negative
sections/la_p7_s1.jpg,sections/la_p19_s4.jpg,plain_negative
sections/la_p7_s2.jpg,sections/la_p7_s3.jpg,soft_positive
sections/la_p7_s2.jpg,sections/la_p8_s1.jpg,plain_negative
sections/la_p7_s2.jpg,sections/la_p8_s2.jpg,plain_negative
sections/la_p7_s2.jpg,sections/la_p8_s3.jpg,plain_negative
sections/la_p7_s2.jpg,sections/la_p8_s4.jpg,plain_negative
sections/la_p7_s2.jpg,sections/la_p9_s1.jpg,plain_negative
sections/la_p7_s2.jpg,sections/la_p9_s2.jpg,plain_negative
sections/la_p7_s2.jpg,sections/la_p9_s3.jpg,plain_negative
sections/la_p7_s2.jpg,sections/la_p9_s5.jpg,plain_negative
sections/la_p7_s2.jpg,sections/la_p10_s1.jpg,plain_negative
sections/la_p7_s2.jpg,sections/la_p10_s2.jpg,plain_negative
sections/la_p7_s2.jpg,sections/la_p10_s3.jpg,plain_negative
sections/la_p7_s2.jpg,sections/la_p10_s4.jpg,plain_negative
sections/la_p7_s2.jpg,sections/la_p10_s6.jpg,plain_negative
sections/la_p7_s2.jpg,sections/la_p11_s1.jpg,plain_negative
sections/la_p7_s2.jpg,sections/la_p11_s2.jpg,plain_negative
sections/la_p7_s2.jpg,sections/la_p11_s4.jpg,plain_negative
sections/la_p7_s2.jpg,sections/la_p11_s6.jpg,plain_negative
sections/la_p7_s2.jpg,sections/la_p12_s1.jpg,plain_negative
sections/la_p7_s2.jpg,sections/la_p12_s2.jpg,plain_negative
sections/la_p7_s2.jpg,sections/la_p12_s3.jpg,plain_negative
sections/la_p7_s2.jpg,sections/la_p13_s1.jpg,plain_negative
sections/la_p7_s2.jpg,sections/la_p13_s2.jpg,plain_negative
sections/la_p7_s2.jpg,sections/la_p13_s3.jpg,plain_negative
sections/la_p7_s2.jpg,sections/la_p13_s4.jpg,plain_negative
sections/la_p7_s2.jpg,sections/la_p13_s5.jpg,plain_negative
sections/la_p7_s2.jpg,sections/la_p13_s6.jpg,plain_negative
sections/la_p7_s2.jpg,sections/la_p14_s1.jpg,plain_negative
sections/la_p7_s2.jpg,sections/la_p14_s2.jpg,plain_negative
sections/la_p7_s2.jpg,sections/la_p14_s3.jpg,plain_negative
sections/la_p7_s2.jpg,sections/la_p14_s4.jpg,plain_negative
sections/la_p7_s2.jpg,sections/la_p14_s5.jpg,plain_negative
sections/la_p7_s2.jpg,sections/la_p15_s1.jpg,plain_negative
sections/la_p7_s2.jpg,sections/la_p15_s2.jpg,plain_negative
sections/la_p7_s2.jpg,sections/la_p16_s1.jpg,plain_negative
sections/la_p7_s2.jpg,sections/la_p16_s2.jpg,plain_negative
sections/la_p7_s2.jpg,sections/la_p16_s3.jpg,plain_negative
sections/la_p7_s2.jpg,sections/la_p16_s4.jpg,plain_negative
sections/la_p7_s2.jpg,sections/la_p16_s5.jpg,plain_negative
sections/la_p7_s2.jpg,sections/la_p17_s1.jpg,plain_negative
sections/la_p7_s2.jpg,sections/la_p17_s2.jpg,plain_negative
sections/la_p7_s2.jpg,sections/la_p17_s3.jpg,plain_negative
sections/la_p7_s2.jpg,sections/la_p17_s4.jpg,plain_negative
sections/la_p7_s2.jpg,sections/la_p17_s6.jpg,plain_negative
sections/la_p7_s2.jpg,sections/la_p18_s2.jpg,plain_negative
sections/la_p7_s2.jpg,sections/la_p18_s4.jpg,plain_negative
sections/la_p7_s2.jpg,sections/la_p18_s5.jpg,plain_negative
sections/la_p7_s2.jpg,sections/la_p18_s7.jpg,plain_negative
sections/la_p7_s2.jpg,sections/la_p19_s1.jpg,plain_negative
sections/la_p7_s2.jpg,sections/la_p19_s2.jpg,plain_negative
sections/la_p7_s2.jpg,sections/la_p19_s4.jpg,plain_negative
sections/la_p7_s3.jpg,sections/la_p8_s1.jpg,plain_negative
sections/la_p7_s3.jpg,sections/la_p8_s2.jpg,plain_negative
sections/la_p7_s3.jpg,sections/la_p8_s3.jpg,plain_negative
sections/la_p7_s3.jpg,sections/la_p8_s4.jpg,plain_negative
sections/la_p7_s3.jpg,sections/la_p9_s1.jpg,plain_negative
sections/la_p7_s3.jpg,sections/la_p9_s2.jpg,plain_negative
sections/la_p7_s3.jpg,sections/la_p9_s3.jpg,plain_negative
sections/la_p7_s3.jpg,sections/la_p9_s5.jpg,plain_negative
sections/la_p7_s3.jpg,sections/la_p10_s1.jpg,plain_negative
sections/la_p7_s3.jpg,sections/la_p10_s2.jpg,plain_negative
sections/la_p7_s3.jpg,sections/la_p10_s3.jpg,plain_negative
sections/la_p7_s3.jpg,sections/la_p10_s4.jpg,plain_negative
sections/la_p7_s3.jpg,sections/la_p10_s6.jpg,plain_negative
sections/la_p7_s3.jpg,sections/la_p11_s1.jpg,plain_negative
sections/la_p7_s3.jpg,sections/la_p11_s2.jpg,plain_negative
sections/la_p7_s3.jpg,sections/la_p11_s4.jpg,plain_negative
sections/la_p7_s3.jpg,sections/la_p11_s6.jpg,plain_negative
sections/la_p7_s3.jpg,sections/la_p12_s1.jpg,plain_negative
sections/la_p7_s3.jpg,sections/la_p12_s2.jpg,plain_negative
sections/la_p7_s3.jpg,sections/la_p12_s3.jpg,plain_negative
sections/la_p7_s3.jpg,sections/la_p13_s1.jpg,plain_negative
sections/la_p7_s3.jpg,sections/la_p13_s2.jpg,plain_negative
sections/la_p7_s3.jpg,sections/la_p13_s3.jpg,plain_negative
sections/la_p7_s3.jpg,sections/la_p13_s4.jpg,plain_negative
sections/la_p7_s3.jpg,sections/la_p13_s5.jpg,plain_negative
sections/la_p7_s3.jpg,sections/la_p13_s6.jpg,plain_negative
sections/la_p7_s3.jpg,sections/la_p14_s1.jpg,plain_negative
sections/la_p7_s3.jpg,sections/la_p14_s2.jpg,plain_negative
sections/la_p7_s3.jpg,sections/la_p14_s3.jpg,plain_negative
sections/la_p7_s3.jpg,sections/la_p14_s4.jpg,plain_negative
sections/la_p7_s3.jpg,sections/la_p14_s5.jpg,plain_negative
sections/la_p7_s3.jpg,sections/la_p15_s1.jpg,plain_negative
sections/la_p7_s3.jpg,sections/la_p15_s2.jpg,plain_negative
sections/la_p7_s3.jpg,sections/la_p16_s1.jpg,plain_negative
sections/la_p7_s3.jpg,sections/la_p16_s2.jpg,plain_negative
sections/la_p7_s3.jpg,sections/la_p16_s3.jpg,plain_negative
sections/la_p7_s3.jpg,sections/la_p16_s4.jpg,plain_negative
sections/la_p7_s3.jpg,sections/la_p16_s5.jpg,plain_negative
sections/la_p7_s3.jpg,sections/la_p17_s1.jpg,plain_negative
sections/la_p7_s3.jpg,sections/la_p17_s2.jpg,plain_negative
sections/la_p7_s3.jpg,sections/la_p17_s3.jpg,plain_negative
sections/la_p7_s3.jpg,sections/la_p17_s4.jpg,plain_negative
sections/la_p7_s3.jpg,sections/la_p17_s6.jpg,plain_negative
sections/la_p7_s3.jpg,sections/la_p18_s2.jpg,plain_negative
sections/la_p7_s3.jpg,sections/la_p18_s4.jpg,plain_negative
sections/la_p7_s3.jpg,sections/la_p18_s5.jpg,plain_negative
sections/la_p7_s3.jpg,sections/la_p18_s7.jpg,plain_negative
sections/la_p7_s3.jpg,sections/la_p19_s1.jpg,plain_negative
sections/la_p7_s3.jpg,sections/la_p19_s2.jpg,plain_negative
sections/la_p7_s3.jpg,sections/la_p19_s4.jpg,plain_negative
sections/la_p8_s1.jpg,sections/la_p8_s2.jpg,plain_negative
sections/la_p8_s1.jpg,sections/la_p8_s3.jpg,plain_negative
sections/la_p8_s1.jpg,sections/la_p8_s4.jpg,plain_negative
sections/la_p8_s1.jpg,sections/la_p9_s1.jpg,plain_negative
sections/la_p8_s1.jpg,sections/la_p9_s2.jpg,plain_negative
sections/la_p8_s1.jpg,sections/la_p9_s3.jpg,plain_negative
sections/la_p8_s1.jpg,sections/la_p9_s5.jpg,plain_negative
sections/la_p8_s1.jpg,sections/la_p10_s1.jpg,plain_negative
sections/la_p8_s1.jpg,sections/la_p10_s2.jpg,plain_negative
sections/la_p8_s1.jpg,sections/la_p10_s3.jpg,plain_negative
sections/la_p8_s1.jpg,sections/la_p10_s4.jpg,plain_negative
sections/la_p8_s1.jpg,sections/la_p10_s6.jpg,plain_negative
sections/la_p8_s1.jpg,sections/la_p11_s1.jpg,plain_negative
sections/la_p8_s1.jpg,sections/la_p11_s2.jpg,plain_negative
sections/la_p8_s1.jpg,sections/la_p11_s4.jpg,plain_negative
sections/la_p8_s1.jpg,sections/la_p11_s6.jpg,plain_negative
sections/la_p8_s1.jpg,sections/la_p12_s1.jpg,plain_negative
sections/la_p8_s1.jpg,sections/la_p12_s2.jpg,plain_negative
sections/la_p8_s1.jpg,sections/la_p12_s3.jpg,plain_negative
sections/la_p8_s1.jpg,sections/la_p13_s1.jpg,plain_negative
sections/la_p8_s1.jpg,sections/la_p13_s2.jpg,plain_negative
sections/la_p8_s1.jpg,sections/la_p13_s3.jpg,plain_negative
sections/la_p8_s1.jpg,sections/la_p13_s4.jpg,plain_negative
sections/la_p8_s1.jpg,sections/la_p13_s5.jpg,plain_negative
sections/la_p8_s1.jpg,sections/la_p13_s6.jpg,plain_negative
sections/la_p8_s1.jpg,sections/la_p14_s1.jpg,plain_negative
sections/la_p8_s1.jpg,sections/la_p14_s2.jpg,plain_negative
sections/la_p8_s1.jpg,sections/la_p14_s3.jpg,plain_negative
sections/la_p8_s1.jpg,sections/la_p14_s4.jpg,plain_negative
sections/la_p8_s1.jpg,sections/la_p14_s5.jpg,plain_negative
sections/la_p8_s1.jpg,sections/la_p15_s1.jpg,plain_negative
sections/la_p8_s1.jpg,sections/la_p15_s2.jpg,plain_negative
sections/la_p8_s1.jpg,sections/la_p16_s1.jpg,plain_negative
sections/la_p8_s1.jpg,sections/la_p16_s2.jpg,plain_negative
sections/la_p8_s1.jpg,sections/la_p16_s3.jpg,plain_negative
sections/la_p8_s1.jpg,sections/la_p16_s4.jpg,plain_negative
sections/la_p8_s1.jpg,sections/la_p16_s5.jpg,plain_negative
sections/la_p8_s1.jpg,sections/la_p17_s1.jpg,plain_negative
sections/la_p8_s1.jpg,sections/la_p17_s2.jpg,plain_negative
sections/la_p8_s1.jpg,sections/la_p17_s3.jpg,plain_negative
sections/la_p8_s1.jpg,sections/la_p17_s4.jpg,plain_negative
sections/la_p8_s1.jpg,sections/la_p17_s6.jpg,plain_negative
sections/la_p8_s1.jpg,sections/la_p18_s2.jpg,plain_negative
sections/la_p8_s1.jpg,sections/la_p18_s4.jpg,plain_negative
sections/la_p8_s1.jpg,sections/la_p18_s5.jpg,plain_negative
sections/la_p8_s1.jpg,sections/la_p18_s7.jpg,plain_negative
sections/la_p8_s1.jpg,sections/la_p19_s1.jpg,plain_negative
sections/la_p8_s1.jpg,sections/la_p19_s2.jpg,plain_negative
sections/la_p8_s1.jpg,sections/la_p19_s4.jpg,plain_negative
sections/la_p8_s2.jpg,sections/la_p8_s3.jpg,soft_positive
sections/la_p8_s2.jpg,sections/la_p8_s4.jpg,topic_positive
sections/la_p8_s2.jpg,sections/la_p9_s1.jpg,plain_negative
sections/la_p8_s2.jpg,sections/la_p9_s2.jpg,plain_negative
sections/la_p8_s2.jpg,sections/la_p9_s3.jpg,plain_negative
sections/la_p8_s2.jpg,sections/la_p9_s5.jpg,plain_negative
sections/la_p8_s2.jpg,sections/la_p10_s1.jpg,plain_negative
sections/la_p8_s2.jpg,sections/la_p10_s2.jpg,plain_negative
sections/la_p8_s2.jpg,sections/la_p10_s3.jpg,plain_negative
sections/la_p8_s2.jpg,sections/la_p10_s4.jpg,plain_negative
sections/la_p8_s2.jpg,sections/la_p10_s6.jpg,plain_negative
sections/la_p8_s2.jpg,sections/la_p11_s1.jpg,plain_negative
sections/la_p8_s2.jpg,sections/la_p11_s2.jpg,plain_negative
sections/la_p8_s2.jpg,sections/la_p11_s4.jpg,plain_negative
sections/la_p8_s2.jpg,sections/la_p11_s6.jpg,plain_negative
sections/la_p8_s2.jpg,sections/la_p12_s1.jpg,plain_negative
sections/la_p8_s2.jpg,sections/la_p12_s2.jpg,plain_negative
sections/la_p8_s2.jpg,sections/la_p12_s3.jpg,plain_negative
sections/la_p8_s2.jpg,sections/la_p13_s1.jpg,plain_negative
sections/la_p8_s2.jpg,sections/la_p13_s2.jpg,plain_negative
sections/la_p8_s2.jpg,sections/la_p13_s3.jpg,plain_negative
sections/la_p8_s2.jpg,sections/la_p13_s4.jpg,plain_negative
sections/la_p8_s2.jpg,sections/la_p13_s5.jpg,plain_negative
sections/la_p8_s2.jpg,sections/la_p13_s6.jpg,plain_negative
sections/la_p8_s2.jpg,sections/la_p14_s1.jpg,plain_negative
sections/la_p8_s2.jpg,sections/la_p14_s2.jpg,plain_negative
sections/la_p8_s2.jpg,sections/la_p14_s3.jpg,plain_negative
sections/la_p8_s2.jpg,sections/la_p14_s4.jpg,plain_negative
sections/la_p8_s2.jpg,sections/la_p14_s5.jpg,plain_negative
sections/la_p8_s2.jpg,sections/la_p15_s1.jpg,plain_negative
sections/la_p8_s2.jpg,sections/la_p15_s2.jpg,plain_negative
sections/la_p8_s2.jpg,sections/la_p16_s1.jpg,plain_negative
sections/la_p8_s2.jpg,sections/la_p16_s2.jpg,plain_negative
sections/la_p8_s2.jpg,sections/la_p16_s3.jpg,plain_negative
sections/la_p8_s2.jpg,sections/la_p16_s4.jpg,plain_negative
sections/la_p8_s2.jpg,sections/la_p16_s5.jpg,plain_negative
sections/la_p8_s2.jpg,sections/la_p17_s1.jpg,plain_negative
sections/la_p8_s2.jpg,sections/la_p17_s2.jpg,plain_negative
sections/la_p8_s2.jpg,sections/la_p17_s3.jpg,plain_negative
sections/la_p8_s2.jpg,sections/la_p17_s4.jpg,plain_negative
sections/la_p8_s2.jpg,sections/la_p17_s6.jpg,plain_negative
sections/la_p8_s2.jpg,sections/la_p18_s2.jpg,plain_negative
sections/la_p8_s2.jpg,sections/la_p18_s4.jpg,plain_negative
sections/la_p8_s2.jpg,sections/la_p18_s5.jpg,plain_negative
sections/la_p8_s2.jpg,sections/la_p18_s7.jpg,plain_negative
sections/la_p8_s2.jpg,sections/la_p19_s1.jpg,plain_negative
sections/la_p8_s2.jpg,sections/la_p19_s2.jpg,plain_negative
sections/la_p8_s2.jpg,sections/la_p19_s4.jpg,plain_negative
sections/la_p8_s3.jpg,sections/la_p8_s4.jpg,soft_positive
sections/la_p8_s3.jpg,sections/la_p9_s1.jpg,plain_negative
sections/la_p8_s3.jpg,sections/la_p9_s2.jpg,plain_negative
sections/la_p8_s3.jpg,sections/la_p9_s3.jpg,plain_negative
sections/la_p8_s3.jpg,sections/la_p9_s5.jpg,plain_negative
sections/la_p8_s3.jpg,sections/la_p10_s1.jpg,plain_negative
sections/la_p8_s3.jpg,sections/la_p10_s2.jpg,plain_negative
sections/la_p8_s3.jpg,sections/la_p10_s3.jpg,plain_negative
sections/la_p8_s3.jpg,sections/la_p10_s4.jpg,plain_negative
sections/la_p8_s3.jpg,sections/la_p10_s6.jpg,plain_negative
sections/la_p8_s3.jpg,sections/la_p11_s1.jpg,plain_negative
sections/la_p8_s3.jpg,sections/la_p11_s2.jpg,plain_negative
sections/la_p8_s3.jpg,sections/la_p11_s4.jpg,plain_negative
sections/la_p8_s3.jpg,sections/la_p11_s6.jpg,plain_negative
sections/la_p8_s3.jpg,sections/la_p12_s1.jpg,plain_negative
sections/la_p8_s3.jpg,sections/la_p12_s2.jpg,plain_negative
sections/la_p8_s3.jpg,sections/la_p12_s3.jpg,plain_negative
sections/la_p8_s3.jpg,sections/la_p13_s1.jpg,plain_negative
sections/la_p8_s3.jpg,sections/la_p13_s2.jpg,plain_negative
sections/la_p8_s3.jpg,sections/la_p13_s3.jpg,plain_negative
sections/la_p8_s3.jpg,sections/la_p13_s4.jpg,plain_negative
sections/la_p8_s3.jpg,sections/la_p13_s5.jpg,plain_negative
sections/la_p8_s3.jpg,sections/la_p13_s6.jpg,plain_negative
sections/la_p8_s3.jpg,sections/la_p14_s1.jpg,plain_negative
sections/la_p8_s3.jpg,sections/la_p14_s2.jpg,plain_negative
sections/la_p8_s3.jpg,sections/la_p14_s3.jpg,plain_negative
sections/la_p8_s3.jpg,sections/la_p14_s4.jpg,plain_negative
sections/la_p8_s3.jpg,sections/la_p14_s5.jpg,plain_negative
sections/la_p8_s3.jpg,sections/la_p15_s1.jpg,plain_negative
sections/la_p8_s3.jpg,sections/la_p15_s2.jpg,plain_negative
sections/la_p8_s3.jpg,sections/la_p16_s1.jpg,plain_negative
sections/la_p8_s3.jpg,sections/la_p16_s2.jpg,plain_negative
sections/la_p8_s3.jpg,sections/la_p16_s3.jpg,plain_negative
sections/la_p8_s3.jpg,sections/la_p16_s4.jpg,plain_negative
sections/la_p8_s3.jpg,sections/la_p16_s5.jpg,plain_negative
sections/la_p8_s3.jpg,sections/la_p17_s1.jpg,plain_negative
sections/la_p8_s3.jpg,sections/la_p17_s2.jpg,plain_negative
sections/la_p8_s3.jpg,sections/la_p17_s3.jpg,plain_negative
sections/la_p8_s3.jpg,sections/la_p17_s4.jpg,plain_negative
sections/la_p8_s3.jpg,sections/la_p17_s6.jpg,plain_negative
sections/la_p8_s3.jpg,sections/la_p18_s2.jpg,plain_negative
sections/la_p8_s3.jpg,sections/la_p18_s4.jpg,plain_negative
sections/la_p8_s3.jpg,sections/la_p18_s5.jpg,plain_negative
sections/la_p8_s3.jpg,sections/la_p18_s7.jpg,plain_negative
sections/la_p8_s3.jpg,sections/la_p19_s1.jpg,plain_negative
sections/la_p8_s3.jpg,sections/la_p19_s2.jpg,plain_negative
sections/la_p8_s3.jpg,sections/la_p19_s4.jpg,plain_negative
sections/la_p8_s4.jpg,sections/la_p9_s1.jpg,plain_negative
sections/la_p8_s4.jpg,sections/la_p9_s2.jpg,plain_negative
sections/la_p8_s4.jpg,sections/la_p9_s3.jpg,plain_negative
sections/la_p8_s4.jpg,sections/la_p9_s5.jpg,plain_negative
sections/la_p8_s4.jpg,sections/la_p10_s1.jpg,plain_negative
sections/la_p8_s4.jpg,sections/la_p10_s2.jpg,plain_negative
sections/la_p8_s4.jpg,sections/la_p10_s3.jpg,plain_negative
sections/la_p8_s4.jpg,sections/la_p10_s4.jpg,plain_negative
sections/la_p8_s4.jpg,sections/la_p10_s6.jpg,plain_negative
sections/la_p8_s4.jpg,sections/la_p11_s1.jpg,plain_negative
sections/la_p8_s4.jpg,sections/la_p11_s2.jpg,plain_negative
sections/la_p8_s4.jpg,sections/la_p11_s4.jpg,plain_negative
sections/la_p8_s4.jpg,sections/la_p11_s6.jpg,plain_negative
sections/la_p8_s4.jpg,sections/la_p12_s1.jpg,plain_negative
sections/la_p8_s4.jpg,sections/la_p12_s2.jpg,plain_negative
sections/la_p8_s4.jpg,sections/la_p12_s3.jpg,plain_negative
sections/la_p8_s4.jpg,sections/la_p13_s1.jpg,plain_negative
sections/la_p8_s4.jpg,sections/la_p13_s2.jpg,plain_negative
sections/la_p8_s4.jpg,sections/la_p13_s3.jpg,plain_negative
sections/la_p8_s4.jpg,sections/la_p13_s4.jpg,plain_negative
sections/la_p8_s4.jpg,sections/la_p13_s5.jpg,plain_negative
sections/la_p8_s4.jpg,sections/la_p13_s6.jpg,plain_negative
sections/la_p8_s4.jpg,sections/la_p14_s1.jpg,plain_negative
sections/la_p8_s4.jpg,sections/la_p14_s2.jpg,plain_negative
sections/la_p8_s4.jpg,sections/la_p14_s3.jpg,plain_negative
sections/la_p8_s4.jpg,sections/la_p14_s4.jpg,plain_negative
sections/la_p8_s4.jpg,sections/la_p14_s5.jpg,plain_negative
sections/la_p8_s4.jpg,sections/la_p15_s1.jpg,plain_negative
sections/la_p8_s4.jpg,sections/la_p15_s2.jpg,plain_negative
sections/la_p8_s4.jpg,sections/la_p16_s1.jpg,plain_negative
sections/la_p8_s4.jpg,sections/la_p16_s2.jpg,plain_negative
sections/la_p8_s4.jpg,sections/la_p16_s3.jpg,plain_negative
sections/la_p8_s4.jpg,sections/la_p16_s4.jpg,plain_negative
sections/la_p8_s4.jpg,sections/la_p16_s5.jpg,plain_negative
sections/la_p8_s4.jpg,sections/la_p17_s1.jpg,plain_negative
sections/la_p8_s4.jpg,sections/la_p17_s2.jpg,plain_negative
sections/la_p8_s4.jpg,sections/la_p17_s3.jpg,plain_negative
sections/la_p8_s4.jpg,sections/la_p17_s4.jpg,plain_negative
sections/la_p8_s4.jpg,sections/la_p17_s6.jpg,plain_negative
sections/la_p8_s4.jpg,sections/la_p18_s2.jpg,plain_negative
sections/la_p8_s4.jpg,sections/la_p18_s4.jpg,plain_negative
sections/la_p8_s4.jpg,sections/la_p18_s5.jpg,plain_negative
sections/la_p8_s4.jpg,sections/la_p18_s7.jpg,plain_negative
sections/la_p8_s4.jpg,sections/la_p19_s1.jpg,plain_negative
sections/la_p8_s4.jpg,sections/la_p19_s2.jpg,plain_negative
sections/la_p8_s4.jpg,sections/la_p19_s4.jpg,plain_negative
sections/la_p9_s1.jpg,sections/la_p9_s2.jpg,soft_positive
sections/la_p9_s1.jpg,sections/la_p9_s3.jpg,soft_positive
sections/la_p9_s1.jpg,sections/la_p9_s5.jpg,soft_positive
sections/la_p9_s1.jpg,sections/la_p10_s1.jpg,plain_negative
sections/la_p9_s1.jpg,sections/la_p10_s2.jpg,plain_negative
sections/la_p9_s1.jpg,sections/la_p10_s3.jpg,plain_negative
sections/la_p9_s1.jpg,sections/la_p10_s4.jpg,plain_negative
sections/la_p9_s1.jpg,sections/la_p10_s6.jpg,plain_negative
sections/la_p9_s1.jpg,sections/la_p11_s1.jpg,plain_negative
sections/la_p9_s1.jpg,sections/la_p11_s2.jpg,plain_negative
sections/la_p9_s1.jpg,sections/la_p11_s4.jpg,plain_negative
sections/la_p9_s1.jpg,sections/la_p11_s6.jpg,plain_negative
sections/la_p9_s1.jpg,sections/la_p12_s1.jpg,plain_negative
sections/la_p9_s1.jpg,sections/la_p12_s2.jpg,plain_negative
sections/la_p9_s1.jpg,sections/la_p12_s3.jpg,plain_negative
sections/la_p9_s1.jpg,sections/la_p13_s1.jpg,plain_negative
sections/la_p9_s1.jpg,sections/la_p13_s2.jpg,plain_negative
sections/la_p9_s1.jpg,sections/la_p13_s3.jpg,plain_negative
sections/la_p9_s1.jpg,sections/la_p13_s4.jpg,plain_negative
sections/la_p9_s1.jpg,sections/la_p13_s5.jpg,plain_negative
sections/la_p9_s1.jpg,sections/la_p13_s6.jpg,plain_negative
sections/la_p9_s1.jpg,sections/la_p14_s1.jpg,plain_negative
sections/la_p9_s1.jpg,sections/la_p14_s2.jpg,plain_negative
sections/la_p9_s1.jpg,sections/la_p14_s3.jpg,plain_negative
sections/la_p9_s1.jpg,sections/la_p14_s4.jpg,plain_negative
sections/la_p9_s1.jpg,sections/la_p14_s5.jpg,plain_negative
sections/la_p9_s1.jpg,sections/la_p15_s1.jpg,plain_negative
sections/la_p9_s1.jpg,sections/la_p15_s2.jpg,plain_negative
sections/la_p9_s1.jpg,sections/la_p16_s1.jpg,plain_negative
sections/la_p9_s1.jpg,sections/la_p16_s2.jpg,plain_negative
sections/la_p9_s1.jpg,sections/la_p16_s3.jpg,plain_negative
sections/la_p9_s1.jpg,sections/la_p16_s4.jpg,plain_negative
sections/la_p9_s1.jpg,sections/la_p16_s5.jpg,plain_negative
sections/la_p9_s1.jpg,sections/la_p17_s1.jpg,plain_negative
sections/la_p9_s1.jpg,sections/la_p17_s2.jpg,plain_negative
sections/la_p9_s1.jpg,sections/la_p17_s3.jpg,plain_negative
sections/la_p9_s1.jpg,sections/la_p17_s4.jpg,plain_negative
sections/la_p9_s1.jpg,sections/la_p17_s6.jpg,plain_negative
sections/la_p9_s1.jpg,sections/la_p18_s2.jpg,plain_negative
sections/la_p9_s1.jpg,sections/la_p18_s4.jpg,plain_negative
sections/la_p9_s1.jpg,sections/la_p18_s5.jpg,plain_negative
sections/la_p9_s1.jpg,sections/la_p18_s7.jpg,plain_negative
sections/la_p9_s1.jpg,sections/la_p19_s1.jpg,plain_negative
sections/la_p9_s1.jpg,sections/la_p19_s2.jpg,plain_negative
sections/la_p9_s1.jpg,sections/la_p19_s4.jpg,plain_negative
sections/la_p9_s2.jpg,sections/la_p9_s3.jpg,soft_positive
sections/la_p9_s2.jpg,sections/la_p9_s5.jpg,topic_positive
sections/la_p9_s2.jpg,sections/la_p10_s1.jpg,plain_negative
sections/la_p9_s2.jpg,sections/la_p10_s2.jpg,plain_negative
sections/la_p9_s2.jpg,sections/la_p10_s3.jpg,plain_negative
sections/la_p9_s2.jpg,sections/la_p10_s4.jpg,plain_negative
sections/la_p9_s2.jpg,sections/la_p10_s6.jpg,plain_negative
sections/la_p9_s2.jpg,sections/la_p11_s1.jpg,plain_negative
sections/la_p9_s2.jpg,sections/la_p11_s2.jpg,plain_negative
sections/la_p9_s2.jpg,sections/la_p11_s4.jpg,plain_negative
sections/la_p9_s2.jpg,sections/la_p11_s6.jpg,plain_negative
sections/la_p9_s2.jpg,sections/la_p12_s1.jpg,plain_negative
sections/la_p9_s2.jpg,sections/la_p12_s2.jpg,plain_negative
sections/la_p9_s2.jpg,sections/la_p12_s3.jpg,plain_negative
sections/la_p9_s2.jpg,sections/la_p13_s1.jpg,plain_negative
sections/la_p9_s2.jpg,sections/la_p13_s2.jpg,plain_negative
sections/la_p9_s2.jpg,sections/la_p13_s3.jpg,plain_negative
sections/la_p9_s2.jpg,sections/la_p13_s4.jpg,plain_negative
sections/la_p9_s2.jpg,sections/la_p13_s5.jpg,plain_negative
sections/la_p9_s2.jpg,sections/la_p13_s6.jpg,plain_negative
sections/la_p9_s2.jpg,sections/la_p14_s1.jpg,plain_negative
sections/la_p9_s2.jpg,sections/la_p14_s2.jpg,plain_negative
sections/la_p9_s2.jpg,sections/la_p14_s3.jpg,plain_negative
sections/la_p9_s2.jpg,sections/la_p14_s4.jpg,plain_negative
sections/la_p9_s2.jpg,sections/la_p14_s5.jpg,plain_negative
sections/la_p9_s2.jpg,sections/la_p15_s1.jpg,plain_negative
sections/la_p9_s2.jpg,sections/la_p15_s2.jpg,plain_negative
sections/la_p9_s2.jpg,sections/la_p16_s1.jpg,plain_negative
sections/la_p9_s2.jpg,sections/la_p16_s2.jpg,plain_negative
sections/la_p9_s2.jpg,sections/la_p16_s3.jpg,plain_negative
sections/la_p9_s2.jpg,sections/la_p16_s4.jpg,plain_negative
sections/la_p9_s2.jpg,sections/la_p16_s5.jpg,plain_negative
sections/la_p9_s2.jpg,sections/la_p17_s1.jpg,plain_negative
sections/la_p9_s2.jpg,sections/la_p17_s2.jpg,plain_negative
sections/la_p9_s2.jpg,sections/la_p17_s3.jpg,plain_negative
sections/la_p9_s2.jpg,sections/la_p17_s4.jpg,plain_negative
sections/la_p9_s2.jpg,sections/la_p17_s6.jpg,plain_negative
sections/la_p9_s2.jpg,sections/la_p18_s2.jpg,plain_negative
sections/la_p9_s2.jpg,sections/la_p18_s4.jpg,plain_negative
sections/la_p9_s2.jpg,sections/la_p18_s5.jpg,plain_negative
sections/la_p9_s2.jpg,sections/la_p18_s7.jpg,plain_negative
sections/la_p9_s2.jpg,sections/la_p19_s1.jpg,plain_negative
sections/la_p9_s2.jpg,sections/la_p19_s2.jpg,plain_negative
sections/la_p9_s2.jpg,sections/la_p19_s4.jpg,plain_negative
sections/la_p9_s3.jpg,sections/la_p9_s5.jpg,soft_positive
sections/la_p9_s3.jpg,sections/la_p10_s1.jpg,plain_negative
sections/la_p9_s3.jpg,sections/la_p10_s2.jpg,plain_negative
sections/la_p9_s3.jpg,sections/la_p10_s3.jpg,plain_negative
sections/la_p9_s3.jpg,sections/la_p10_s4.jpg,plain_negative
sections/la_p9_s3.jpg,sections/la_p10_s6.jpg,plain_negative
sections/la_p9_s3.jpg,sections/la_p11_s1.jpg,plain_negative
sections/la_p9_s3.jpg,sections/la_p11_s2.jpg,plain_negative
sections/la_p9_s3.jpg,sections/la_p11_s4.jpg,plain_negative
sections/la_p9_s3.jpg,sections/la_p11_s6.jpg,plain_negative
sections/la_p9_s3.jpg,sections/la_p12_s1.jpg,plain_negative
sections/la_p9_s3.jpg,sections/la_p12_s2.jpg,plain_negative
sections/la_p9_s3.jpg,sections/la_p12_s3.jpg,plain_negative
sections/la_p9_s3.jpg,sections/la_p13_s1.jpg,plain_negative
sections/la_p9_s3.jpg,sections/la_p13_s2.jpg,plain_negative
sections/la_p9_s3.jpg,sections/la_p13_s3.jpg,plain_negative
sections/la_p9_s3.jpg,sections/la_p13_s4.jpg,plain_negative
sections/la_p9_s3.jpg,sections/la_p13_s5.jpg,plain_negative
sections/la_p9_s3.jpg,sections/la_p13_s6.jpg,plain_negative
sections/la_p9_s3.jpg,sections/la_p14_s1.jpg,plain_negative
sections/la_p9_s3.jpg,sections/la_p14_s2.jpg,plain_negative
sections/la_p9_s3.jpg,sections/la_p14_s3.jpg,plain_negative
sections/la_p9_s3.jpg,sections/la_p14_s4.jpg,plain_negative
sections/la_p9_s3.jpg,sections/la_p14_s5.jpg,plain_negative
sections/la_p9_s3.jpg,sections/la_p15_s1.jpg,plain_negative
sections/la_p9_s3.jpg,sections/la_p15_s2.jpg,plain_negative
sections/la_p9_s3.jpg,sections/la_p16_s1.jpg,plain_negative
sections/la_p9_s3.jpg,sections/la_p16_s2.jpg,plain_negative
sections/la_p9_s3.jpg,sections/la_p16_s3.jpg,plain_negative
sections/la_p9_s3.jpg,sections/la_p16_s4.jpg,plain_negative
sections/la_p9_s3.jpg,sections/la_p16_s5.jpg,plain_negative
sections/la_p9_s3.jpg,sections/la_p17_s1.jpg,plain_negative
sections/la_p9_s3.jpg,sections/la_p17_s2.jpg,plain_negative
sections/la_p9_s3.jpg,sections/la_p17_s3.jpg,plain_negative
sections/la_p9_s3.jpg,sections/la_p17_s4.jpg,plain_negative
sections/la_p9_s3.jpg,sections/la_p17_s6.jpg,plain_negative
sections/la_p9_s3.jpg,sections/la_p18_s2.jpg,plain_negative
sections/la_p9_s3.jpg,sections/la_p18_s4.jpg,plain_negative
sections/la_p9_s3.jpg,sections/la_p18_s5.jpg,plain_negative
sections/la_p9_s3.jpg,sections/la_p18_s7.jpg,plain_negative
sections/la_p9_s3.jpg,sections/la_p19_s1.jpg,plain_negative
sections/la_p9_s3.jpg,sections/la_p19_s2.jpg,plain_negative
sections/la_p9_s3.jpg,sections/la_p19_s4.jpg,plain_negative
sections/la_p9_s5.jpg,sections/la_p10_s1.jpg,plain_negative
sections/la_p9_s5.jpg,sections/la_p10_s2.jpg,plain_negative
sections/la_p9_s5.jpg,sections/la_p10_s3.jpg,plain_negative
sections/la_p9_s5.jpg,sections/la_p10_s4.jpg,plain_negative
sections/la_p9_s5.jpg,sections/la_p10_s6.jpg,plain_negative
sections/la_p9_s5.jpg,sections/la_p11_s1.jpg,plain_negative
sections/la_p9_s5.jpg,sections/la_p11_s2.jpg,plain_negative
sections/la_p9_s5.jpg,sections/la_p11_s4.jpg,plain_negative
sections/la_p9_s5.jpg,sections/la_p11_s6.jpg,plain_negative
sections/la_p9_s5.jpg,sections/la_p12_s1.jpg,plain_negative
sections/la_p9_s5.jpg,sections/la_p12_s2.jpg,plain_negative
sections/la_p9_s5.jpg,sections/la_p12_s3.jpg,plain_negative
sections/la_p9_s5.jpg,sections/la_p13_s1.jpg,plain_negative
sections/la_p9_s5.jpg,sections/la_p13_s2.jpg,plain_negative
sections/la_p9_s5.jpg,sections/la_p13_s3.jpg,plain_negative
sections/la_p9_s5.jpg,sections/la_p13_s4.jpg,plain_negative
sections/la_p9_s5.jpg,sections/la_p13_s5.jpg,plain_negative
sections/la_p9_s5.jpg,sections/la_p13_s6.jpg,plain_negative
sections/la_p9_s5.jpg,sections/la_p14_s1.jpg,plain_negative
sections/la_p9_s5.jpg,sections/la_p14_s2.jpg,plain_negative
sections/la_p9_s5.jpg,sections/la_p14_s3.jpg,plain_negative
sections/la_p9_s5.jpg,sections/la_p14_s4.jpg,plain_negative
sections/la_p9_s5.jpg,sections/la_p14_s5.jpg,plain_negative
sections/la_p9_s5.jpg,sections/la_p15_s1.jpg,plain_negative
sections/la_p9_s5.jpg,sections/la_p15_s2.jpg,plain_negative
sections/la_p9_s5.jpg,sections/la_p16_s1.jpg,plain_negative
sections/la_p9_s5.jpg,sections/la_p16_s2.jpg,plain_negative
sections/la_p9_s5.jpg,sections/la_p16_s3.jpg,plain_negative
sections/la_p9_s5.jpg,sections/la_p16_s4.jpg,plain_negative
sections/la_p9_s5.jpg,sections/la_p16_s5.jpg,plain_negative
sections/la_p9_s5.jpg,sections/la_p17_s1.jpg,plain_negative
sections/la_p9_s5.jpg,sections/la_p17_s2.jpg,plain_negative
sections/la_p9_s5.jpg,sections/la_p17_s3.jpg,plain_negative
sections/la_p9_s5.jpg,sections/la_p17_s4.jpg,plain_negative
sections/la_p9_s5.jpg,sections/la_p17_s6.jpg,plain_negative
sections/la_p9_s5.jpg,sections/la_p18_s2.jpg,plain_negative
sections/la_p9_s5.jpg,sections/la_p18_s4.jpg,plain_negative
sections/la_p9_s5.jpg,sections/la_p18_s5.jpg,plain_negative
sections/la_p9_s5.jpg,sections/la_p18_s7.jpg,plain_negative
sections/la_p9_s5.jpg,sections/la_p19_s1.jpg,plain_negative
sections/la_p9_s5.jpg,sections/la_p19_s2.jpg,plain_negative
sections/la_p9_s5.jpg,sections/la_p19_s4.jpg,plain_negative
sections/la_p10_s1.jpg,sections/la_p10_s2.jpg,soft_positive
sections/la_p10_s1.jpg,sections/la_p10_s3.jpg,soft_positive
sections/la_p10_s1.jpg,sections/la_p10_s4.jpg,plain_negative
sections/la_p10_s1.jpg,sections/la_p10_s6.jpg,plain_negative
sections/la_p10_s1.jpg,sections/la_p11_s1.jpg,soft_positive
sections/la_p10_s1.jpg,sections/la_p11_s2.jpg,soft_positive
sections/la_p10_s1.jpg,sections/la_p11_s4.jpg,soft_positive
sections/la_p10_s1.jpg,sections/la_p11_s6.jpg,plain_negative
sections/la_p10_s1.jpg,sections/la_p12_s1.jpg,plain_negative
sections/la_p10_s1.jpg,sections/la_p12_s2.jpg,plain_negative
sections/la_p10_s1.jpg,sections/la_p12_s3.jpg,plain_negative
sections/la_p10_s1.jpg,sections/la_p13_s1.jpg,plain_negative
sections/la_p10_s1.jpg,sections/la_p13_s2.jpg,plain_negative
sections/la_p10_s1.jpg,sections/la_p13_s3.jpg,plain_negative
sections/la_p10_s1.jpg,sections/la_p13_s4.jpg,plain_negative
sections/la_p10_s1.jpg,sections/la_p13_s5.jpg,plain_negative
sections/la_p10_s1.jpg,sections/la_p13_s6.jpg,plain_negative
sections/la_p10_s1.jpg,sections/la_p14_s1.jpg,plain_negative
sections/la_p10_s1.jpg,sections/la_p14_s2.jpg,plain_negative
sections/la_p10_s1.jpg,sections/la_p14_s3.jpg,plain_negative
sections/la_p10_s1.jpg,sections/la_p14_s4.jpg,plain_negative
sections/la_p10_s1.jpg,sections/la_p14_s5.jpg,plain_negative
sections/la_p10_s1.jpg,sections/la_p15_s1.jpg,plain_negative
sections/la_p10_s1.jpg,sections/la_p15_s2.jpg,plain_negative
sections/la_p10_s1.jpg,sections/la_p16_s1.jpg,plain_negative
sections/la_p10_s1.jpg,sections/la_p16_s2.jpg,plain_negative
sections/la_p10_s1.jpg,sections/la_p16_s3.jpg,plain_negative
sections/la_p10_s1.jpg,sections/la_p16_s4.jpg,plain_negative
sections/la_p10_s1.jpg,sections/la_p16_s5.jpg,plain_negative
sections/la_p10_s1.jpg,sections/la_p17_s1.jpg,plain_negative
sections/la_p10_s1.jpg,sections/la_p17_s2.jpg,plain_negative
sections/la_p10_s1.jpg,sections/la_p17_s3.jpg,plain_negative
sections/la_p10_s1.jpg,sections/la_p17_s4.jpg,plain_negative
sections/la_p10_s1.jpg,sections/la_p17_s6.jpg,plain_negative
sections/la_p10_s1.jpg,sections/la_p18_s2.jpg,plain_negative
sections/la_p10_s1.jpg,sections/la_p18_s4.jpg,plain_negative
sections/la_p10_s1.jpg,sections/la_p18_s5.jpg,plain_negative
sections/la_p10_s1.jpg,sections/la_p18_s7.jpg,plain_negative
sections/la_p10_s1.jpg,sections/la_p19_s1.jpg,plain_negative
sections/la_p10_s1.jpg,sections/la_p19_s2.jpg,plain_negative
sections/la_p10_s1.jpg,sections/la_p19_s4.jpg,plain_negative
sections/la_p10_s2.jpg,sections/la_p10_s3.jpg,soft_positive
sections/la_p10_s2.jpg,sections/la_p10_s4.jpg,plain_negative
sections/la_p10_s2.jpg,sections/la_p10_s6.jpg,plain_negative
sections/la_p10_s2.jpg,sections/la_p11_s1.jpg,soft_positive
sections/la_p10_s2.jpg,sections/la_p11_s2.jpg,soft_positive
sections/la_p10_s2.jpg,sections/la_p11_s4.jpg,soft_positive
sections/la_p10_s2.jpg,sections/la_p11_s6.jpg,plain_negative
sections/la_p10_s2.jpg,sections/la_p12_s1.jpg,plain_negative
sections/la_p10_s2.jpg,sections/la_p12_s2.jpg,plain_negative
sections/la_p10_s2.jpg,sections/la_p12_s3.jpg,plain_negative
sections/la_p10_s2.jpg,sections/la_p13_s1.jpg,plain_negative
sections/la_p10_s2.jpg,sections/la_p13_s2.jpg,plain_negative
sections/la_p10_s2.jpg,sections/la_p13_s3.jpg,plain_negative
sections/la_p10_s2.jpg,sections/la_p13_s4.jpg,plain_negative
sections/la_p10_s2.jpg,sections/la_p13_s5.jpg,plain_negative
sections/la_p10_s2.jpg,sections/la_p13_s6.jpg,plain_negative
sections/la_p10_s2.jpg,sections/la_p14_s1.jpg,plain_negative
sections/la_p10_s2.jpg,sections/la_p14_s2.jpg,plain_negative
sections/la_p10_s2.jpg,sections/la_p14_s3.jpg,plain_negative
sections/la_p10_s2.jpg,sections/la_p14_s4.jpg,plain_negative
sections/la_p10_s2.jpg,sections/la_p14_s5.jpg,plain_negative
sections/la_p10_s2.jpg,sections/la_p15_s1.jpg,plain_negative
sections/la_p10_s2.jpg,sections/la_p15_s2.jpg,plain_negative
sections/la_p10_s2.jpg,sections/la_p16_s1.jpg,plain_negative
sections/la_p10_s2.jpg,sections/la_p16_s2.jpg,plain_negative
sections/la_p10_s2.jpg,sections/la_p16_s3.jpg,plain_negative
sections/la_p10_s2.jpg,sections/la_p16_s4.jpg,plain_negative
sections/la_p10_s2.jpg,sections/la_p16_s5.jpg,plain_negative
sections/la_p10_s2.jpg,sections/la_p17_s1.jpg,plain_negative
sections/la_p10_s2.jpg,sections/la_p17_s2.jpg,plain_negative
sections/la_p10_s2.jpg,sections/la_p17_s3.jpg,plain_negative
sections/la_p10_s2.jpg,sections/la_p17_s4.jpg,plain_negative
sections/la_p10_s2.jpg,sections/la_p17_s6.jpg,plain_negative
sections/la_p10_s2.jpg,sections/la_p18_s2.jpg,plain_negative
sections/la_p10_s2.jpg,sections/la_p18_s4.jpg,plain_negative
sections/la_p10_s2.jpg,sections/la_p18_s5.jpg,plain_negative
sections/la_p10_s2.jpg,sections/la_p18_s7.jpg,plain_negative
sections/la_p10_s2.jpg,sections/la_p19_s1.jpg,plain_negative
sections/la_p10_s2.jpg,sections/la_p19_s2.jpg,plain_negative
sections/la_p10_s2.jpg,sections/la_p19_s4.jpg,plain_negative
sections/la_p10_s3.jpg,sections/la_p10_s4.jpg,plain_negative
sections/la_p10_s3.jpg,sections/la_p10_s6.jpg,plain_negative
sections/la_p10_s3.jpg,sections/la_p11_s1.jpg,topic_positive
sections/la_p10_s3.jpg,sections/la_p11_s2.jpg,soft_positive
sections/la_p10_s3.jpg,sections/la_p11_s4.jpg,soft_positive
sections/la_p10_s3.jpg,sections/la_p11_s6.jpg,plain_negative
sections/la_p10_s3.jpg,sections/la_p12_s1.jpg,plain_negative
sections/la_p10_s3.jpg,sections/la_p12_s2.jpg,plain_negative
sections/la_p10_s3.jpg,sections/la_p12_s3.jpg,plain_negative
sections/la_p10_s3.jpg,sections/la_p13_s1.jpg,plain_negative
sections/la_p10_s3.jpg,sections/la_p13_s2.jpg,plain_negative
sections/la_p10_s3.jpg,sections/la_p13_s3.jpg,plain_negative
sections/la_p10_s3.jpg,sections/la_p13_s4.jpg,plain_negative
sections/la_p10_s3.jpg,sections/la_p13_s5.jpg,plain_negative
sections/la_p10_s3.jpg,sections/la_p13_s6.jpg,plain_negative
sections/la_p10_s3.jpg,sections/la_p14_s1.jpg,plain_negative
sections/la_p10_s3.jpg,sections/la_p14_s2.jpg,plain_negative
sections/la_p10_s3.jpg,sections/la_p14_s3.jpg,plain_negative
sections/la_p10_s3.jpg,sections/la_p14_s4.jpg,plain_negative
sections/la_p10_s3.jpg,sections/la_p14_s5.jpg,plain_negative
sections/la_p10_s3.jpg,sections/la_p15_s1.jpg,plain_negative
sections/la_p10_s3.jpg,sections/la_p15_s2.jpg,plain_negative
sections/la_p10_s3.jpg,sections/la_p16_s1.jpg,plain_negative
sections/la_p10_s3.jpg,sections/la_p16_s2.jpg,plain_negative
sections/la_p10_s3.jpg,sections/la_p16_s3.jpg,plain_negative
sections/la_p10_s3.jpg,sections/la_p16_s4.jpg,plain_negative
sections/la_p10_s3.jpg,sections/la_p16_s5.jpg,plain_negative
sections/la_p10_s3.jpg,sections/la_p17_s1.jpg,plain_negative
sections/la_p10_s3.jpg,sections/la_p17_s2.jpg,plain_negative
sections/la_p10_s3.jpg,sections/la_p17_s3.jpg,plain_negative
sections/la_p10_s3.jpg,sections/la_p17_s4.jpg,plain_negative
sections/la_p10_s3.jpg,sections/la_p17_s6.jpg,plain_negative
sections/la_p10_s3.jpg,sections/la_p18_s2.jpg,plain_negative
sections/la_p10_s3.jpg,sections/la_p18_s4.jpg,plain_negative
sections/la_p10_s3.jpg,sections/la_p18_s5.jpg,plain_negative
sections/la_p10_s3.jpg,sections/la_p18_s7.jpg,plain_negative
sections/la_p10_s3.jpg,sections/la_p19_s1.jpg,plain_negative
sections/la_p10_s3.jpg,sections/la_p19_s2.jpg,plain_negative
sections/la_p10_s3.jpg,sections/la_p19_s4.jpg,plain_negative
sections/la_p10_s4.jpg,sections/la_p10_s6.jpg,topic_positive
sections/la_p10_s4.jpg,sections/la_p11_s1.jpg,plain_negative
sections/la_p10_s4.jpg,sections/la_p11_s2.jpg,plain_negative
sections/la_p10_s4.jpg,sections/la_p11_s4.jpg,plain_negative
sections/la_p10_s4.jpg,sections/la_p11_s6.jpg,soft_positive
sections/la_p10_s4.jpg,sections/la_p12_s1.jpg,plain_negative
sections/la_p10_s4.jpg,sections/la_p12_s2.jpg,plain_negative
sections/la_p10_s4.jpg,sections/la_p12_s3.jpg,plain_negative
sections/la_p10_s4.jpg,sections/la_p13_s1.jpg,plain_negative
sections/la_p10_s4.jpg,sections/la_p13_s2.jpg,plain_negative
sections/la_p10_s4.jpg,sections/la_p13_s3.jpg,plain_negative
sections/la_p10_s4.jpg,sections/la_p13_s4.jpg,plain_negative
sections/la_p10_s4.jpg,sections/la_p13_s5.jpg,plain_negative
sections/la_p10_s4.jpg,sections/la_p13_s6.jpg,plain_negative
sections/la_p10_s4.jpg,sections/la_p14_s1.jpg,plain_negative
sections/la_p10_s4.jpg,sections/la_p14_s2.jpg,plain_negative
sections/la_p10_s4.jpg,sections/la_p14_s3.jpg,plain_negative
sections/la_p10_s4.jpg,sections/la_p14_s4.jpg,plain_negative
sections/la_p10_s4.jpg,sections/la_p14_s5.jpg,plain_negative
sections/la_p10_s4.jpg,sections/la_p15_s1.jpg,plain_negative
sections/la_p10_s4.jpg,sections/la_p15_s2.jpg,plain_negative
sections/la_p10_s4.jpg,sections/la_p16_s1.jpg,plain_negative
sections/la_p10_s4.jpg,sections/la_p16_s2.jpg,plain_negative
sections/la_p10_s4.jpg,sections/la_p16_s3.jpg,plain_negative
sections/la_p10_s4.jpg,sections/la_p16_s4.jpg,plain_negative
sections/la_p10_s4.jpg,sections/la_p16_s5.jpg,plain_negative
sections/la_p10_s4.jpg,sections/la_p17_s1.jpg,plain_negative
sections/la_p10_s4.jpg,sections/la_p17_s2.jpg,plain_negative
sections/la_p10_s4.jpg,sections/la_p17_s3.jpg,plain_negative
sections/la_p10_s4.jpg,sections/la_p17_s4.jpg,plain_negative
sections/la_p10_s4.jpg,sections/la_p17_s6.jpg,plain_negative
sections/la_p10_s4.jpg,sections/la_p18_s2.jpg,plain_negative
sections/la_p10_s4.jpg,sections/la_p18_s4.jpg,plain_negative
sections/la_p10_s4.jpg,sections/la_p18_s5.jpg,plain_negative
sections/la_p10_s4.jpg,sections/la_p18_s7.jpg,plain_negative
sections/la_p10_s4.jpg,sections/la_p19_s1.jpg,plain_negative
sections/la_p10_s4.jpg,sections/la_p19_s2.jpg,plain_negative
sections/la_p10_s4.jpg,sections/la_p19_s4.jpg,plain_negative
sections/la_p10_s6.jpg,sections/la_p11_s1.jpg,plain_negative
sections/la_p10_s6.jpg,sections/la_p11_s2.jpg,plain_negative
sections/la_p10_s6.jpg,sections/la_p11_s4.jpg,plain_negative
sections/la_p10_s6.jpg,sections/la_p11_s6.jpg,soft_positive
sections/la_p10_s6.jpg,sections/la_p12_s1.jpg,plain_negative
sections/la_p10_s6.jpg,sections/la_p12_s2.jpg,plain_negative
sections/la_p10_s6.jpg,sections/la_p12_s3.jpg,plain_negative
sections/la_p10_s6.jpg,sections/la_p13_s1.jpg,plain_negative
sections/la_p10_s6.jpg,sections/la_p13_s2.jpg,plain_negative
sections/la_p10_s6.jpg,sections/la_p13_s3.jpg,plain_negative
sections/la_p10_s6.jpg,sections/la_p13_s4.jpg,plain_negative
sections/la_p10_s6.jpg,sections/la_p13_s5.jpg,plain_negative
sections/la_p10_s6.jpg,sections/la_p13_s6.jpg,plain_negative
sections/la_p10_s6.jpg,sections/la_p14_s1.jpg,plain_negative
sections/la_p10_s6.jpg,sections/la_p14_s2.jpg,plain_negative
sections/la_p10_s6.jpg,sections/la_p14_s3.jpg,plain_negative
sections/la_p10_s6.jpg,sections/la_p14_s4.jpg,plain_negative
sections/la_p10_s6.jpg,sections/la_p14_s5.jpg,plain_negative
sections/la_p10_s6.jpg,sections/la_p15_s1.jpg,plain_negative
sections/la_p10_s6.jpg,sections/la_p15_s2.jpg,plain_negative
sections/la_p10_s6.jpg,sections/la_p16_s1.jpg,plain_negative
sections/la_p10_s6.jpg,sections/la_p16_s2.jpg,plain_negative
sections/la_p10_s6.jpg,sections/la_p16_s3.jpg,plain_negative
sections/la_p10_s6.jpg,sections/la_p16_s4.jpg,plain_negative
sections/la_p10_s6.jpg,sections/la_p16_s5.jpg,plain_negative
sections/la_p10_s6.jpg,sections/la_p17_s1.jpg,plain_negative
sections/la_p10_s6.jpg,sections/la_p17_s2.jpg,plain_negative
sections/la_p10_s6.jpg,sections/la_p17_s3.jpg,plain_negative
sections/la_p10_s6.jpg,sections/la_p17_s4.jpg,plain_negative
sections/la_p10_s6.jpg,sections/la_p17_s6.jpg,plain_negative
sections/la_p10_s6.jpg,sections/la_p18_s2.jpg,plain_negative
sections/la_p10_s6.jpg,sections/la_p18_s4.jpg,plain_negative
sections/la_p10_s6.jpg,sections/la_p18_s5.jpg,plain_negative
sections/la_p10_s6.jpg,sections/la_p18_s7.jpg,plain_negative
sections/la_p10_s6.jpg,sections/la_p19_s1.jpg,plain_negative
sections/la_p10_s6.jpg,sections/la_p19_s2.jpg,plain_negative
sections/la_p10_s6.jpg,sections/la_p19_s4.jpg,plain_negative
sections/la_p11_s1.jpg,sections/la_p11_s2.jpg,soft_positive
sections/la_p11_s1.jpg,sections/la_p11_s4.jpg,soft_positive
sections/la_p11_s1.jpg,sections/la_p11_s6.jpg,plain_negative
sections/la_p11_s1.jpg,sections/la_p12_s1.jpg,plain_negative
sections/la_p11_s1.jpg,sections/la_p12_s2.jpg,plain_negative
sections/la_p11_s1.jpg,sections/la_p12_s3.jpg,plain_negative
sections/la_p11_s1.jpg,sections/la_p13_s1.jpg,plain_negative
sections/la_p11_s1.jpg,sections/la_p13_s2.jpg,plain_negative
sections/la_p11_s1.jpg,sections/la_p13_s3.jpg,plain_negative
sections/la_p11_s1.jpg,sections/la_p13_s4.jpg,plain_negative
sections/la_p11_s1.jpg,sections/la_p13_s5.jpg,plain_negative
sections/la_p11_s1.jpg,sections/la_p13_s6.jpg,plain_negative
sections/la_p11_s1.jpg,sections/la_p14_s1.jpg,plain_negative
sections/la_p11_s1.jpg,sections/la_p14_s2.jpg,plain_negative
sections/la_p11_s1.jpg,sections/la_p14_s3.jpg,plain_negative
sections/la_p11_s1.jpg,sections/la_p14_s4.jpg,plain_negative
sections/la_p11_s1.jpg,sections/la_p14_s5.jpg,plain_negative
sections/la_p11_s1.jpg,sections/la_p15_s1.jpg,plain_negative
sections/la_p11_s1.jpg,sections/la_p15_s2.jpg,plain_negative
sections/la_p11_s1.jpg,sections/la_p16_s1.jpg,plain_negative
sections/la_p11_s1.jpg,sections/la_p16_s2.jpg,plain_negative
sections/la_p11_s1.jpg,sections/la_p16_s3.jpg,plain_negative
sections/la_p11_s1.jpg,sections/la_p16_s4.jpg,plain_negative
sections/la_p11_s1.jpg,sections/la_p16_s5.jpg,plain_negative
sections/la_p11_s1.jpg,sections/la_p17_s1.jpg,plain_negative
sections/la_p11_s1.jpg,sections/la_p17_s2.jpg,plain_negative
sections/la_p11_s1.jpg,sections/la_p17_s3.jpg,plain_negative
sections/la_p11_s1.jpg,sections/la_p17_s4.jpg,plain_negative
sections/la_p11_s1.jpg,sections/la_p17_s6.jpg,plain_negative
sections/la_p11_s1.jpg,sections/la_p18_s2.jpg,plain_negative
sections/la_p11_s1.jpg,sections/la_p18_s4.jpg,plain_negative
sections/la_p11_s1.jpg,sections/la_p18_s5.jpg,plain_negative
sections/la_p11_s1.jpg,sections/la_p18_s7.jpg,plain_negative
sections/la_p11_s1.jpg,sections/la_p19_s1.jpg,plain_negative
sections/la_p11_s1.jpg,sections/la_p19_s2.jpg,plain_negative
sections/la_p11_s1.jpg,sections/la_p19_s4.jpg,plain_negative
sections/la_p11_s2.jpg,sections/la_p11_s4.jpg,soft_positive
sections/la_p11_s2.jpg,sections/la_p11_s6.jpg,plain_negative
sections/la_p11_s2.jpg,sections/la_p12_s1.jpg,plain_negative
sections/la_p11_s2.jpg,sections/la_p12_s2.jpg,plain_negative
sections/la_p11_s2.jpg,sections/la_p12_s3.jpg,plain_negative
sections/la_p11_s2.jpg,sections/la_p13_s1.jpg,plain_negative
sections/la_p11_s2.jpg,sections/la_p13_s2.jpg,plain_negative
sections/la_p11_s2.jpg,sections/la_p13_s3.jpg,plain_negative
sections/la_p11_s2.jpg,sections/la_p13_s4.jpg,plain_negative
sections/la_p11_s2.jpg,sections/la_p13_s5.jpg,plain_negative
sections/la_p11_s2.jpg,sections/la_p13_s6.jpg,plain_negative
sections/la_p11_s2.jpg,sections/la_p14_s1.jpg,plain_negative
sections/la_p11_s2.jpg,sections/la_p14_s2.jpg,plain_negative
sections/la_p11_s2.jpg,sections/la_p14_s3.jpg,plain_negative
sections/la_p11_s2.jpg,sections/la_p14_s4.jpg,plain_negative
sections/la_p11_s2.jpg,sections/la_p14_s5.jpg,plain_negative
sections/la_p11_s2.jpg,sections/la_p15_s1.jpg,plain_negative
sections/la_p11_s2.jpg,sections/la_p15_s2.jpg,plain_negative
sections/la_p11_s2.jpg,sections/la_p16_s1.jpg,plain_negative
sections/la_p11_s2.jpg,sections/la_p16_s2.jpg,plain_negative
sections/la_p11_s2.jpg,sections/la_p16_s3.jpg,plain_negative
sections/la_p11_s2.jpg,sections/la_p16_s4.jpg,plain_negative
sections/la_p11_s2.jpg,sections/la_p16_s5.jpg,plain_negative
sections/la_p11_s2.jpg,sections/la_p17_s1.jpg,plain_negative
sections/la_p11_s2.jpg,sections/la_p17_s2.jpg,plain_negative
sections/la_p11_s2.jpg,sections/la_p17_s3.jpg,plain_negative
sections/la_p11_s2.jpg,sections/la_p17_s4.jpg,plain_negative
sections/la_p11_s2.jpg,sections/la_p17_s6.jpg,plain_negative
sections/la_p11_s2.jpg,sections/la_p18_s2.jpg,plain_negative
sections/la_p11_s2.jpg,sections/la_p18_s4.jpg,plain_negative
sections/la_p11_s2.jpg,sections/la_p18_s5.jpg,plain_negative
sections/la_p11_s2.jpg,sections/la_p18_s7.jpg,plain_negative
sections/la_p11_s2.jpg,sections/la_p19_s1.jpg,plain_negative
sections/la_p11_s2.jpg,sections/la_p19_s2.jpg,plain_negative
sections/la_p11_s2.jpg,sections/la_p19_s4.jpg,plain_negative
sections/la_p11_s4.jpg,sections/la_p11_s6.jpg,plain_negative
sections/la_p11_s4.jpg,sections/la_p12_s1.jpg,plain_negative
sections/la_p11_s4.jpg,sections/la_p12_s2.jpg,plain_negative
sections/la_p11_s4.jpg,sections/la_p12_s3.jpg,plain_negative
sections/la_p11_s4.jpg,sections/la_p13_s1.jpg,plain_negative
sections/la_p11_s4.jpg,sections/la_p13_s2.jpg,plain_negative
sections/la_p11_s4.jpg,sections/la_p13_s3.jpg,plain_negative
sections/la_p11_s4.jpg,sections/la_p13_s4.jpg,plain_negative
sections/la_p11_s4.jpg,sections/la_p13_s5.jpg,plain_negative
sections/la_p11_s4.jpg,sections/la_p13_s6.jpg,plain_negative
sections/la_p11_s4.jpg,sections/la_p14_s1.jpg,plain_negative
sections/la_p11_s4.jpg,sections/la_p14_s2.jpg,plain_negative
sections/la_p11_s4.jpg,sections/la_p14_s3.jpg,plain_negative
sections/la_p11_s4.jpg,sections/la_p14_s4.jpg,plain_negative
sections/la_p11_s4.jpg,sections/la_p14_s5.jpg,plain_negative
sections/la_p11_s4.jpg,sections/la_p15_s1.jpg,plain_negative
sections/la_p11_s4.jpg,sections/la_p15_s2.jpg,plain_negative
sections/la_p11_s4.jpg,sections/la_p16_s1.jpg,plain_negative
sections/la_p11_s4.jpg,sections/la_p16_s2.jpg,plain_negative
sections/la_p11_s4.jpg,sections/la_p16_s3.jpg,plain_negative
sections/la_p11_s4.jpg,sections/la_p16_s4.jpg,plain_negative
sections/la_p11_s4.jpg,sections/la_p16_s5.jpg,plain_negative
sections/la_p11_s4.jpg,sections/la_p17_s1.jpg,plain_negative
sections/la_p11_s4.jpg,sections/la_p17_s2.jpg,plain_negative
sections/la_p11_s4.jpg,sections/la_p17_s3.jpg,plain_negative
sections/la_p11_s4.jpg,sections/la_p17_s4.jpg,plain_negative
sections/la_p11_s4.jpg,sections/la_p17_s6.jpg,plain_negative
sections/la_p11_s4.jpg,sections/la_p18_s2.jpg,plain_negative
sections/la_p11_s4.jpg,sections/la_p18_s4.jpg,plain_negative
sections/la_p11_s4.jpg,sections/la_p18_s5.jpg,plain_negative
sections/la_p11_s4.jpg,sections/la_p18_s7.jpg,plain_negative
sections/la_p11_s4.jpg,sections/la_p19_s1.jpg,plain_negative
sections/la_p11_s4.jpg,sections/la_p19_s2.jpg,plain_negative
sections/la_p11_s4.jpg,sections/la_p19_s4.jpg,plain_negative
sections/la_p11_s6.jpg,sections/la_p12_s1.jpg,plain_negative
sections/la_p11_s6.jpg,sections/la_p12_s2.jpg,plain_negative
sections/la_p11_s6.jpg,sections/la_p12_s3.jpg,plain_negative
sections/la_p11_s6.jpg,sections/la_p13_s1.jpg,plain_negative
sections/la_p11_s6.jpg,sections/la_p13_s2.jpg,plain_negative
sections/la_p11_s6.jpg,sections/la_p13_s3.jpg,plain_negative
sections/la_p11_s6.jpg,sections/la_p13_s4.jpg,plain_negative
sections/la_p11_s6.jpg,sections/la_p13_s5.jpg,plain_negative
sections/la_p11_s6.jpg,sections/la_p13_s6.jpg,plain_negative
sections/la_p11_s6.jpg,sections/la_p14_s1.jpg,plain_negative
sections/la_p11_s6.jpg,sections/la_p14_s2.jpg,plain_negative
sections/la_p11_s6.jpg,sections/la_p14_s3.jpg,plain_negative
sections/la_p11_s6.jpg,sections/la_p14_s4.jpg,plain_negative
sections/la_p11_s6.jpg,sections/la_p14_s5.jpg,plain_negative
sections/la_p11_s6.jpg,sections/la_p15_s1.jpg,plain_negative
sections/la_p11_s6.jpg,sections/la_p15_s2.jpg,plain_negative
sections/la_p11_s6.jpg,sections/la_p16_s1.jpg,plain_negative
sections/la_p11_s6.jpg,sections/la_p16_s2.jpg,plain_negative
sections/la_p11_s6.jpg,sections/la_p16_s3.jpg,plain_negative
sections/la_p11_s6.jpg,sections/la_p16_s4.jpg,plain_negative
sections/la_p11_s6.jpg,sections/la_p16_s5.jpg,plain_negative
sections/la_p11_s6.jpg,sections/la_p17_s1.jpg,plain_negative
sections/la_p11_s6.jpg,sections/la_p17_s2.jpg,plain_negative
sections/la_p11_s6.jpg,sections/la_p17_s3.jpg,plain_negative
sections/la_p11_s6.jpg,sections/la_p17_s4.jpg,plain_negative
sections/la_p11_s6.jpg,sections/la_p17_s6.jpg,plain_negative
sections/la_p11_s6.jpg,sections/la_p18_s2.jpg,plain_negative
sections/la_p11_s6.jpg,sections/la_p18_s4.jpg,plain_negative
sections/la_p11_s6.jpg,sections/la_p18_s5.jpg,plain_negative
sections/la_p11_s6.jpg,sections/la_p18_s7.jpg,plain_negative
sections/la_p11_s6.jpg,sections/la_p19_s1.jpg,plain_negative
sections/la_p11_s6.jpg,sections/la_p19_s2.jpg,plain_negative
sections/la_p11_s6.jpg,sections/la_p19_s4.jpg,plain_negative
sections/la_p12_s1.jpg,sections/la_p12_s2.jpg,soft_positive
sections/la_p12_s1.jpg,sections/la_p12_s3.jpg,soft_positive
sections/la_p12_s1.jpg,sections/la_p13_s1.jpg,soft_positive
sections/la_p12_s1.jpg,sections/la_p13_s2.jpg,soft_positive
sections/la_p12_s1.jpg,sections/la_p13_s3.jpg,soft_positive
sections/la_p12_s1.jpg,sections/la_p13_s4.jpg,plain_negative
sections/la_p12_s1.jpg,sections/la_p13_s5.jpg,plain_negative
sections/la_p12_s1.jpg,sections/la_p13_s6.jpg,plain_negative
sections/la_p12_s1.jpg,sections/la_p14_s1.jpg,plain_negative
sections/la_p12_s1.jpg,sections/la_p14_s2.jpg,plain_negative
sections/la_p12_s1.jpg,sections/la_p14_s3.jpg,plain_negative
sections/la_p12_s1.jpg,sections/la_p14_s4.jpg,plain_negative
sections/la_p12_s1.jpg,sections/la_p14_s5.jpg,plain_negative
sections/la_p12_s1.jpg,sections/la_p15_s1.jpg,plain_negative
sections/la_p12_s1.jpg,sections/la_p15_s2.jpg,plain_negative
sections/la_p12_s1.jpg,sections/la_p16_s1.jpg,plain_negative
sections/la_p12_s1.jpg,sections/la_p16_s2.jpg,plain_negative
sections/la_p12_s1.jpg,sections/la_p16_s3.jpg,plain_negative
sections/la_p12_s1.jpg,sections/la_p16_s4.jpg,plain_negative
sections/la_p12_s1.jpg,sections/la_p16_s5.jpg,plain_negative
sections/la_p12_s1.jpg,sections/la_p17_s1.jpg,plain_negative
sections/la_p12_s1.jpg,sections/la_p17_s2.jpg,plain_negative
sections/la_p12_s1.jpg,sections/la_p17_s3.jpg,plain_negative
sections/la_p12_s1.jpg,sections/la_p17_s4.jpg,plain_negative
sections/la_p12_s1.jpg,sections/la_p17_s6.jpg,plain_negative
sections/la_p12_s1.jpg,sections/la_p18_s2.jpg,plain_negative
sections/la_p12_s1.jpg,sections/la_p18_s4.jpg,plain_negative
sections/la_p12_s1.jpg,sections/la_p18_s5.jpg,plain_negative
sections/la_p12_s1.jpg,sections/la_p18_s7.jpg,plain_negative
sections/la_p12_s1.jpg,sections/la_p19_s1.jpg,plain_negative
sections/la_p12_s1.jpg,sections/la_p19_s2.jpg,plain_negative
sections/la_p12_s1.jpg,sections/la_p19_s4.jpg,plain_negative
sections/la_p12_s2.jpg,sections/la_p12_s3.jpg,soft_positive
sections/la_p12_s2.jpg,sections/la_p13_s1.jpg,soft_positive
sections/la_p12_s2.jpg,sections/la_p13_s2.jpg,soft_positive
sections/la_p12_s2.jpg,sections/la_p13_s3.jpg,soft_positive
sections/la_p12_s2.jpg,sections/la_p13_s4.jpg,plain_negative
sections/la_p12_s2.jpg,sections/la_p13_s5.jpg,plain_negative
sections/la_p12_s2.jpg,sections/la_p13_s6.jpg,plain_negative
sections/la_p12_s2.jpg,sections/la_p14_s1.jpg,plain_negative
sections/la_p12_s2.jpg,sections/la_p14_s2.jpg,plain_negative
sections/la_p12_s2.jpg,sections/la_p14_s3.jpg,plain_negative
sections/la_p12_s2.jpg,sections/la_p14_s4.jpg,plain_negative
sections/la_p12_s2.jpg,sections/la_p14_s5.jpg,plain_negative
sections/la_p12_s2.jpg,sections/la_p15_s1.jpg,plain_negative
sections/la_p12_s2.jpg,sections/la_p15_s2.jpg,plain_negative
sections/la_p12_s2.jpg,sections/la_p16_s1.jpg,plain_negative
sections/la_p12_s2.jpg,sections/la_p16_s2.jpg,plain_negative
sections/la_p12_s2.jpg,sections/la_p16_s3.jpg,plain_negative
sections/la_p12_s2.jpg,sections/la_p16_s4.jpg,plain_negative
sections/la_p12_s2.jpg,sections/la_p16_s5.jpg,plain_negative
sections/la_p12_s2.jpg,sections/la_p17_s1.jpg,plain_negative
sections/la_p12_s2.jpg,sections/la_p17_s2.jpg,plain_negative
sections/la_p12_s2.jpg,sections/la_p17_s3.jpg,plain_negative
sections/la_p12_s2.jpg,sections/la_p17_s4.jpg,plain_negative
sections/la_p12_s2.jpg,sections/la_p17_s6.jpg,plain_negative
sections/la_p12_s2.jpg,sections/la_p18_s2.jpg,plain_negative
sections/la_p12_s2.jpg,sections/la_p18_s4.jpg,plain_negative
sections/la_p12_s2.jpg,sections/la_p18_s5.jpg,plain_negative
sections/la_p12_s2.jpg,sections/la_p18_s7.jpg,plain_negative
sections/la_p12_s2.jpg,sections/la_p19_s1.jpg,plain_negative
sections/la_p12_s2.jpg,sections/la_p19_s2.jpg,plain_negative
sections/la_p12_s2.jpg,sections/la_p19_s4.jpg,plain_negative
sections/la_p12_s3.jpg,sections/la_p13_s1.jpg,soft_positive
sections/la_p12_s3.jpg,sections/la_p13_s2.jpg,soft_positive
sections/la_p12_s3.jpg,sections/la_p13_s3.jpg,soft_positive
sections/la_p12_s3.jpg,sections/la_p13_s4.jpg,plain_negative
sections/la_p12_s3.jpg,sections/la_p13_s5.jpg,plain_negative
sections/la_p12_s3.jpg,sections/la_p13_s6.jpg,plain_negative
sections/la_p12_s3.jpg,sections/la_p14_s1.jpg,plain_negative
sections/la_p12_s3.jpg,sections/la_p14_s2.jpg,plain_negative
sections/la_p12_s3.jpg,sections/la_p14_s3.jpg,plain_negative
sections/la_p12_s3.jpg,sections/la_p14_s4.jpg,plain_negative
sections/la_p12_s3.jpg,sections/la_p14_s5.jpg,plain_negative
sections/la_p12_s3.jpg,sections/la_p15_s1.jpg,plain_negative
sections/la_p12_s3.jpg,sections/la_p15_s2.jpg,plain_negative
sections/la_p12_s3.jpg,sections/la_p16_s1.jpg,plain_negative
sections/la_p12_s3.jpg,sections/la_p16_s2.jpg,plain_negative
sections/la_p12_s3.jpg,sections/la_p16_s3.jpg,plain_negative
sections/la_p12_s3.jpg,sections/la_p16_s4.jpg,plain_negative
sections/la_p12_s3.jpg,sections/la_p16_s5.jpg,plain_negative
sections/la_p12_s3.jpg,sections/la_p17_s1.jpg,plain_negative
sections/la_p12_s3.jpg,sections/la_p17_s2.jpg,plain_negative
sections/la_p12_s3.jpg,sections/la_p17_s3.jpg,plain_negative
sections/la_p12_s3.jpg,sections/la_p17_s4.jpg,plain_negative
sections/la_p12_s3.jpg,sections/la_p17_s6.jpg,plain_negative
sections/la_p12_s3.jpg,sections/la_p18_s2.jpg,plain_negative
sections/la_p12_s3.jpg,sections/la_p18_s4.jpg,plain_negative
sections/la_p12_s3.jpg,sections/la_p18_s5.jpg,plain_negative
sections/la_p12_s3.jpg,sections/la_p18_s7.jpg,plain_negative
sections/la_p12_s3.jpg,sections/la_p19_s1.jpg,plain_negative
sections/la_p12_s3.jpg,sections/la_p19_s2.jpg,plain_negative
sections/la_p12_s3.jpg,sections/la_p19_s4.jpg,plain_negative
sections/la_p13_s1.jpg,sections/la_p13_s2.jpg,topic_positive
sections/la_p13_s1.jpg,sections/la_p13_s3.jpg,soft_positive
sections/la_p13_s1.jpg,sections/la_p13_s4.jpg,plain_negative
sections/la_p13_s1.jpg,sections/la_p13_s5.jpg,plain_negative
sections/la_p13_s1.jpg,sections/la_p13_s6.jpg,plain_negative
sections/la_p13_s1.jpg,sections/la_p14_s1.jpg,plain_negative
sections/la_p13_s1.jpg,sections/la_p14_s2.jpg,plain_negative
sections/la_p13_s1.jpg,sections/la_p14_s3.jpg,plain_negative
sections/la_p13_s1.jpg,sections/la_p14_s4.jpg,plain_negative
sections/la_p13_s1.jpg,sections/la_p14_s5.jpg,plain_negative
sections/la_p13_s1.jpg,sections/la_p15_s1.jpg,plain_negative
sections/la_p13_s1.jpg,sections/la_p15_s2.jpg,plain_negative
sections/la_p13_s1.jpg,sections/la_p16_s1.jpg,plain_negative
sections/la_p13_s1.jpg,sections/la_p16_s2.jpg,plain_negative
sections/la_p13_s1.jpg,sections/la_p16_s3.jpg,plain_negative
sections/la_p13_s1.jpg,sections/la_p16_s4.jpg,plain_negative
sections/la_p13_s1.jpg,sections/la_p16_s5.jpg,plain_negative
sections/la_p13_s1.jpg,sections/la_p17_s1.jpg,plain_negative
sections/la_p13_s1.jpg,sections/la_p17_s2.jpg,plain_negative
sections/la_p13_s1.jpg,sections/la_p17_s3.jpg,plain_negative
sections/la_p13_s1.jpg,sections/la_p17_s4.jpg,plain_negative
sections/la_p13_s1.jpg,sections/la_p17_s6.jpg,plain_negative
sections/la_p13_s1.jpg,sections/la_p18_s2.jpg,plain_negative
sections/la_p13_s1.jpg,sections/la_p18_s4.jpg,plain_negative
sections/la_p13_s1.jpg,sections/la_p18_s5.jpg,plain_negative
sections/la_p13_s1.jpg,sections/la_p18_s7.jpg,plain_negative
sections/la_p13_s1.jpg,sections/la_p19_s1.jpg,plain_negative
sections/la_p13_s1.jpg,sections/la_p19_s2.jpg,plain_negative
sections/la_p13_s1.jpg,sections/la_p19_s4.jpg,plain_negative
sections/la_p13_s2.jpg,sections/la_p13_s3.jpg,soft_positive
sections/la_p13_s2.jpg,sections/la_p13_s4.jpg,plain_negative
sections/la_p13_s2.jpg,sections/la_p13_s5.jpg,plain_negative
sections/la_p13_s2.jpg,sections/la_p13_s6.jpg,plain_negative
sections/la_p13_s2.jpg,sections/la_p14_s1.jpg,plain_negative
sections/la_p13_s2.jpg,sections/la_p14_s2.jpg,plain_negative
sections/la_p13_s2.jpg,sections/la_p14_s3.jpg,plain_negative
sections/la_p13_s2.jpg,sections/la_p14_s4.jpg,plain_negative
sections/la_p13_s2.jpg,sections/la_p14_s5.jpg,plain_negative
sections/la_p13_s2.jpg,sections/la_p15_s1.jpg,plain_negative
sections/la_p13_s2.jpg,sections/la_p15_s2.jpg,plain_negative
sections/la_p13_s2.jpg,sections/la_p16_s1.jpg,plain_negative
sections/la_p13_s2.jpg,sections/la_p16_s2.jpg,plain_negative
sections/la_p13_s2.jpg,sections/la_p16_s3.jpg,plain_negative
sections/la_p13_s2.jpg,sections/la_p16_s4.jpg,plain_negative
sections/la_p13_s2.jpg,sections/la_p16_s5.jpg,plain_negative
sections/la_p13_s2.jpg,sections/la_p17_s1.jpg,plain_negative
sections/la_p13_s2.jpg,sections/la_p17_s2.jpg,plain_negative
sections/la_p13_s2.jpg,sections/la_p17_s3.jpg,plain_negative
sections/la_p13_s2.jpg,sections/la_p17_s4.jpg,plain_negative
sections/la_p13_s2.jpg,sections/la_p17_s6.jpg,plain_negative
sections/la_p13_s2.jpg,sections/la_p18_s2.jpg,plain_negative
sections/la_p13_s2.jpg,sections/la_p18_s4.jpg,plain_negative
sections/la_p13_s2.jpg,sections/la_p18_s5.jpg,plain_negative
sections/la_p13_s2.jpg,sections/la_p18_s7.jpg,plain_negative
sections/la_p13_s2.jpg,sections/la_p19_s1.jpg,plain_negative
sections/la_p13_s2.jpg,sections/la_p19_s2.jpg,plain_negative
sections/la_p13_s2.jpg,sections/la_p19_s4.jpg,plain_negative
sections/la_p13_s3.jpg,sections/la_p13_s4.jpg,plain_negative
sections/la_p13_s3.jpg,sections/la_p13_s5.jpg,plain_negative
sections/la_p13_s3.jpg,sections/la_p13_s6.jpg,plain_negative
sections/la_p13_s3.jpg,sections/la_p14_s1.jpg,plain_negative
sections/la_p13_s3.jpg,sections/la_p14_s2.jpg,plain_negative
sections/la_p13_s3.jpg,sections/la_p14_s3.jpg,plain_negative
sections/la_p13_s3.jpg,sections/la_p14_s4.jpg,plain_negative
sections/la_p13_s3.jpg,sections/la_p14_s5.jpg,plain_negative
sections/la_p13_s3.jpg,sections/la_p15_s1.jpg,plain_negative
sections/la_p13_s3.jpg,sections/la_p15_s2.jpg,plain_negative
sections/la_p13_s3.jpg,sections/la_p16_s1.jpg,plain_negative
sections/la_p13_s3.jpg,sections/la_p16_s2.jpg,plain_negative
sections/la_p13_s3.jpg,sections/la_p16_s3.jpg,plain_negative
sections/la_p13_s3.jpg,sections/la_p16_s4.jpg,plain_negative
sections/la_p13_s3.jpg,sections/la_p16_s5.jpg,plain_negative
sections/la_p13_s3.jpg,sections/la_p17_s1.jpg,plain_negative
sections/la_p13_s3.jpg,sections/la_p17_s2.jpg,plain_negative
sections/la_p13_s3.jpg,sections/la_p17_s3.jpg,plain_negative
sections/la_p13_s3.jpg,sections/la_p17_s4.jpg,plain_negative
sections/la_p13_s3.jpg,sections/la_p17_s6.jpg,plain_negative
sections/la_p13_s3.jpg,sections/la_p18_s2.jpg,plain_negative
sections/la_p13_s3.jpg,sections/la_p18_s4.jpg,plain_negative
sections/la_p13_s3.jpg,sections/la_p18_s5.jpg,plain_negative
sections/la_p13_s3.jpg,sections/la_p18_s7.jpg,plain_negative
sections/la_p13_s3.jpg,sections/la_p19_s1.jpg,plain_negative
sections/la_p13_s3.jpg,sections/la_p19_s2.jpg,plain_negative
sections/la_p13_s3.jpg,sections/la_p19_s4.jpg,plain_negative
sections/la_p13_s4.jpg,sections/la_p13_s5.jpg,soft_positive
sections/la_p13_s4.jpg,sections/la_p13_s6.jpg,soft_positive
sections/la_p13_s4.jpg,sections/la_p14_s1.jpg,plain_negative
sections/la_p13_s4.jpg,sections/la_p14_s2.jpg,soft_positive
sections/la_p13_s4.jpg,sections/la_p14_s3.jpg,plain_negative
sections/la_p13_s4.jpg,sections/la_p14_s4.jpg,soft_positive
sections/la_p13_s4.jpg,sections/la_p14_s5.jpg,soft_positive
sections/la_p13_s4.jpg,sections/la_p15_s1.jpg,soft_positive
sections/la_p13_s4.jpg,sections/la_p15_s2.jpg,soft_positive
sections/la_p13_s4.jpg,sections/la_p16_s1.jpg,soft_positive
sections/la_p13_s4.jpg,sections/la_p16_s2.jpg,soft_positive
sections/la_p13_s4.jpg,sections/la_p16_s3.jpg,soft_positive
sections/la_p13_s4.jpg,sections/la_p16_s4.jpg,plain_negative
sections/la_p13_s4.jpg,sections/la_p16_s5.jpg,plain_negative
sections/la_p13_s4.jpg,sections/la_p17_s1.jpg,plain_negative
sections/la_p13_s4.jpg,sections/la_p17_s2.jpg,plain_negative
sections/la_p13_s4.jpg,sections/la_p17_s3.jpg,plain_negative
sections/la_p13_s4.jpg,sections/la_p17_s4.jpg,plain_negative
sections/la_p13_s4.jpg,sections/la_p17_s6.jpg,plain_negative
sections/la_p13_s4.jpg,sections/la_p18_s2.jpg,plain_negative
sections/la_p13_s4.jpg,sections/la_p18_s4.jpg,plain_negative
sections/la_p13_s4.jpg,sections/la_p18_s5.jpg,plain_negative
sections/la_p13_s4.jpg,sections/la_p18_s7.jpg,plain_negative
sections/la_p13_s4.jpg,sections/la_p19_s1.jpg,plain_negative
sections/la_p13_s4.jpg,sections/la_p19_s2.jpg,plain_negative
sections/la_p13_s4.jpg,sections/la_p19_s4.jpg,plain_negative
sections/la_p13_s5.jpg,sections/la_p13_s6.jpg,soft_positive
sections/la_p13_s5.jpg,sections/la_p14_s1.jpg,plain_negative
sections/la_p13_s5.jpg,sections/la_p14_s2.jpg,soft_positive
sections/la_p13_s5.jpg,sections/la_p14_s3.jpg,plain_negative
sections/la_p13_s5.jpg,sections/la_p14_s4.jpg,topic_positive
sections/la_p13_s5.jpg,sections/la_p14_s5.jpg,soft_positive
sections/la_p13_s5.jpg,sections/la_p15_s1.jpg,soft_positive
sections/la_p13_s5.jpg,sections/la_p15_s2.jpg,soft_positive
sections/la_p13_s5.jpg,sections/la_p16_s1.jpg,soft_positive
sections/la_p13_s5.jpg,sections/la_p16_s2.jpg,soft_positive
sections/la_p13_s5.jpg,sections/la_p16_s3.jpg,soft_positive
sections/la_p13_s5.jpg,sections/la_p16_s4.jpg,plain_negative
sections/la_p13_s5.jpg,sections/la_p16_s5.jpg,plain_negative
sections/la_p13_s5.jpg,sections/la_p17_s1.jpg,plain_negative
sections/la_p13_s5.jpg,sections/la_p17_s2.jpg,plain_negative
sections/la_p13_s5.jpg,sections/la_p17_s3.jpg,plain_negative
sections/la_p13_s5.jpg,sections/la_p17_s4.jpg,plain_negative
sections/la_p13_s5.jpg,sections/la_p17_s6.jpg,plain_negative
sections/la_p13_s5.jpg,sections/la_p18_s2.jpg,plain_negative
sections/la_p13_s5.jpg,sections/la_p18_s4.jpg,plain_negative
sections/la_p13_s5.jpg,sections/la_p18_s5.jpg,plain_negative
sections/la_p13_s5.jpg,sections/la_p18_s7.jpg,plain_negative
sections/la_p13_s5.jpg,sections/la_p19_s1.jpg,plain_negative
sections/la_p13_s5.jpg,sections/la_p19_s2.jpg,plain_negative
sections/la_p13_s5.jpg,sections/la_p19_s4.jpg,plain_negative
sections/la_p13_s6.jpg,sections/la_p14_s1.jpg,plain_negative
sections/la_p13_s6.jpg,sections/la_p14_s2.jpg,soft_positive
sections/la_p13_s6.jpg,sections/la_p14_s3.jpg,plain_negative
sections/la_p13_s6.jpg,sections/la_p14_s4.jpg,soft_positive
sections/la_p13_s6.jpg,sections/la_p14_s5.jpg,soft_positive
sections/la_p13_s6.jpg,sections/la_p15_s1.jpg,soft_positive
sections/la_p13_s6.jpg,sections/la_p15_s2.jpg,soft_positive
sections/la_p13_s6.jpg,sections/la_p16_s1.jpg,soft_positive
sections/la_p13_s6.jpg,sections/la_p16_s2.jpg,soft_positive
sections/la_p13_s6.jpg,sections/la_p16_s3.jpg,soft_positive
sections/la_p13_s6.jpg,sections/la_p16_s4.jpg,plain_negative
sections/la_p13_s6.jpg,sections/la_p16_s5.jpg,plain_negative
sections/la_p13_s6.jpg,sections/la_p17_s1.jpg,plain_negative
sections/la_p13_s6.jpg,sections/la_p17_s2.jpg,plain_negative
sections/la_p13_s6.jpg,sections/la_p17_s3.jpg,plain_negative
sections/la_p13_s6.jpg,sections/la_p17_s4.jpg,plain_negative
sections/la_p13_s6.jpg,sections/la_p17_s6.jpg,plain_negative
sections/la_p13_s6.jpg,sections/la_p18_s2.jpg,plain_negative
sections/la_p13_s6.jpg,sections/la_p18_s4.jpg,plain_negative
sections/la_p13_s6.jpg,sections/la_p18_s5.jpg,plain_negative
sections/la_p13_s6.jpg,sections/la_p18_s7.jpg,plain_negative
sections/la_p13_s6.jpg,sections/la_p19_s1.jpg,plain_negative
sections/la_p13_s6.jpg,sections/la_p19_s2.jpg,plain_negative
sections/la_p13_s6.jpg,sections/la_p19_s4.jpg,plain_negative
sections/la_p14_s1.jpg,sections/la_p14_s2.jpg,plain_negative
sections/la_p14_s1.jpg,sections/la_p14_s3.jpg,topic_positive
sections/la_p14_s1.jpg,sections/la_p14_s4.jpg,plain_negative
sections/la_p14_s1.jpg,sections/la_p14_s5.jpg,plain_negative
sections/la_p14_s1.jpg,sections/la_p15_s1.jpg,plain_negative
sections/la_p14_s1.jpg,sections/la_p15_s2.jpg,plain_negative
sections/la_p14_s1.jpg,sections/la_p16_s1.jpg,plain_negative
sections/la_p14_s1.jpg,sections/la_p16_s2.jpg,plain_negative
sections/la_p14_s1.jpg,sections/la_p16_s3.jpg,plain_negative
sections/la_p14_s1.jpg,sections/la_p16_s4.jpg,plain_negative
sections/la_p14_s1.jpg,sections/la_p16_s5.jpg,plain_negative
sections/la_p14_s1.jpg,sections/la_p17_s1.jpg,plain_negative
sections/la_p14_s1.jpg,sections/la_p17_s2.jpg,plain_negative
sections/la_p14_s1.jpg,sections/la_p17_s3.jpg,plain_negative
sections/la_p14_s1.jpg,sections/la_p17_s4.jpg,plain_negative
sections/la_p14_s1.jpg,sections/la_p17_s6.jpg,plain_negative
sections/la_p14_s1.jpg,sections/la_p18_s2.jpg,plain_negative
sections/la_p14_s1.jpg,sections/la_p18_s4.jpg,plain_negative
sections/la_p14_s1.jpg,sections/la_p18_s5.jpg,plain_negative
sections/la_p14_s1.jpg,sections/la_p18_s7.jpg,plain_negative
sections/la_p14_s1.jpg,sections/la_p19_s1.jpg,plain_negative
sections/la_p14_s1.jpg,sections/la_p19_s2.jpg,plain_negative
sections/la_p14_s1.jpg,sections/la_p19_s4.jpg,plain_negative
sections/la_p14_s2.jpg,sections/la_p14_s3.jpg,plain_negative
sections/la_p14_s2.jpg,sections/la_p14_s4.jpg,soft_positive
sections/la_p14_s2.jpg,sections/la_p14_s5.jpg,soft_positive
sections/la_p14_s2.jpg,sections/la_p15_s1.jpg,soft_positive
sections/la_p14_s2.jpg,sections/la_p15_s2.jpg,soft_positive
sections/la_p14_s2.jpg,sections/la_p16_s1.jpg,soft_positive
sections/la_p14_s2.jpg,sections/la_p16_s2.jpg,soft_positive
sections/la_p14_s2.jpg,sections/la_p16_s3.jpg,soft_positive
sections/la_p14_s2.jpg,sections/la_p16_s4.jpg,plain_negative
sections/la_p14_s2.jpg,sections/la_p16_s5.jpg,plain_negative
sections/la_p14_s2.jpg,sections/la_p17_s1.jpg,plain_negative
sections/la_p14_s2.jpg,sections/la_p17_s2.jpg,plain_negative
sections/la_p14_s2.jpg,sections/la_p17_s3.jpg,plain_negative
sections/la_p14_s2.jpg,sections/la_p17_s4.jpg,plain_negative
sections/la_p14_s2.jpg,sections/la_p17_s6.jpg,plain_negative
sections/la_p14_s2.jpg,sections/la_p18_s2.jpg,plain_negative
sections/la_p14_s2.jpg,sections/la_p18_s4.jpg,plain_negative
sections/la_p14_s2.jpg,sections/la_p18_s5.jpg,plain_negative
sections/la_p14_s2.jpg,sections/la_p18_s7.jpg,plain_negative
sections/la_p14_s2.jpg,sections/la_p19_s1.jpg,plain_negative
sections/la_p14_s2.jpg,sections/la_p19_s2.jpg,plain_negative
sections/la_p14_s2.jpg,sections/la_p19_s4.jpg,plain_negative
sections/la_p14_s3.jpg,sections/la_p14_s4.jpg,plain_negative
sections/la_p14_s3.jpg,sections/la_p14_s5.jpg,plain_negative
sections/la_p14_s3.jpg,sections/la_p15_s1.jpg,plain_negative
sections/la_p14_s3.jpg,sections/la_p15_s2.jpg,plain_negative
sections/la_p14_s3.jpg,sections/la_p16_s1.jpg,plain_negative
sections/la_p14_s3.jpg,sections/la_p16_s2.jpg,plain_negative
sections/la_p14_s3.jpg,sections/la_p16_s3.jpg,plain_negative
sections/la_p14_s3.jpg,sections/la_p16_s4.jpg,plain_negative
sections/la_p14_s3.jpg,sections/la_p16_s5.jpg,plain_negative
sections/la_p14_s3.jpg,sections/la_p17_s1.jpg,plain_negative
sections/la_p14_s3.jpg,sections/la_p17_s2.jpg,plain_negative
sections/la_p14_s3.jpg,sections/la_p17_s3.jpg,plain_negative
sections/la_p14_s3.jpg,sections/la_p17_s4.jpg,plain_negative
sections/la_p14_s3.jpg,sections/la_p17_s6.jpg,plain_negative
sections/la_p14_s3.jpg,sections/la_p18_s2.jpg,plain_negative
sections/la_p14_s3.jpg,sections/la_p18_s4.jpg,plain_negative
sections/la_p14_s3.jpg,sections/la_p18_s5.jpg,plain_negative
sections/la_p14_s3.jpg,sections/la_p18_s7.jpg,plain_negative
sections/la_p14_s3.jpg,sections/la_p19_s1.jpg,plain_negative
sections/la_p14_s3.jpg,sections/la_p19_s2.jpg,plain_negative
sections/la_p14_s3.jpg,sections/la_p19_s4.jpg,plain_negative
sections/la_p14_s4.jpg,sections/la_p14_s5.jpg,soft_positive
sections/la_p14_s4.jpg,sections/la_p15_s1.jpg,soft_positive
sections/la_p14_s4.jpg,sections/la_p15_s2.jpg,soft_positive
sections/la_p14_s4.jpg,sections/la_p16_s1.jpg,soft_positive
sections/la_p14_s4.jpg,sections/la_p16_s2.jpg,soft_positive
sections/la_p14_s4.jpg,sections/la_p16_s3.jpg,soft_positive
sections/la_p14_s4.jpg,sections/la_p16_s4.jpg,plain_negative
sections/la_p14_s4.jpg,sections/la_p16_s5.jpg,plain_negative
sections/la_p14_s4.jpg,sections/la_p17_s1.jpg,plain_negative
sections/la_p14_s4.jpg,sections/la_p17_s2.jpg,plain_negative
sections/la_p14_s4.jpg,sections/la_p17_s3.jpg,plain_negative
sections/la_p14_s4.jpg,sections/la_p17_s4.jpg,plain_negative
sections/la_p14_s4.jpg,sections/la_p17_s6.jpg,plain_negative
sections/la_p14_s4.jpg,sections/la_p18_s2.jpg,plain_negative
sections/la_p14_s4.jpg,sections/la_p18_s4.jpg,plain_negative
sections/la_p14_s4.jpg,sections/la_p18_s5.jpg,plain_negative
sections/la_p14_s4.jpg,sections/la_p18_s7.jpg,plain_negative
sections/la_p14_s4.jpg,sections/la_p19_s1.jpg,plain_negative
sections/la_p14_s4.jpg,sections/la_p19_s2.jpg,plain_negative
sections/la_p14_s4.jpg,sections/la_p19_s4.jpg,plain_negative
sections/la_p14_s5.jpg,sections/la_p15_s1.jpg,soft_positive
sections/la_p14_s5.jpg,sections/la_p15_s2.jpg,soft_positive
sections/la_p14_s5.jpg,sections/la_p16_s1.jpg,soft_positive
sections/la_p14_s5.jpg,sections/la_p16_s2.jpg,soft_positive
sections/la_p14_s5.jpg,sections/la_p16_s3.jpg,soft_positive
sections/la_p14_s5.jpg,sections/la_p16_s4.jpg,plain_negative
sections/la_p14_s5.jpg,sections/la_p16_s5.jpg,plain_negative
sections/la_p14_s5.jpg,sections/la_p17_s1.jpg,plain_negative
sections/la_p14_s5.jpg,sections/la_p17_s2.jpg,plain_negative
sections/la_p14_s5.jpg,sections/la_p17_s3.jpg,plain_negative
sections/la_p14_s5.jpg,sections/la_p17_s4.jpg,plain_negative
sections/la_p14_s5.jpg,sections/la_p17_s6.jpg,plain_negative
sections/la_p14_s5.jpg,sections/la_p18_s2.jpg,plain_negative
sections/la_p14_s5.jpg,sections/la_p18_s4.jpg,plain_negative
sections/la_p14_s5.jpg,sections/la_p18_s5.jpg,plain_negative
sections/la_p14_s5.jpg,sections/la_p18_s7.jpg,plain_negative
sections/la_p14_s5.jpg,sections/la_p19_s1.jpg,plain_negative
sections/la_p14_s5.jpg,sections/la_p19_s2.jpg,plain_negative
sections/la_p14_s5.jpg,sections/la_p19_s4.jpg,plain_negative
sections/la_p15_s1.jpg,sections/la_p15_s2.jpg,soft_positive
sections/la_p15_s1.jpg,sections/la_p16_s1.jpg,soft_positive
sections/la_p15_s1.jpg,sections/la_p16_s2.jpg,soft_positive
sections/la_p15_s1.jpg,sections/la_p16_s3.jpg,soft_positive
sections/la_p15_s1.jpg,sections/la_p16_s4.jpg,plain_negative
sections/la_p15_s1.jpg,sections/la_p16_s5.jpg,plain_negative
sections/la_p15_s1.jpg,sections/la_p17_s1.jpg,plain_negative
sections/la_p15_s1.jpg,sections/la_p17_s2.jpg,plain_negative
sections/la_p15_s1.jpg,sections/la_p17_s3.jpg,plain_negative
sections/la_p15_s1.jpg,sections/la_p17_s4.jpg,plain_negative
sections/la_p15_s1.jpg,sections/la_p17_s6.jpg,plain_negative
sections/la_p15_s1.jpg,sections/la_p18_s2.jpg,plain_negative
sections/la_p15_s1.jpg,sections/la_p18_s4.jpg,plain_negative
sections/la_p15_s1.jpg,sections/la_p18_s5.jpg,plain_negative
sections/la_p15_s1.jpg,sections/la_p18_s7.jpg,plain_negative
sections/la_p15_s1.jpg,sections/la_p19_s1.jpg,plain_negative
sections/la_p15_s1.jpg,sections/la_p19_s2.jpg,plain_negative
sections/la_p15_s1.jpg,sections/la_p19_s4.jpg,plain_negative
sections/la_p15_s2.jpg,sections/la_p16_s1.jpg,soft_positive
sections/la_p15_s2.jpg,sections/la_p16_s2.jpg,soft_positive
sections/la_p15_s2.jpg,sections/la_p16_s3.jpg,soft_positive
sections/la_p15_s2.jpg,sections/la_p16_s4.jpg,plain_negative
sections/la_p15_s2.jpg,sections/la_p16_s5.jpg,plain_negative
sections/la_p15_s2.jpg,sections/la_p17_s1.jpg,plain_negative
sections/la_p15_s2.jpg,sections/la_p17_s2.jpg,plain_negative
sections/la_p15_s2.jpg,sections/la_p17_s3.jpg,plain_negative
sections/la_p15_s2.jpg,sections/la_p17_s4.jpg,plain_negative
sections/la_p15_s2.jpg,sections/la_p17_s6.jpg,plain_negative
sections/la_p15_s2.jpg,sections/la_p18_s2.jpg,plain_negative
sections/la_p15_s2.jpg,sections/la_p18_s4.jpg,plain_negative
sections/la_p15_s2.jpg,sections/la_p18_s5.jpg,plain_negative
sections/la_p15_s2.jpg,sections/la_p18_s7.jpg,plain_negative
sections/la_p15_s2.jpg,sections/la_p19_s1.jpg,plain_negative
sections/la_p15_s2.jpg,sections/la_p19_s2.jpg,plain_negative
sections/la_p15_s2.jpg,sections/la_p19_s4.jpg,plain_negative
sections/la_p16_s1.jpg,sections/la_p16_s2.jpg,soft_positive
sections/la_p16_s1.jpg,sections/la_p16_s3.jpg,soft_positive
sections/la_p16_s1.jpg,sections/la_p16_s4.jpg,plain_negative
sections/la_p16_s1.jpg,sections/la_p16_s5.jpg,plain_negative
sections/la_p16_s1.jpg,sections/la_p17_s1.jpg,plain_negative
sections/la_p16_s1.jpg,sections/la_p17_s2.jpg,plain_negative
sections/la_p16_s1.jpg,sections/la_p17_s3.jpg,plain_negative
sections/la_p16_s1.jpg,sections/la_p17_s4.jpg,plain_negative
sections/la_p16_s1.jpg,sections/la_p17_s6.jpg,plain_negative
sections/la_p16_s1.jpg,sections/la_p18_s2.jpg,plain_negative
sections/la_p16_s1.jpg,sections/la_p18_s4.jpg,plain_negative
sections/la_p16_s1.jpg,sections/la_p18_s5.jpg,plain_negative
sections/la_p16_s1.jpg,sections/la_p18_s7.jpg,plain_negative
sections/la_p16_s1.jpg,sections/la_p19_s1.jpg,plain_negative
sections/la_p16_s1.jpg,sections/la_p19_s2.jpg,plain_negative
sections/la_p16_s1.jpg,sections/la_p19_s4.jpg,plain_negative
sections/la_p16_s2.jpg,sections/la_p16_s3.jpg,topic_positive
sections/la_p16_s2.jpg,sections/la_p16_s4.jpg,plain_negative
sections/la_p16_s2.jpg,sections/la_p16_s5.jpg,plain_negative
sections/la_p16_s2.jpg,sections/la_p17_s1.jpg,plain_negative
sections/la_p16_s2.jpg,sections/la_p17_s2.jpg,plain_negative
sections/la_p16_s2.jpg,sections/la_p17_s3.jpg,plain_negative
sections/la_p16_s2.jpg,sections/la_p17_s4.jpg,plain_negative
sections/la_p16_s2.jpg,sections/la_p17_s6.jpg,plain_negative
sections/la_p16_s2.jpg,sections/la_p18_s2.jpg,plain_negative
sections/la_p16_s2.jpg,sections/la_p18_s4.jpg,plain_negative
sections/la_p16_s2.jpg,sections/la_p18_s5.jpg,plain_negative
sections/la_p16_s2.jpg,sections/la_p18_s7.jpg,plain_negative
sections/la_p16_s2.jpg,sections/la_p19_s1.jpg,plain_negative
sections/la_p16_s2.jpg,sections/la_p19_s2.jpg,plain_negative
sections/la_p16_s2.jpg,sections/la_p19_s4.jpg,plain_negative
sections/la_p16_s3.jpg,sections/la_p16_s4.jpg,plain_negative
sections/la_p16_s3.jpg,sections/la_p16_s5.jpg,plain_negative
sections/la_p16_s3.jpg,sections/la_p17_s1.jpg,plain_negative
sections/la_p16_s3.jpg,sections/la_p17_s2.jpg,plain_negative
sections/la_p16_s3.jpg,sections/la_p17_s3.jpg,plain_negative
sections/la_p16_s3.jpg,sections/la_p17_s4.jpg,plain_negative
sections/la_p16_s3.jpg,sections/la_p17_s6.jpg,plain_negative
sections/la_p16_s3.jpg,sections/la_p18_s2.jpg,plain_negative
sections/la_p16_s3.jpg,sections/la_p18_s4.jpg,plain_negative
sections/la_p16_s3.jpg,sections/la_p18_s5.jpg,plain_negative
sections/la_p16_s3.jpg,sections/la_p18_s7.jpg,plain_negative
sections/la_p16_s3.jpg,sections/la_p19_s1.jpg,plain_negative
sections/la_p16_s3.jpg,sections/la_p19_s2.jpg,plain_negative
sections/la_p16_s3.jpg,sections/la_p19_s4.jpg,plain_negative
sections/la_p16_s4.jpg,sections/la_p16_s5.jpg,topic_positive
sections/la_p16_s4.jpg,sections/la_p17_s1.jpg,hard_negative
sections/la_p16_s4.jpg,sections/la_p17_s2.jpg,hard_negative
sections/la_p16_s4.jpg,sections/la_p17_s3.jpg,hard_negative
sections/la_p16_s4.jpg,sections/la_p17_s4.jpg,hard_negative
sections/la_p16_s4.jpg,sections/la_p17_s6.jpg,hard_negative
sections/la_p16_s4.jpg,sections/la_p18_s2.jpg,hard_negative
sections/la_p16_s4.jpg,sections/la_p18_s4.jpg,hard_negative
sections/la_p16_s4.jpg,sections/la_p18_s5.jpg,hard_negative
sections/la_p16_s4.jpg,sections/la_p18_s7.jpg,plain_negative
sections/la_p16_s4.jpg,sections/la_p19_s1.jpg,hard_negative
sections/la_p16_s4.jpg,sections/la_p19_s2.jpg,hard_negative
sections/la_p16_s4.jpg,sections/la_p19_s4.jpg,hard_negative
sections/la_p16_s5.jpg,sections/la_p17_s1.jpg,hard_negative
sections/la_p16_s5.jpg,sections/la_p17_s2.jpg,hard_negative
sections/la_p16_s5.jpg,sections/la_p17_s3.jpg,hard_negative
sections/la_p16_s5.jpg,sections/la_p17_s4.jpg,hard_negative
sections/la_p16_s5.jpg,sections/la_p17_s6.jpg,hard_negative
sections/la_p16_s5.jpg,sections/la_p18_s2.jpg,hard_negative
sections/la_p16_s5.jpg,sections/la_p18_s4.jpg,hard_negative
sections/la_p16_s5.jpg,sections/la_p18_s5.jpg,hard_negative
sections/la_p16_s5.jpg,sections/la_p18_s7.jpg,plain_negative
sections/la_p16_s5.jpg,sections/la_p19_s1.jpg,hard_negative
sections/la_p16_s5.jpg,sections/la_p19_s2.jpg,hard_negative
sections/la_p16_s5.jpg,sections/la_p19_s4.jpg,hard_negative
sections/la_p17_s1.jpg,sections/la_p17_s2.jpg,soft_positive
sections/la_p17_s1.jpg,sections/la_p17_s3.jpg,soft_positive
sections/la_p17_s1.jpg,sections/la_p17_s4.jpg,soft_positive
sections/la_p17_s1.jpg,sections/la_p17_s6.jpg,soft_positive
sections/la_p17_s1.jpg,sections/la_p18_s2.jpg,soft_positive
sections/la_p17_s1.jpg,sections/la_p18_s4.jpg,soft_positive
sections/la_p17_s1.jpg,sections/la_p18_s5.jpg,hard_negative
sections/la_p17_s1.jpg,sections/la_p18_s7.jpg,plain_negative
sections/la_p17_s1.jpg,sections/la_p19_s1.jpg,plain_negative
sections/la_p17_s1.jpg,sections/la_p19_s2.jpg,hard_negative
sections/la_p17_s1.jpg,sections/la_p19_s4.jpg,plain_negative
sections/la_p17_s2.jpg,sections/la_p17_s3.jpg,soft_positive
sections/la_p17_s2.jpg,sections/la_p17_s4.jpg,soft_positive
sections/la_p17_s2.jpg,sections/la_p17_s6.jpg,soft_positive
sections/la_p17_s2.jpg,sections/la_p18_s2.jpg,soft_positive
sections/la_p17_s2.jpg,sections/la_p18_s4.jpg,soft_positive
sections/la_p17_s2.jpg,sections/la_p18_s5.jpg,hard_negative
sections/la_p17_s2.jpg,sections/la_p18_s7.jpg,plain_negative
sections/la_p17_s2.jpg,sections/la_p19_s1.jpg,plain_negative
sections/la_p17_s2.jpg,sections/la_p19_s2.jpg,hard_negative
sections/la_p17_s2.jpg,sections/la_p19_s4.jpg,plain_negative
sections/la_p17_s3.jpg,sections/la_p17_s4.jpg,soft_positive
sections/la_p17_s3.jpg,sections/la_p17_s6.jpg,soft_positive
sections/la_p17_s3.jpg,sections/la_p18_s2.jpg,soft_positive
sections/la_p17_s3.jpg,sections/la_p18_s4.jpg,soft_positive
sections/la_p17_s3.jpg,sections/la_p18_s5.jpg,hard_negative
sections/la_p17_s3.jpg,sections/la_p18_s7.jpg,plain_negative
sections/la_p17_s3.jpg,sections/la_p19_s1.jpg,plain_negative
sections/la_p17_s3.jpg,sections/la_p19_s2.jpg,hard_negative
sections/la_p17_s3.jpg,sections/la_p19_s4.jpg,plain_negative
sections/la_p17_s4.jpg,sections/la_p17_s6.jpg,topic_positive
sections/la_p17_s4.jpg,sections/la_p18_s2.jpg,soft_positive
sections/la_p17_s4.jpg,sections/la_p18_s4.jpg,soft_positive
sections/la_p17_s4.jpg,sections/la_p18_s5.jpg,hard_negative
sections/la_p17_s4.jpg,sections/la_p18_s7.jpg,plain_negative
sections/la_p17_s4.jpg,sections/la_p19_s1.jpg,plain_negative
sections/la_p17_s4.jpg,sections/la_p19_s2.jpg,hard_negative
sections/la_p17_s4.jpg,sections/la_p19_s4.jpg,plain_negative
sections/la_p17_s6.jpg,sections/la_p18_s2.jpg,soft_positive
sections/la_p17_s6.jpg,sections/la_p18_s4.jpg,soft_positive
sections/la_p17_s6.jpg,sections/la_p18_s5.jpg,hard_negative
sections/la_p17_s6.jpg,sections/la_p18_s7.jpg,plain_negative
sections/la_p17_s6.jpg,sections/la_p19_s1.jpg,plain_negative
sections/la_p17_s6.jpg,sections/la_p19_s2.jpg,hard_negative
sections/la_p17_s6.jpg,sections/la_p19_s4.jpg,plain_negative
sections/la_p18_s2.jpg,sections/la_p18_s4.jpg,soft_positive
sections/la_p18_s2.jpg,sections/la_p18_s5.jpg,hard_negative
sections/la_p18_s2.jpg,sections/la_p18_s7.jpg,plain_negative
sections/la_p18_s2.jpg,sections/la_p19_s1.jpg,plain_negative
sections/la_p18_s2.jpg,sections/la_p19_s2.jpg,hard_negative
sections/la_p18_s2.jpg,sections/la_p19_s4.jpg,plain_negative
sections/la_p18_s4.jpg,sections/la_p18_s5.jpg,hard_negative
sections/la_p18_s4.jpg,sections/la_p18_s7.jpg,plain_negative
sections/la_p18_s4.jpg,sections/la_p19_s1.jpg,plain_negative
sections/la_p18_s4.jpg,sections/la_p19_s2.jpg,hard_negative
sections/la_p18_s4.jpg,sections/la_p19_s4.jpg,plain_negative
sections/la_p18_s5.jpg,sections/la_p18_s7.jpg,plain_negative
sections/la_p18_s5.jpg,sections/la_p19_s1.jpg,hard_negative
sections/la_p18_s5.jpg,sections/la_p19_s2.jpg,hard_negative
sections/la_p18_s5.jpg,sections/la_p19_s4.jpg,hard_negative
sections/la_p18_s7.jpg,sections/la_p19_s1.jpg,plain_negative
sections/la_p18_s7.jpg,sections/la_p19_s2.jpg,plain_negative
sections/la_p18_s7.jpg,sections/la_p19_s4.jpg,plain_negative
sections/la_p19_s1.jpg,sections/la_p19_s2.jpg,soft_positive
sections/la_p19_s1.jpg,sections/la_p19_s4.jpg,soft_positive
sections/la_p19_s2.jpg,sections/la_p19_s4.jpg,soft_positive
